p1_hp,p2_hp,distancia,p1_last1_atk,p1_last1_def,p1_last1_grb,p1_last2_atk,p1_last2_def,p1_last2_grb,p2_last1_action,y_target
0.405813128,0.524686754,0.638144553,0,1,0,1,0,0,1.0,2
0.953178585,0.759409428,0.459292442,0,1,0,0,1,0,0.5,2
0.74539423,0.584533453,0.96449852,0,0,1,0,0,1,0.0,1
0.618725538,0.129137456,0.21897845,0,1,0,0,1,0,1.0,1
0.198217705,0.226301223,0.587856412,1,0,0,0,1,0,1.0,2
0.198194787,0.258361787,0.700210035,0,1,0,1,0,0,1.0,2
0.105179429,0.294971049,0.825564504,0,1,0,1,0,0,0.0,2
0.872867346,0.587133229,0.406971037,1,0,0,0,1,0,0.0,0
0.621059239,0.528767467,0.686921895,1,0,0,0,0,1,0.5,0
0.722668946,0.243002042,0.303201467,1,0,0,1,0,0,1.0,1
0.0695552677,0.1141771,0.435476094,1,0,0,0,1,0,0.5,2
0.971414387,0.212860599,0.895627141,1,0,0,0,0,1,0.0,1
0.840820491,0.985162258,0.949907601,1,0,0,0,0,1,0.0,0
0.251722157,0.495119601,0.718817353,0,0,1,0,1,0,0.5,1
0.222733721,0.873978257,0.374351889,0,1,0,0,1,0,0.0,2
0.224234283,0.856314838,0.820057809,0,0,1,0,0,1,1.0,2
0.339030117,0.535943568,0.0258670822,0,0,1,0,0,1,0.0,2
0.548518598,0.721353352,0.102745913,1,0,0,0,1,0,0.0,1
0.460347772,0.233114406,0.661373734,0,1,0,0,1,0,0.5,1
0.326667696,0.70397687,0.29124859,0,0,1,0,0,1,0.0,0
0.631260276,0.308765352,0.951386213,0,1,0,1,0,0,0.0,1
0.182519168,0.840458989,0.436060607,0,1,0,0,0,1,0.5,2
0.327537417,0.129537925,0.42936483,1,0,0,0,0,1,1.0,1
0.398043752,0.784481764,0.678079486,0,1,0,0,0,1,0.5,1
0.483266473,0.144940063,0.767568588,0,0,1,0,0,1,1.0,2
0.795917153,0.887129784,0.475558728,0,0,1,1,0,0,1.0,2
0.239690095,0.338994294,0.214000896,1,0,0,0,1,0,0.5,2
0.53852272,0.671673715,0.773308635,0,0,1,0,0,1,0.5,1
0.612793863,0.513127148,0.320351273,1,0,0,0,1,0,0.5,1
0.0941278934,0.397987992,0.175110772,0,0,1,0,1,0,0.0,2
0.627167583,0.663169742,0.631640196,0,0,1,0,1,0,1.0,1
0.211997911,0.950146854,0.0904536694,1,0,0,0,0,1,1.0,2
0.111799017,0.0892062634,0.971352696,0,1,0,0,0,1,1.0,1
0.951441288,0.922910213,0.632397294,1,0,0,0,0,1,0.5,0
0.967350423,0.628627598,0.985895514,0,1,0,1,0,0,1.0,1
0.817977488,0.816948593,0.338893414,0,1,0,0,1,0,1.0,0
0.339383096,0.414681196,0.971205175,1,0,0,1,0,0,1.0,1
0.142788514,0.498250812,0.145562246,1,0,0,1,0,0,1.0,2
0.700021386,0.875408232,0.0406947732,1,0,0,0,0,1,0.5,0
0.468144864,0.444105566,0.0329840593,0,1,0,0,1,0,0.0,1
0.165936321,0.557926595,0.464870363,0,1,0,0,1,0,0.0,1
0.520418048,0.069185175,0.083004199,0,1,0,0,0,1,0.5,0
0.0826690942,0.200668111,0.512167871,0,1,0,0,0,1,0.0,0
0.913854361,0.659602165,0.327500492,1,0,0,1,0,0,1.0,1
0.295840979,0.731128037,0.335628986,1,0,0,0,0,1,0.0,0
0.679396152,0.603470862,0.635608971,0,1,0,1,0,0,0.0,2
0.346125513,0.186144531,0.163098007,0,0,1,0,1,0,1.0,2
0.544064641,0.473135144,0.766553342,1,0,0,1,0,0,1.0,2
0.56937474,0.387340039,0.582030892,0,0,1,0,0,1,1.0,2
0.225611731,0.520878255,0.914944649,0,0,1,0,1,0,0.5,2
0.971105397,0.876812577,0.364840657,0,0,1,1,0,0,0.0,0
0.786376178,0.787068367,0.982715011,0,1,0,1,0,0,0.5,1
0.942524016,0.129790023,0.575827658,1,0,0,0,1,0,0.5,0
0.900085986,0.895793736,0.973401964,0,0,1,1,0,0,1.0,2
0.618004978,0.49817878,0.027060654,0,1,0,1,0,0,0.0,2
0.925780535,0.756669044,0.727976322,1,0,0,1,0,0,0.5,1
0.134067878,0.183037266,0.816621542,0,1,0,0,0,1,1.0,2
0.236183718,0.687183559,0.053173285,1,0,0,0,0,1,0.5,2
0.0929659232,0.274509728,0.578969657,1,0,0,0,0,1,0.0,2
0.359063804,0.466461867,0.801942289,0,1,0,1,0,0,1.0,1
0.419243425,0.0660197288,0.561038733,0,0,1,0,1,0,0.5,1
0.307781577,0.194030106,0.0638135895,1,0,0,1,0,0,0.0,1
0.837300658,0.137476474,0.693447232,1,0,0,1,0,0,0.0,1
0.388915658,0.277756959,0.0605969131,0,0,1,0,0,1,0.5,0
0.316887796,0.145017192,0.817468882,1,0,0,0,0,1,0.0,1
0.565561295,0.707314551,0.0430341847,0,0,1,1,0,0,1.0,1
0.183878019,0.07758791,0.137397379,1,0,0,0,0,1,1.0,1
0.812087119,0.636853456,0.275107592,0,0,1,1,0,0,1.0,0
0.120823115,0.183672443,0.633364797,1,0,0,0,0,1,1.0,1
0.98754257,0.947903395,0.976359129,1,0,0,1,0,0,0.5,1
0.783632517,0.936439395,0.117822856,1,0,0,1,0,0,0.5,1
0.238779902,0.264227957,0.142707676,0,0,1,0,1,0,0.0,2
0.0552460104,0.633700252,0.368870407,1,0,0,0,0,1,0.0,0
0.824688375,0.0766050518,0.836219132,0,1,0,0,1,0,0.0,1
0.721514463,0.935199142,0.467230946,0,1,0,0,0,1,1.0,0
0.74255681,0.546837926,0.3216106,0,1,0,0,0,1,0.5,2
0.782706857,0.0910619944,0.561203837,1,0,0,0,0,1,0.5,2
0.120342419,0.375375003,0.2605232,0,0,1,0,1,0,0.0,2
0.390542448,0.123006992,0.401159912,0,0,1,0,0,1,0.5,0
0.160075605,0.423297226,0.332605153,1,0,0,1,0,0,0.5,2
0.869948268,0.686430037,0.804141045,0,1,0,1,0,0,0.0,2
0.642133236,0.496395409,0.924255729,0,0,1,0,0,1,0.5,1
0.36435312,0.414536059,0.759572208,1,0,0,0,0,1,1.0,2
0.110380433,0.163199186,0.439083576,0,0,1,0,0,1,0.5,2
0.345433205,0.282692105,0.504334986,0,1,0,0,0,1,1.0,1
0.35892415,0.145136118,0.125073701,0,1,0,0,0,1,1.0,1
0.743125856,0.817123771,0.746864736,0,0,1,0,0,1,0.0,0
0.655679584,0.178477839,0.596475661,1,0,0,0,1,0,0.0,2
0.892852128,0.615604699,0.902440012,1,0,0,1,0,0,0.0,1
0.498604178,0.375603408,0.200611144,0,0,1,0,0,1,0.5,2
0.163614526,0.264679462,0.759726107,0,1,0,0,1,0,0.0,2
0.727582574,0.657495022,0.68467164,1,0,0,0,1,0,1.0,1
0.772745788,0.484152198,0.265845537,0,0,1,0,0,1,0.0,2
0.583213329,0.430138201,0.667378664,0,0,1,0,1,0,1.0,1
0.782418847,0.613209426,0.924373388,0,1,0,1,0,0,1.0,0
0.519105792,0.516704261,0.918435991,0,1,0,0,0,1,0.5,2
0.546596169,0.338310003,0.719626546,1,0,0,0,0,1,1.0,1
0.456163973,0.581108212,0.048073113,1,0,0,1,0,0,0.5,0
0.0741481707,0.686023653,0.872264326,1,0,0,0,1,0,0.5,2
0.152496859,0.0753585026,0.657778621,0,1,0,0,0,1,0.0,2
0.0798577294,0.492578149,0.310434252,0,0,1,1,0,0,0.5,2
0.654589891,0.104799122,0.187250361,1,0,0,1,0,0,1.0,0
0.348638177,0.227085143,0.116203859,1,0,0,0,0,1,1.0,1
0.533142149,0.582483292,0.0502368994,1,0,0,1,0,0,1.0,1
0.912188172,0.872879446,0.754103243,0,0,1,0,0,1,1.0,1
0.286827624,0.888665378,0.235843003,1,0,0,0,1,0,1.0,0
0.439863771,0.116446808,0.0242529362,1,0,0,0,0,1,0.0,1
0.767773569,0.44814983,0.39727065,0,1,0,0,0,1,0.0,0
0.267358243,0.603856146,0.482607067,0,1,0,1,0,0,0.5,1
0.123130918,0.189716414,0.169230238,0,1,0,1,0,0,1.0,2
0.325263888,0.777160585,0.0440483354,0,0,1,0,1,0,1.0,1
0.203160226,0.757023513,0.189125478,0,1,0,0,0,1,0.5,2
0.933212757,0.908173978,0.679102778,1,0,0,0,1,0,0.0,0
0.817714334,0.0580617115,0.082243681,1,0,0,1,0,0,0.5,1
0.651733577,0.255850017,0.555037022,0,0,1,0,1,0,1.0,2
0.877887547,0.835827351,0.146411985,0,0,1,0,0,1,0.0,0
0.813488483,0.687051058,0.195689172,1,0,0,0,0,1,0.5,1
0.227241561,0.899670362,0.39307788,0,0,1,0,0,1,0.5,2
0.897931039,0.104320675,0.10082534,1,0,0,1,0,0,1.0,2
0.562375128,0.617115796,0.173203498,0,1,0,1,0,0,1.0,2
0.81706816,0.590594232,0.348952413,1,0,0,0,0,1,0.0,1
0.901286721,0.0838906989,0.329668999,0,0,1,1,0,0,1.0,2
0.352103293,0.537845969,0.749271512,0,1,0,0,1,0,0.5,1
0.15454933,0.629044294,0.0747823045,1,0,0,0,1,0,1.0,2
0.266538411,0.231728509,0.860450745,0,0,1,0,0,1,0.5,1
0.455752403,0.309663117,0.816232145,0,0,1,1,0,0,1.0,1
0.827114046,0.658329964,0.765991628,0,1,0,0,0,1,0.0,0
0.86769408,0.494885892,0.309372365,1,0,0,0,1,0,0.0,0
0.0566045232,0.86511296,0.822881758,1,0,0,0,1,0,0.0,2
0.535209954,0.375262678,0.182802081,0,0,1,1,0,0,1.0,1
0.446540445,0.303326666,0.124409206,0,1,0,0,1,0,0.0,1
0.261002421,0.985622644,0.0449563339,1,0,0,1,0,0,0.5,1
0.163872093,0.915578961,0.939310372,0,1,0,1,0,0,1.0,2
0.370734423,0.0775431097,0.308010906,0,0,1,0,1,0,0.0,2
0.945764244,0.782192171,0.917617857,1,0,0,0,1,0,1.0,1
0.357042789,0.154818028,0.272613555,0,0,1,0,0,1,1.0,0
0.54285109,0.0761109367,0.907565951,1,0,0,1,0,0,0.5,2
0.71786803,0.310010731,0.903929055,0,0,1,0,0,1,1.0,2
0.395448118,0.30587858,0.923676074,1,0,0,1,0,0,1.0,1
0.97319299,0.828352809,0.496153444,0,1,0,0,1,0,1.0,2
0.964324951,0.725133896,0.865946293,1,0,0,1,0,0,0.5,1
0.289193183,0.982528985,0.950765908,1,0,0,0,0,1,0.0,2
0.522386074,0.725937247,0.324616939,0,0,1,1,0,0,0.0,2
0.335834384,0.447342783,0.418874413,1,0,0,0,1,0,1.0,0
0.320598483,0.713981271,0.719240189,1,0,0,0,0,1,0.0,0
0.0850426033,0.999486089,0.300359815,1,0,0,1,0,0,1.0,2
0.629086137,0.724634767,0.753809333,0,0,1,1,0,0,0.0,0
0.527545094,0.7735973,0.0738921463,1,0,0,1,0,0,0.0,1
0.0989048108,0.941446781,0.523498356,0,1,0,1,0,0,0.5,0
0.314714134,0.1579687,0.122313485,0,1,0,1,0,0,0.5,0
0.912852585,0.719545066,0.293323487,0,0,1,0,1,0,0.5,0
0.277583808,0.858265638,0.258625388,1,0,0,0,1,0,0.0,2
0.187650129,0.956659675,0.838932097,0,0,1,0,0,1,0.0,2
0.514980137,0.250420839,0.193517253,1,0,0,1,0,0,0.0,1
0.986367941,0.528732538,0.808447897,0,0,1,0,1,0,0.0,1
0.279952496,0.696527123,0.793960333,1,0,0,0,1,0,0.5,1
0.688528776,0.285094351,0.498883069,1,0,0,1,0,0,0.5,0
0.773538649,0.620449245,0.233843252,0,0,1,0,0,1,0.0,1
0.275755674,0.294699848,0.226896346,0,0,1,1,0,0,0.0,0
0.741805553,0.366784155,0.464924634,0,0,1,0,0,1,0.5,2
0.399393976,0.469442755,0.0088090077,1,0,0,0,0,1,0.0,1
0.650690556,0.55273062,0.531350732,0,0,1,0,1,0,1.0,1
0.651853204,0.476897568,0.952779531,1,0,0,0,0,1,0.5,0
0.558985949,0.518535733,0.15470688,0,1,0,0,1,0,0.5,0
0.135775283,0.333659321,0.573345602,0,1,0,0,1,0,0.0,2
0.84353739,0.201016843,0.9617787,1,0,0,1,0,0,1.0,1
0.354741067,0.094982475,0.860522151,1,0,0,1,0,0,0.0,1
0.227192581,0.236179784,0.850380123,0,0,1,0,0,1,1.0,2
0.0887363851,0.602846444,0.821849942,1,0,0,1,0,0,0.0,2
0.611348271,0.796809673,0.309023619,1,0,0,1,0,0,0.5,0
0.693686128,0.21078521,0.890616834,0,1,0,0,0,1,0.5,1
0.0657584369,0.153127596,0.941340327,0,0,1,1,0,0,1.0,2
0.536488414,0.76182586,0.495792419,0,0,1,0,1,0,1.0,2
0.265170991,0.339900404,0.354571044,1,0,0,1,0,0,0.0,1
0.662914157,0.953924477,0.414229006,0,0,1,1,0,0,0.5,2
0.215648115,0.728602052,0.334206432,0,1,0,1,0,0,0.0,2
0.706390858,0.36041823,0.212418437,0,1,0,0,1,0,0.0,2
0.417398572,0.325065613,0.618448496,0,1,0,0,0,1,0.5,1
0.939893484,0.547513485,0.562596858,1,0,0,0,1,0,1.0,2
0.1806449,0.125187442,0.462585062,1,0,0,0,0,1,0.5,2
0.374013036,0.161792681,0.0958453864,0,1,0,0,1,0,0.5,0
0.15779984,0.217064992,0.796892941,0,1,0,1,0,0,1.0,2
0.928458929,0.785987437,0.174933568,0,0,1,0,1,0,0.5,0
0.883472383,0.538164496,0.114562042,0,0,1,0,0,1,1.0,1
0.295044541,0.0600387678,0.623071373,0,0,1,1,0,0,0.5,0
0.676984847,0.689840674,0.398644358,0,0,1,0,0,1,1.0,0
0.82636112,0.452505678,0.059808474,0,1,0,1,0,0,1.0,1
0.577440798,0.535309732,0.355568349,0,0,1,1,0,0,0.0,0
0.553168058,0.253410429,0.771780372,0,1,0,0,1,0,0.5,1
0.279759675,0.57419312,0.615249217,0,1,0,0,0,1,0.0,2
0.138447627,0.980195582,0.362786025,1,0,0,0,1,0,0.5,2
0.902354956,0.119772457,0.191804796,0,0,1,0,0,1,0.0,1
0.905397177,0.31972152,0.631795645,0,1,0,0,1,0,0.0,2
0.651446402,0.280847698,0.887555301,1,0,0,1,0,0,0.0,1
0.3720783,0.286121845,0.646272719,1,0,0,0,0,1,0.0,2
0.381749094,0.409771025,0.812903881,0,1,0,0,0,1,0.0,2
0.739657879,0.827204287,0.521527827,0,1,0,0,1,0,0.5,0
0.90225476,0.917215765,0.717971087,0,0,1,0,0,1,0.0,1
0.892732084,0.242104337,0.896226764,0,0,1,0,1,0,0.0,2
0.790881753,0.565802455,0.773178995,0,1,0,0,1,0,0.5,1
0.65993005,0.655054033,0.909853935,0,1,0,0,0,1,1.0,1
0.12993297,0.545736074,0.431139588,1,0,0,0,1,0,0.5,2
0.203547284,0.462372571,0.904220283,1,0,0,0,0,1,1.0,0
0.903626502,0.232376724,0.621567249,1,0,0,1,0,0,0.5,1
0.626107633,0.51380837,0.870048761,1,0,0,0,1,0,0.0,2
0.0587371998,0.431154072,0.0393765308,1,0,0,1,0,0,1.0,2
0.146397963,0.805785179,0.657852411,0,0,1,0,1,0,0.0,2
0.6803267,0.775424123,0.847975075,1,0,0,0,0,1,1.0,0
0.0548085049,0.177298754,0.17420204,0,1,0,0,1,0,0.0,0
0.202767655,0.134093106,0.661786914,0,0,1,0,1,0,1.0,2
0.571297109,0.912746251,0.824954689,1,0,0,0,0,1,0.0,2
0.707300425,0.558732986,0.287949383,1,0,0,1,0,0,1.0,1
0.669363201,0.864910901,0.405246317,1,0,0,0,0,1,1.0,1
0.263055831,0.105243564,0.569517732,0,1,0,1,0,0,0.0,0
0.726570249,0.550189853,0.519167662,1,0,0,1,0,0,0.5,1
0.275386631,0.562455177,0.0391893946,0,1,0,0,1,0,0.5,1
0.359129727,0.86766696,0.0986720994,0,1,0,0,1,0,0.0,2
0.759166837,0.142729491,0.100466579,1,0,0,1,0,0,0.0,1
0.667151272,0.27842328,0.262267917,1,0,0,0,0,1,0.5,1
0.85676223,0.436211407,0.245864108,0,0,1,1,0,0,1.0,0
0.674732268,0.872549415,0.742222369,0,0,1,0,1,0,0.0,0
0.589893162,0.941939175,0.57274437,0,0,1,0,0,1,0.0,1
0.138991028,0.993088365,0.763976097,0,1,0,0,0,1,0.0,2
0.39933002,0.961233795,0.0698960572,1,0,0,0,1,0,0.0,1
0.301942259,0.0556446686,0.485214233,0,0,1,0,0,1,0.5,2
0.281790167,0.0953229219,0.323775589,0,1,0,0,0,1,0.5,0
0.974360049,0.19022648,0.849939287,0,0,1,1,0,0,0.0,2
0.423442841,0.381419003,0.707789183,0,0,1,1,0,0,0.5,1
0.897444248,0.83842212,0.869258463,1,0,0,0,1,0,0.5,1
0.649581671,0.898023367,0.0464271232,1,0,0,1,0,0,0.5,1
0.805070758,0.22749269,0.720823467,0,1,0,0,0,1,1.0,1
0.527505219,0.638680935,0.540008366,1,0,0,0,1,0,0.0,1
0.598058701,0.921493888,0.825000048,0,0,1,0,1,0,0.0,1
0.517891824,0.490545154,0.507160604,0,1,0,0,1,0,0.0,2
0.235480845,0.148366392,0.540209055,0,1,0,0,0,1,0.0,2
0.736329496,0.484922975,0.0517673828,0,1,0,1,0,0,0.5,0
0.316733748,0.407005161,0.668522894,0,1,0,0,0,1,0.5,2
0.0731001645,0.598775089,0.273139864,1,0,0,0,0,1,1.0,1
0.663198709,0.466725737,0.0196939223,0,0,1,1,0,0,0.0,1
0.218255147,0.0664786324,0.0664371625,1,0,0,1,0,0,1.0,2
0.943435669,0.994297862,0.957285583,1,0,0,0,0,1,1.0,1
0.956232131,0.566363215,0.346077293,0,1,0,1,0,0,1.0,2
0.919121146,0.499949217,0.868075609,1,0,0,0,0,1,1.0,0
0.401650757,0.95688653,0.959677219,1,0,0,1,0,0,0.5,1
0.0646837875,0.198067352,0.943267167,0,0,1,0,0,1,1.0,0
0.931902647,0.229775727,0.881725252,0,1,0,1,0,0,0.5,1
0.45677495,0.817614019,0.894843936,1,0,0,0,1,0,0.5,1
0.968322098,0.297789514,0.289008051,0,1,0,1,0,0,1.0,1
0.965438962,0.809265733,0.151469886,0,0,1,0,0,1,0.0,0
0.860358953,0.307956815,0.639262557,1,0,0,1,0,0,0.5,1
0.329726458,0.0815282464,0.488105595,0,0,1,1,0,0,0.0,2
0.415842831,0.541163981,0.098746717,0,0,1,0,0,1,0.5,0
0.858579814,0.236852109,0.677541316,0,1,0,1,0,0,0.5,2
0.351075917,0.769953966,0.562860012,0,1,0,0,1,0,1.0,0
0.211018115,0.659139633,0.863067389,0,1,0,0,1,0,1.0,2
0.578961194,0.927422523,0.609183788,1,0,0,0,1,0,0.0,1
0.939347029,0.793838918,0.573946178,0,1,0,0,1,0,0.5,0
0.711228311,0.221737161,0.440751731,1,0,0,1,0,0,0.0,1
0.591558099,0.810150325,0.462787062,0,0,1,0,1,0,1.0,2
0.142317668,0.659650207,0.954381227,0,1,0,1,0,0,1.0,0
0.63425684,0.685504079,0.138446003,0,0,1,0,1,0,0.0,0
0.990551174,0.840649724,0.446218818,0,1,0,0,1,0,0.0,1
0.183079809,0.595132887,0.655827224,0,0,1,0,0,1,0.5,2
0.542413175,0.492703348,0.433010638,1,0,0,1,0,0,0.0,1
0.883504391,0.654808998,0.283215612,0,0,1,1,0,0,0.0,0
0.753730178,0.333059549,0.28735736,1,0,0,1,0,0,1.0,1
0.712164938,0.223467276,0.233656049,0,1,0,0,0,1,1.0,0
0.7173599,0.63575846,0.343903214,0,1,0,1,0,0,0.0,1
0.391516596,0.272155941,0.871674776,0,1,0,0,0,1,1.0,1
0.328912258,0.125919357,0.505224526,1,0,0,1,0,0,1.0,1
0.818893075,0.0505264737,0.240238726,0,1,0,0,1,0,1.0,1
0.819607735,0.627903402,0.38452673,1,0,0,0,0,1,1.0,0
0.873718679,0.39404133,0.105830409,1,0,0,0,0,1,0.5,1
0.917578518,0.764695406,0.904035747,0,0,1,0,0,1,0.5,1
0.535775304,0.406417578,0.40819782,0,1,0,1,0,0,0.0,2
0.526440501,0.511703253,0.980391204,0,0,1,0,1,0,0.5,1
0.808380425,0.436730713,0.347538769,1,0,0,0,0,1,0.0,0
0.667465746,0.668046057,0.836356044,0,0,1,0,0,1,0.5,1
0.71686852,0.388332218,0.256385326,0,1,0,1,0,0,0.5,0
0.806003034,0.965579271,0.0761528909,1,0,0,1,0,0,0.0,1
0.895505071,0.939339638,0.0317333601,0,0,1,0,1,0,0.0,1
0.371095389,0.855626523,0.606168449,0,1,0,0,0,1,0.0,1
0.406803817,0.924285233,0.311573684,0,1,0,0,0,1,1.0,1
0.139282838,0.476682693,0.44351989,0,0,1,0,0,1,1.0,2
0.599366128,0.559608877,0.818647027,1,0,0,0,0,1,1.0,1
0.0841451585,0.754987955,0.248108089,0,1,0,0,0,1,0.0,0
0.492318124,0.711338639,0.30865249,1,0,0,0,1,0,1.0,2
0.565512419,0.896144688,0.845336199,0,1,0,0,0,1,0.5,1
0.322214186,0.730514467,0.492762268,1,0,0,1,0,0,0.5,2
0.611291587,0.997990489,0.82766515,1,0,0,0,0,1,0.5,1
0.0789752379,0.381080508,0.374476016,0,1,0,0,0,1,0.5,1
0.0854807794,0.841347873,0.398369968,0,0,1,0,0,1,1.0,2
0.831470549,0.712753057,0.167138368,0,0,1,0,0,1,1.0,1
0.392181098,0.70681715,0.916345835,0,0,1,0,0,1,0.5,2
0.170707494,0.3595438,0.89678371,1,0,0,0,1,0,0.0,2
0.546131074,0.79632169,0.984216988,0,0,1,1,0,0,0.5,1
0.781493902,0.905357242,0.402447134,0,0,1,0,1,0,0.5,1
0.255029976,0.25762105,0.81861496,0,1,0,1,0,0,0.0,0
0.641745925,0.644222021,0.414953738,1,0,0,1,0,0,0.0,1
0.131080091,0.422528088,0.454298794,0,0,1,1,0,0,1.0,2
0.0990976319,0.990070701,0.829999387,0,1,0,0,0,1,0.0,0
0.554786921,0.504891157,0.177366778,1,0,0,0,1,0,0.0,1
0.563603342,0.266904175,0.220310941,0,1,0,1,0,0,1.0,0
0.655558407,0.412764758,0.31472823,0,0,1,1,0,0,1.0,1
0.739786744,0.671146452,0.78817904,1,0,0,0,0,1,0.5,2
0.977059484,0.122284904,0.372651547,1,0,0,0,0,1,0.5,0
0.540485322,0.623421848,0.358168215,0,0,1,0,1,0,0.0,2
0.356808662,0.934663534,0.998816371,0,1,0,1,0,0,1.0,1
0.805426896,0.857844651,0.383806139,1,0,0,1,0,0,0.0,0
0.307290643,0.114289857,0.247770533,1,0,0,1,0,0,0.0,1
0.467022836,0.993720412,0.623213649,1,0,0,0,1,0,0.5,2
0.124533564,0.713790596,0.801879942,0,0,1,0,0,1,0.0,2
0.074083209,0.204166785,0.0696078315,0,1,0,0,0,1,0.0,2
0.964515984,0.0617952831,0.618892252,0,0,1,0,1,0,0.5,2
0.84418112,0.212718502,0.0357354544,1,0,0,0,0,1,0.5,0
0.711175501,0.846267104,0.526332378,0,1,0,1,0,0,1.0,0
0.438505292,0.0705573559,0.256991565,0,1,0,1,0,0,0.5,0
0.214629605,0.271489948,0.306641698,0,0,1,0,1,0,1.0,2
0.198615193,0.769440293,0.467095971,0,0,1,0,0,1,1.0,2
0.287730753,0.606805027,0.927107453,1,0,0,0,1,0,0.5,2
0.571765304,0.79359895,0.710667312,0,0,1,0,1,0,0.5,1
0.7288661,0.758843005,0.936845601,0,0,1,0,0,1,0.5,1
0.677187502,0.0980713144,0.659970999,0,0,1,0,1,0,0.0,0
0.315937191,0.897885859,0.00710774725,0,0,1,1,0,0,0.5,0
0.957122028,0.265680254,0.265585184,0,0,1,0,1,0,1.0,2
0.751002073,0.575722814,0.905772567,1,0,0,1,0,0,1.0,1
0.576636374,0.662073731,0.643445492,0,1,0,1,0,0,1.0,2
0.631134689,0.210196793,0.981647253,0,0,1,0,1,0,0.5,2
0.448620051,0.977419674,0.155964017,0,1,0,1,0,0,1.0,1
0.285344452,0.513748169,0.296747833,0,1,0,0,1,0,1.0,1
0.388174057,0.104760557,0.36236766,0,0,1,0,1,0,0.0,2
0.769953787,0.940398932,0.326557815,0,0,1,0,0,1,0.5,1
0.0636738166,0.606954455,0.25199154,0,1,0,0,1,0,0.5,0
0.160269007,0.714233518,0.44346571,1,0,0,1,0,0,1.0,2
0.09370251,0.548916996,0.642298102,0,1,0,0,1,0,0.0,2
0.0886923596,0.843001068,0.311256915,1,0,0,0,1,0,1.0,2
0.862687528,0.0814767927,0.0796999261,0,1,0,0,0,1,0.0,1
0.718474984,0.304959446,0.708532512,0,0,1,0,0,1,1.0,2
0.500465155,0.496165931,0.459016562,1,0,0,1,0,0,1.0,1
0.142942458,0.122773439,0.556482315,0,1,0,1,0,0,0.5,2
0.517035067,0.720611334,0.455400646,1,0,0,1,0,0,0.0,2
0.499798179,0.423980236,0.890357494,0,0,1,1,0,0,0.0,1
0.214541778,0.309034586,0.558745027,1,0,0,0,0,1,0.0,1
0.462159067,0.0532099046,0.923276842,0,0,1,0,1,0,0.5,1
0.428579509,0.733838797,0.510575354,0,0,1,0,0,1,0.5,0
0.635057569,0.842118859,0.292588174,1,0,0,0,0,1,1.0,2
0.653338969,0.425288498,0.355442584,0,0,1,0,0,1,0.0,2
0.0930388123,0.586007059,0.522129297,0,0,1,0,1,0,0.0,2
0.405881971,0.266302288,0.529989421,0,0,1,0,1,0,1.0,1
0.644566894,0.64108777,0.687337697,1,0,0,0,0,1,1.0,1
0.527979434,0.0615305863,0.224494874,0,0,1,0,1,0,1.0,1
0.863665342,0.514211714,0.658842921,0,1,0,0,0,1,1.0,0
0.675758958,0.661995232,0.778587997,0,0,1,0,0,1,0.0,1
0.204787701,0.922282159,0.676591992,0,1,0,1,0,0,1.0,0
0.117040306,0.412269026,0.481828123,1,0,0,0,0,1,0.0,2
0.660298288,0.77693069,0.991680622,0,1,0,0,0,1,0.0,2
0.075185746,0.61780268,0.40481317,0,0,1,0,0,1,0.0,1
0.606486797,0.9306615,0.106590614,0,0,1,1,0,0,1.0,1
0.943218708,0.42845878,0.821504235,0,0,1,0,1,0,1.0,1
0.59670049,0.353140563,0.212201223,0,0,1,1,0,0,1.0,2
0.418761432,0.892784894,0.713285565,0,0,1,0,1,0,1.0,0
0.661123812,0.0967821777,0.178976282,0,0,1,1,0,0,0.5,1
0.485340238,0.17956613,0.0168773904,1,0,0,0,1,0,1.0,0
0.56833595,0.128284216,0.159798607,0,0,1,1,0,0,0.5,0
0.944391549,0.850954473,0.376988709,0,1,0,0,0,1,1.0,0
0.416797519,0.0600770526,0.106618248,0,1,0,0,1,0,0.5,0
0.963131011,0.868574321,0.197679088,0,1,0,1,0,0,1.0,1
0.910083115,0.478704393,0.764626265,1,0,0,1,0,0,1.0,1
0.236001581,0.053824015,0.769883633,0,1,0,1,0,0,0.0,2
0.115893237,0.43156293,0.817488253,0,1,0,0,1,0,0.5,1
0.145739108,0.227460802,0.841155231,0,1,0,0,0,1,1.0,2
0.0673107356,0.64318049,0.420435905,1,0,0,1,0,0,0.5,2
0.139720812,0.69539088,0.867549658,0,1,0,0,1,0,0.0,2
0.698856413,0.513151169,0.525936902,0,1,0,0,1,0,0.5,0
0.117629215,0.0884935483,0.470597118,1,0,0,0,0,1,1.0,2
0.353026837,0.67332238,0.718536317,0,0,1,0,0,1,0.0,2
0.852631569,0.849936843,0.213818416,0,1,0,0,0,1,1.0,2
0.0721083358,0.734308064,0.789497375,0,0,1,0,1,0,0.0,2
0.823745072,0.838460028,0.42946583,0,1,0,0,1,0,0.0,1
0.317762047,0.240484044,0.12729542,1,0,0,0,0,1,0.5,2
0.162256584,0.894443572,0.119311914,0,0,1,1,0,0,1.0,2
0.711900294,0.356083781,0.16490674,1,0,0,0,0,1,1.0,0
0.647495687,0.0627345741,0.890572727,0,0,1,0,0,1,0.0,0
0.883598387,0.851222038,0.990937829,1,0,0,0,0,1,1.0,2
0.74831748,0.944730222,0.356973797,0,0,1,0,0,1,0.0,0
0.813306868,0.672780275,0.292143852,0,0,1,1,0,0,0.5,1
0.317932844,0.269864798,0.218770966,0,0,1,1,0,0,0.0,1
0.218567565,0.289157242,0.823816478,0,1,0,0,0,1,1.0,2
0.763083994,0.493263245,0.209207475,0,0,1,0,1,0,0.0,1
0.816492975,0.902939498,0.924090147,0,0,1,0,1,0,1.0,2
0.99097991,0.19211778,0.667350352,0,1,0,1,0,0,0.5,2
0.441986799,0.834675014,0.897127807,0,1,0,0,0,1,0.5,0
0.40341717,0.326737672,0.554009855,1,0,0,0,1,0,0.0,1
0.787592292,0.818156838,0.690679848,1,0,0,1,0,0,0.5,1
0.373763353,0.924257636,0.619458079,0,1,0,1,0,0,0.5,0
0.93421948,0.45611918,0.831195474,0,1,0,1,0,0,0.0,1
0.865492105,0.396798134,0.835860789,0,1,0,1,0,0,1.0,1
0.457544327,0.812110245,0.589793026,0,1,0,0,0,1,0.0,2
0.763327539,0.553008735,0.632507622,0,1,0,1,0,0,0.0,2
0.766815722,0.700226605,0.921875894,1,0,0,0,1,0,1.0,1
0.147967681,0.641687751,0.929866493,0,1,0,0,0,1,0.5,2
0.907425284,0.195244402,0.664249778,0,1,0,1,0,0,0.0,2
0.529989779,0.852550864,0.00775427837,1,0,0,0,1,0,0.0,1
0.835134566,0.235986352,0.104411215,0,0,1,0,1,0,1.0,0
0.35404712,0.935668051,0.857942522,1,0,0,0,1,0,0.0,1
0.900747061,0.288042724,0.0847141147,1,0,0,0,0,1,1.0,2
0.419741601,0.747186899,0.213519186,0,1,0,0,0,1,0.0,1
0.0602957681,0.32042262,0.230546683,0,0,1,0,1,0,0.0,2
0.910112858,0.351896137,0.600234747,1,0,0,0,0,1,1.0,1
0.136722341,0.344501764,0.576632798,0,0,1,1,0,0,1.0,2
0.353347957,0.76049763,0.289417535,1,0,0,1,0,0,0.0,1
0.952558875,0.578974366,0.207611367,0,1,0,1,0,0,1.0,0
0.95307678,0.888804853,0.76453203,1,0,0,0,0,1,0.0,2
0.594766021,0.342004091,0.935456157,1,0,0,0,0,1,1.0,1
0.650245368,0.707392871,0.0528056808,1,0,0,0,0,1,0.5,0
0.476023257,0.765301168,0.133180469,0,0,1,0,1,0,0.5,0
0.32855022,0.193908006,0.642163992,0,0,1,1,0,0,0.5,0
0.362231314,0.430559903,0.804441452,0,1,0,0,1,0,0.5,2
0.688892543,0.508676648,0.791188657,0,0,1,0,1,0,0.0,1
0.764755785,0.387903035,0.71968317,0,0,1,1,0,0,0.0,1
0.802000105,0.35600698,0.887427926,0,0,1,0,0,1,0.5,1
0.800137222,0.702098906,0.217348874,0,1,0,0,1,0,0.5,0
0.136645794,0.255073071,0.107290946,0,1,0,0,1,0,0.5,2
0.519699275,0.72392118,0.615362942,0,1,0,0,0,1,1.0,0
0.104680821,0.938291967,0.822275877,0,1,0,0,0,1,0.0,2
0.572052419,0.586937666,0.582043588,1,0,0,1,0,0,0.5,1
0.46945399,0.630862534,0.962997496,0,1,0,0,1,0,0.5,1
0.893318951,0.115486071,0.795564473,0,1,0,1,0,0,0.0,2
0.383369267,0.871253073,0.700791776,1,0,0,0,1,0,0.5,0
0.161213666,0.321175396,0.0602572896,1,0,0,1,0,0,0.5,2
0.185842097,0.634298623,0.107742235,0,0,1,1,0,0,0.0,2
0.773435116,0.980156541,0.784837604,0,0,1,0,0,1,0.0,2
0.637307167,0.615727484,0.198237926,0,1,0,0,1,0,1.0,0
0.146066546,0.738474011,0.0288351756,0,0,1,1,0,0,0.0,1
0.129901469,0.473053634,0.910760701,1,0,0,0,0,1,0.5,2
0.715920687,0.107347548,0.890805364,0,0,1,0,0,1,0.0,1
0.11912486,0.807719409,0.218483821,0,0,1,0,0,1,0.0,2
0.830767035,0.0832488984,0.780206263,0,1,0,0,1,0,0.5,1
0.720930099,0.715624928,0.0479796603,1,0,0,1,0,0,0.0,1
0.127281338,0.071775496,0.285057992,1,0,0,0,1,0,1.0,2
0.130595833,0.869189978,0.623666883,0,0,1,0,1,0,0.0,2
0.987307608,0.199754238,0.763179004,0,0,1,0,0,1,0.0,0
0.405557245,0.538557947,0.0103991888,0,0,1,0,1,0,0.5,0
0.40211004,0.617293179,0.326208621,0,1,0,0,1,0,1.0,1
0.822159588,0.484668136,0.214345559,0,0,1,1,0,0,1.0,1
0.949886143,0.373725325,0.998780429,0,0,1,0,0,1,0.0,1
0.986701012,0.494423568,0.670982242,0,1,0,0,0,1,1.0,2
0.765709281,0.345844954,0.405671448,1,0,0,1,0,0,0.5,1
0.407446593,0.466216236,0.0756525993,0,1,0,0,1,0,0.0,0
0.129325688,0.390967339,0.598670244,0,0,1,1,0,0,1.0,1
0.788289547,0.587894559,0.64170146,0,0,1,1,0,0,0.5,1
0.580484033,0.276027948,0.816405952,1,0,0,0,1,0,0.5,1
0.453010917,0.989223719,0.288576841,0,1,0,0,0,1,0.5,1
0.91103667,0.525826454,0.981428087,0,0,1,1,0,0,0.0,1
0.155637607,0.234453976,0.439465731,1,0,0,0,1,0,0.5,0
0.517993867,0.503213406,0.295943767,0,0,1,0,0,1,0.5,2
0.0607859641,0.87309438,0.34844932,1,0,0,1,0,0,0.0,0
0.495227605,0.0707164556,0.519586027,0,0,1,1,0,0,0.0,1
0.10348811,0.695576429,0.936701536,0,0,1,0,0,1,0.5,0
0.162877023,0.570569396,0.735158801,1,0,0,1,0,0,0.0,0
0.161649927,0.211080089,0.577109635,1,0,0,1,0,0,1.0,2
0.666749775,0.826602638,0.162810385,0,0,1,0,1,0,0.0,0
0.75874263,0.400440395,0.14935331,1,0,0,1,0,0,0.5,1
0.604200304,0.329111934,0.502196908,0,0,1,1,0,0,0.0,0
0.964063942,0.836718917,0.728708684,0,0,1,0,1,0,0.0,1
0.406127065,0.656598806,0.751012146,0,1,0,0,1,0,0.5,0
0.321426481,0.903346121,0.225914389,0,0,1,0,0,1,0.5,0
0.875169158,0.648389518,0.100099511,0,0,1,0,0,1,0.0,0
0.262416035,0.753776789,0.384460986,1,0,0,0,0,1,1.0,0
0.965061426,0.844623625,0.918172538,0,1,0,0,1,0,1.0,1
0.0615467504,0.10200265,0.545367241,1,0,0,1,0,0,0.5,2
0.971384883,0.787246525,0.320099771,1,0,0,1,0,0,1.0,1
0.091001913,0.633021176,0.323637664,0,0,1,1,0,0,0.0,1
0.896585941,0.116032407,0.132087052,0,0,1,1,0,0,0.5,2
0.551316082,0.533149004,0.473223746,0,0,1,0,1,0,0.0,2
0.993316531,0.128335178,0.791362703,1,0,0,0,0,1,1.0,2
0.120106734,0.749149859,0.968558669,1,0,0,0,0,1,1.0,0
0.576161563,0.569176614,0.50159502,0,0,1,0,0,1,1.0,0
0.970837414,0.955894887,0.167214915,1,0,0,0,1,0,0.5,0
0.546942949,0.223978609,0.682950377,0,1,0,0,0,1,1.0,1
0.647928715,0.625731766,0.756791353,0,1,0,0,1,0,0.5,1
0.710961282,0.251003027,0.071699746,0,1,0,1,0,0,0.5,0
0.481813997,0.633361757,0.850139141,1,0,0,0,1,0,0.5,1
0.646180153,0.736517191,0.829322398,0,1,0,0,1,0,0.5,1
0.605098605,0.736189127,0.472541064,0,0,1,0,0,1,0.5,1
0.906100094,0.824320316,0.56042254,0,0,1,1,0,0,0.5,1
0.0931740627,0.860872746,0.713408053,0,0,1,0,1,0,1.0,2
0.316915035,0.123408139,0.676748097,0,1,0,0,1,0,0.5,0
0.952890933,0.376103789,0.0165359788,0,1,0,0,1,0,0.0,0
0.895750582,0.702766418,0.122435302,1,0,0,0,1,0,0.0,0
0.482873917,0.523656964,0.162590548,0,0,1,0,0,1,0.0,2
0.639125943,0.231142148,0.755675912,1,0,0,0,0,1,1.0,1
0.313512117,0.575074077,0.440083563,0,1,0,0,0,1,0.5,2
0.228715107,0.437063873,0.545502603,1,0,0,1,0,0,1.0,2
0.490513474,0.420536369,0.772687435,0,0,1,0,0,1,1.0,2
0.385684609,0.819266021,0.340982258,1,0,0,0,1,0,0.5,1
0.604473293,0.437218428,0.748890221,1,0,0,0,1,0,1.0,1
0.123847902,0.0751317814,0.442299277,0,1,0,1,0,0,0.5,0
0.975675046,0.105160169,0.377180189,0,1,0,1,0,0,0.5,2
0.98690021,0.863431811,0.333037257,0,1,0,0,1,0,0.5,1
0.713253617,0.962570786,0.964944839,0,1,0,0,0,1,0.0,1
0.559291542,0.70398885,0.771973431,0,0,1,0,0,1,0.5,2
0.344051242,0.396149874,0.0201959405,0,0,1,0,1,0,0.5,0
0.823105276,0.941670299,0.957415462,1,0,0,1,0,0,1.0,1
0.700494587,0.679662943,0.77543962,0,0,1,0,1,0,0.0,1
0.204486087,0.852116883,0.14917472,1,0,0,1,0,0,1.0,1
0.915380836,0.777559698,0.0763381273,0,1,0,0,0,1,1.0,2
0.831410408,0.410182357,0.308194101,1,0,0,0,0,1,0.0,0
0.952309906,0.50476712,0.624181509,1,0,0,0,1,0,1.0,1
0.739433527,0.22682555,0.61654669,0,0,1,0,0,1,1.0,1
0.632744431,0.32741341,0.275850117,1,0,0,0,1,0,0.5,2
0.447330892,0.789219379,0.445674986,0,0,1,0,1,0,0.0,1
0.936092079,0.899279475,0.211890161,1,0,0,1,0,0,0.0,1
0.872760713,0.738237381,0.0505786836,0,0,1,0,1,0,0.0,0
0.0929577351,0.491915017,0.516970456,0,1,0,0,1,0,1.0,2
0.0750486255,0.132183805,0.346991122,0,0,1,0,0,1,1.0,2
0.407640189,0.104100548,0.542882442,0,1,0,1,0,0,0.0,2
0.820025682,0.40560928,0.946507335,0,0,1,1,0,0,1.0,1
0.987912297,0.490630627,0.143370315,0,1,0,1,0,0,0.0,2
0.192896053,0.628664613,0.0019620182,0,1,0,0,0,1,1.0,2
0.614424169,0.056165047,0.0768782124,0,0,1,1,0,0,0.0,2
0.41184631,0.990236759,0.462708294,0,1,0,0,0,1,0.0,2
0.971418679,0.39574194,0.706932008,1,0,0,1,0,0,1.0,1
0.850012958,0.855689943,0.580763578,1,0,0,0,1,0,0.0,1
0.846412241,0.55821836,0.494894594,0,1,0,1,0,0,0.0,2
0.49525851,0.173917487,0.353963137,0,1,0,0,0,1,0.5,1
0.444078535,0.807687283,0.309974164,0,1,0,0,0,1,0.0,1
0.309736729,0.72433573,0.376286179,0,0,1,0,1,0,0.0,1
0.103556722,0.551064253,0.61163497,1,0,0,0,1,0,0.5,0
0.871486247,0.538825452,0.16775395,0,1,0,0,0,1,0.0,2
0.822255969,0.133105621,0.771362066,0,1,0,1,0,0,0.0,2
0.999731779,0.673056483,0.575253248,0,0,1,0,1,0,0.5,0
0.996805012,0.915682912,0.269156367,1,0,0,0,1,0,1.0,2
0.577660143,0.138582677,0.501152992,0,1,0,1,0,0,0.0,2
0.780538023,0.300335884,0.962778687,1,0,0,0,0,1,1.0,1
0.947527468,0.907192588,0.0204915293,0,0,1,0,1,0,0.0,2
0.857165039,0.320126712,0.199522644,1,0,0,0,1,0,0.0,0
0.284980685,0.671246469,0.448380232,0,1,0,0,0,1,1.0,0
0.478016943,0.558077276,0.638439715,0,1,0,1,0,0,0.5,1
0.172701448,0.616511226,0.212228268,1,0,0,1,0,0,0.5,2
0.956348479,0.444999456,0.931403935,0,0,1,0,1,0,0.0,1
0.625865877,0.334991902,0.642571986,0,0,1,0,0,1,0.5,0
0.267210662,0.0961067751,0.877431929,0,0,1,1,0,0,0.0,1
0.688115656,0.757066905,0.329317927,0,0,1,0,0,1,0.0,0
0.637221813,0.758788764,0.828953922,0,1,0,0,1,0,1.0,2
0.390254587,0.68718946,0.378219217,1,0,0,1,0,0,1.0,1
0.15787971,0.661452115,0.252751768,0,1,0,0,0,1,0.5,2
0.68799454,0.281531274,0.911655366,1,0,0,0,0,1,1.0,1
0.544292331,0.0712276846,0.0922184736,1,0,0,0,1,0,0.0,1
0.783702493,0.818279624,0.942888796,0,0,1,1,0,0,0.5,1
0.5441553,0.516581595,0.458515197,0,0,1,0,1,0,1.0,0
0.859572411,0.341496229,0.992625475,1,0,0,0,1,0,0.5,1
0.574311495,0.146835312,0.53959465,1,0,0,1,0,0,0.5,1
0.582891047,0.109585509,0.757488191,1,0,0,0,0,1,0.0,1
0.882820904,0.381423384,0.00707101636,0,1,0,0,0,1,0.5,0
0.433308721,0.814500213,0.496666819,1,0,0,0,0,1,0.0,2
0.17731446,0.922787547,0.737453461,0,1,0,1,0,0,0.0,2
0.0773435459,0.901913822,0.78282702,1,0,0,0,1,0,0.5,1
0.767380416,0.9240008,0.158048585,0,0,1,0,0,1,1.0,0
0.639294088,0.912339091,0.418970942,1,0,0,0,0,1,1.0,0
0.718875766,0.550863504,0.419071972,1,0,0,1,0,0,0.5,1
0.252315968,0.258444846,0.10364081,0,1,0,1,0,0,0.0,2
0.179552898,0.808144271,0.443045497,1,0,0,0,1,0,0.0,2
0.063817434,0.25302732,0.807092965,0,1,0,0,1,0,0.5,2
0.38305819,0.303846925,0.300180733,0,1,0,0,0,1,0.5,2
0.610421777,0.271591604,0.432574511,0,0,1,0,0,1,1.0,2
0.42263183,0.539233267,0.96095866,0,0,1,1,0,0,0.0,2
0.465601176,0.355736136,0.0317080766,0,0,1,0,1,0,0.0,1
0.908950746,0.196448252,0.59152174,0,0,1,0,0,1,0.5,0
0.380842686,0.480514735,0.743436098,0,1,0,1,0,0,0.0,1
0.538290024,0.88021189,0.760882437,1,0,0,0,1,0,0.5,2
0.79447037,0.59202522,0.715938032,0,1,0,0,1,0,0.0,1
0.426715642,0.884418845,0.726451457,0,0,1,0,1,0,1.0,1
0.640982389,0.236078575,0.0590126663,1,0,0,1,0,0,0.0,1
0.869245529,0.208625183,0.534136593,0,1,0,0,1,0,0.5,2
0.952044606,0.596798241,0.782969058,1,0,0,1,0,0,0.5,1
0.189719811,0.490162462,0.0940650478,0,1,0,1,0,0,0.0,2
0.930258214,0.677164018,0.0120499227,1,0,0,1,0,0,1.0,1
0.517510474,0.804895461,0.814561844,1,0,0,0,1,0,1.0,1
0.295332164,0.76374191,0.7122944,0,0,1,0,0,1,1.0,1
0.486178964,0.94514811,0.412206411,0,0,1,0,0,1,0.5,1
0.981030941,0.428343594,0.940396428,1,0,0,1,0,0,0.5,1
0.517987192,0.246067405,0.766598105,1,0,0,1,0,0,1.0,1
0.362314016,0.573367,0.967860937,0,0,1,0,0,1,0.0,1
0.651730835,0.155205965,0.929315269,0,1,0,0,1,0,0.0,2
0.27813834,0.324408561,0.481293589,1,0,0,0,0,1,0.0,1
0.122070163,0.247493654,0.754709005,0,1,0,0,0,1,0.0,2
0.172435731,0.42673552,0.66919136,0,0,1,0,1,0,0.5,1
0.17164354,0.155655742,0.811445236,1,0,0,1,0,0,1.0,2
0.194307566,0.0802496597,0.787688375,0,1,0,0,0,1,1.0,2
0.181885809,0.673954308,0.153231964,0,0,1,1,0,0,0.0,0
0.658831,0.629736543,0.233735532,1,0,0,0,1,0,1.0,1
0.222786084,0.722940981,0.265731573,0,1,0,0,1,0,0.5,2
0.378383905,0.677367091,0.818498552,1,0,0,0,1,0,0.0,1
0.901948988,0.158579946,0.810741723,0,1,0,0,1,0,1.0,2
0.500263572,0.326524943,0.49533534,0,1,0,0,1,0,0.5,2
0.684179842,0.173050284,0.580832243,1,0,0,1,0,0,1.0,1
0.213703871,0.85082376,0.826922178,0,0,1,0,1,0,0.5,2
0.232674569,0.759558499,0.312593609,1,0,0,1,0,0,1.0,2
0.0888251886,0.241450652,0.0501787774,0,0,1,0,1,0,1.0,2
0.210488304,0.374243766,0.482596427,0,1,0,1,0,0,0.5,2
0.314660817,0.968284249,0.913717151,0,1,0,0,1,0,1.0,1
0.218159959,0.614451408,0.790468276,0,1,0,0,1,0,0.0,1
0.134267405,0.811097801,0.366617292,0,0,1,1,0,0,1.0,0
0.164604083,0.301361471,0.0647713616,0,1,0,0,0,1,1.0,2
0.487739831,0.249550268,0.636919498,1,0,0,0,1,0,0.5,1
0.246017039,0.794721067,0.834490776,0,1,0,1,0,0,0.0,2
0.396056354,0.701578856,0.664948583,0,0,1,1,0,0,1.0,1
0.528246403,0.696929038,0.425074667,0,0,1,0,0,1,1.0,2
0.705875099,0.575002849,0.123353615,1,0,0,0,1,0,1.0,0
0.0873465315,0.585399449,0.910774231,1,0,0,0,0,1,1.0,2
0.809439898,0.748912632,0.275958329,0,0,1,1,0,0,0.5,2
0.646505356,0.306502342,0.224287033,0,0,1,0,1,0,1.0,2
0.127671078,0.385130048,0.815976679,1,0,0,0,0,1,0.5,2
0.879899681,0.878054917,0.981219947,1,0,0,0,1,0,0.0,1
0.924828768,0.343421936,0.660160244,1,0,0,1,0,0,0.5,1
0.108024061,0.568994105,0.624810517,1,0,0,0,0,1,0.0,0
0.31303376,0.717507482,0.319430858,0,0,1,1,0,0,0.0,2
0.815891206,0.999928594,0.0204134509,0,1,0,1,0,0,0.0,0
0.760846734,0.463526756,0.191797867,0,0,1,0,0,1,1.0,2
0.225294963,0.456688225,0.584430456,1,0,0,0,0,1,0.5,2
0.248881862,0.85045898,0.151316464,0,0,1,0,0,1,0.0,0
0.401948512,0.815227985,0.883835793,1,0,0,1,0,0,0.5,1
0.510296822,0.744522095,0.188144684,0,0,1,0,1,0,0.0,1
0.637342036,0.490068167,0.522104442,1,0,0,0,1,0,0.0,0
0.400467962,0.357742161,0.512013257,1,0,0,0,1,0,0.0,2
0.489407986,0.628293931,0.603945613,0,0,1,0,1,0,1.0,0
0.760097384,0.882412136,0.327434063,1,0,0,0,1,0,0.5,1
0.0848490447,0.889588594,0.873534203,0,1,0,0,1,0,1.0,0
0.289815098,0.15307343,0.444301546,1,0,0,0,0,1,0.5,1
0.727682114,0.456932783,0.700153589,1,0,0,0,1,0,0.0,0
0.900446475,0.491485864,0.635910869,1,0,0,1,0,0,0.5,1
0.536093593,0.978734612,0.117156081,0,1,0,1,0,0,0.5,0
0.555507839,0.694098115,0.622639358,0,0,1,0,1,0,0.5,0
0.151813418,0.436884105,0.550702691,0,1,0,1,0,0,1.0,2
0.475041747,0.0747549906,0.898604035,0,1,0,1,0,0,0.0,1
0.555986404,0.587115884,0.88087666,0,1,0,0,1,0,0.5,1
0.28034699,0.141272172,0.150954783,0,0,1,0,0,1,0.5,1
0.305781066,0.842727482,0.0816851482,1,0,0,0,0,1,0.5,0
0.408419967,0.764892757,0.294592232,0,1,0,0,1,0,0.0,2
0.0690676346,0.48748371,0.986612856,1,0,0,0,0,1,0.5,2
0.355975211,0.457750231,0.0215737764,0,1,0,0,0,1,0.5,1
0.250875592,0.902472019,0.672892213,0,1,0,0,1,0,0.0,0
0.361122489,0.324035436,0.608513713,0,1,0,1,0,0,1.0,1
0.163774028,0.286568969,0.646578252,0,1,0,0,0,1,0.5,0
0.896000922,0.942237556,0.218285888,0,1,0,0,1,0,0.5,1
0.613912821,0.818783522,0.226717353,0,1,0,1,0,0,0.0,2
0.695147216,0.829594314,0.430642068,0,0,1,0,0,1,0.5,2
0.799712658,0.23543413,0.0958578065,1,0,0,0,1,0,0.0,1
0.523520112,0.186131194,0.0746132061,1,0,0,0,0,1,1.0,2
0.132574275,0.0747280717,0.0883594528,0,0,1,0,0,1,0.0,2
0.560251236,0.27518943,0.572979152,0,1,0,0,1,0,0.5,1
0.607499063,0.785480976,0.397741854,0,0,1,1,0,0,0.0,0
0.758167505,0.278036505,0.293616772,0,0,1,0,1,0,0.0,0
0.460076571,0.742648125,0.315819383,0,0,1,1,0,0,0.0,2
0.171201289,0.28931284,0.207283303,1,0,0,0,1,0,0.0,2
0.319587111,0.425527871,0.411505342,0,0,1,0,1,0,1.0,2
0.394928187,0.9840042,0.203058064,0,1,0,0,0,1,0.0,2
0.663621366,0.282571137,0.698046029,0,0,1,1,0,0,0.0,1
0.59223938,0.407552093,0.123932511,1,0,0,1,0,0,0.5,1
0.388291895,0.336032808,0.948242068,1,0,0,1,0,0,0.5,0
0.987189472,0.154143736,0.0898189396,0,1,0,0,0,1,0.0,0
0.625486076,0.515399456,0.943460703,0,0,1,0,1,0,0.0,1
0.275365442,0.409756124,0.833294988,0,1,0,0,0,1,1.0,1
0.146693349,0.710142732,0.680712104,0,0,1,0,1,0,0.5,2
0.195216179,0.826714814,0.91230166,0,1,0,0,1,0,1.0,2
0.283659846,0.567037225,0.139218792,0,1,0,0,1,0,0.0,1
0.202647299,0.0805865973,0.176314771,0,1,0,0,1,0,1.0,2
0.22723867,0.637976229,0.252152592,1,0,0,0,1,0,1.0,2
0.320840418,0.10262119,0.24481152,1,0,0,0,0,1,0.5,1
0.214704916,0.635538518,0.310848266,0,0,1,1,0,0,0.5,2
0.901927173,0.700778425,0.575630903,1,0,0,0,1,0,0.5,2
0.126222059,0.237879246,0.0281726122,0,1,0,0,0,1,0.5,2
0.548285842,0.828378856,0.382272601,1,0,0,0,0,1,0.0,0
0.439876974,0.91553086,0.246385127,1,0,0,0,0,1,0.5,1
0.983259678,0.822432637,0.606629848,0,0,1,0,0,1,0.0,0
0.15643695,0.339853734,0.985169351,0,1,0,0,0,1,0.5,2
0.42796281,0.607310891,0.517654598,1,0,0,0,1,0,0.0,0
0.970996916,0.919074416,0.425685227,1,0,0,1,0,0,1.0,1
0.872231781,0.354631484,0.368243545,0,0,1,0,1,0,0.5,1
0.826218486,0.829026461,0.784949243,0,0,1,0,1,0,0.5,0
0.295007676,0.059001375,0.0719809309,0,1,0,1,0,0,1.0,0
0.212343201,0.053464368,0.959770501,0,0,1,0,1,0,0.5,2
0.685211062,0.771726072,0.417917877,0,1,0,1,0,0,0.0,1
0.932907164,0.773375213,0.313700736,0,1,0,0,1,0,1.0,2
0.578924775,0.799528301,0.974068105,1,0,0,1,0,0,0.5,1
0.593032062,0.933525503,0.935878873,1,0,0,0,0,1,0.5,1
0.315980136,0.162010998,0.641934156,1,0,0,1,0,0,0.0,0
0.781018257,0.270385742,0.0185073745,1,0,0,0,1,0,0.5,0
0.227691561,0.908538699,0.748534977,1,0,0,0,1,0,0.0,2
0.357495278,0.218374386,0.335557401,0,1,0,1,0,0,0.5,0
0.454164624,0.698117793,0.388280243,1,0,0,0,0,1,1.0,1
0.532229841,0.553939879,0.15874213,1,0,0,0,1,0,0.0,1
0.280289233,0.129033998,0.523458064,1,0,0,0,0,1,0.0,1
0.159094989,0.321000487,0.744552612,0,1,0,1,0,0,0.5,2
0.630089045,0.544353604,0.273011118,0,0,1,1,0,0,0.0,2
0.324199021,0.859732628,0.938732922,0,0,1,1,0,0,0.0,0
0.602176309,0.722161591,0.194736853,1,0,0,0,0,1,1.0,2
0.196644574,0.640789032,0.066262342,0,0,1,0,0,1,0.0,2
0.507083118,0.521231234,0.64436388,0,1,0,1,0,0,1.0,0
0.55595994,0.333749771,0.849318743,1,0,0,1,0,0,0.0,1
0.0992323607,0.163282663,0.953132868,0,1,0,1,0,0,1.0,2
0.369774073,0.438622236,0.767171025,0,1,0,0,0,1,1.0,1
0.177693948,0.0770925656,0.199650005,1,0,0,0,0,1,1.0,2
0.110206224,0.250503093,0.977661192,0,1,0,0,0,1,1.0,2
0.990462244,0.460859209,0.919435859,1,0,0,1,0,0,1.0,1
0.35623616,0.44767493,0.163167417,0,1,0,0,0,1,0.5,0
0.819380701,0.0920806602,0.558785856,0,0,1,0,1,0,0.0,0
0.291908622,0.60960716,0.555517435,0,0,1,0,0,1,0.5,0
0.697427571,0.57220006,0.442534775,0,0,1,0,0,1,0.0,1
0.772216439,0.124199092,0.984281301,0,1,0,0,1,0,0.0,0
0.615856826,0.946004927,0.0596222356,1,0,0,0,0,1,1.0,0
0.497997373,0.144413635,0.627208889,0,0,1,1,0,0,0.0,2
0.441248864,0.862092435,0.205303624,1,0,0,0,1,0,0.5,2
0.381424844,0.0502942465,0.527331233,0,0,1,1,0,0,0.0,2
0.933052659,0.888167024,0.779740751,0,0,1,0,1,0,0.0,2
0.83908844,0.0687337443,0.246726796,0,1,0,0,0,1,0.5,2
0.966775537,0.769921422,0.393359542,0,0,1,0,1,0,0.5,0
0.168082356,0.393606275,0.950768054,1,0,0,0,0,1,0.5,2
0.744324088,0.751305938,0.761480749,1,0,0,0,0,1,1.0,1
0.941423416,0.43165794,0.57272321,0,0,1,1,0,0,1.0,2
0.222171411,0.117362529,0.221997395,1,0,0,0,1,0,0.0,2
0.113171451,0.779131353,0.425305426,1,0,0,0,1,0,0.0,2
0.75406462,0.117690049,0.774061322,1,0,0,0,0,1,1.0,1
0.595749438,0.926014423,0.820543051,1,0,0,1,0,0,0.5,2
0.849737346,0.0984253362,0.244606197,1,0,0,1,0,0,0.5,1
0.182783753,0.505358994,0.662060201,0,0,1,0,0,1,0.5,0
0.805503964,0.736882687,0.0950029939,1,0,0,1,0,0,1.0,1
0.24154596,0.423584133,0.0232123081,1,0,0,1,0,0,0.5,2
0.20547314,0.256371796,0.548673928,0,0,1,0,0,1,0.0,0
0.206052512,0.771136403,0.224379852,0,1,0,1,0,0,1.0,0
0.823845983,0.795079947,0.0789120346,1,0,0,0,0,1,0.5,2
0.681937337,0.926560223,0.729828298,0,1,0,1,0,0,0.0,0
0.546912134,0.407356858,0.497974575,0,1,0,0,0,1,0.0,1
0.390888959,0.530939162,0.796276987,0,0,1,0,1,0,0.5,1
0.883340538,0.394972026,0.663944244,0,1,0,1,0,0,1.0,2
0.422822863,0.294227719,0.729804933,0,1,0,1,0,0,1.0,0
0.825769484,0.763481319,0.30736059,0,1,0,1,0,0,0.5,1
0.467178166,0.37266925,0.263275832,0,0,1,1,0,0,1.0,2
0.408097208,0.456741959,0.600874901,1,0,0,1,0,0,0.0,1
0.489545792,0.433489978,0.200082138,0,0,1,0,0,1,0.5,0
0.336308986,0.727028191,0.815412104,0,0,1,1,0,0,1.0,1
0.760228932,0.921905816,0.522920191,0,0,1,0,0,1,1.0,2
0.527584374,0.683418274,0.226989925,1,0,0,0,1,0,1.0,2
0.270602047,0.498003453,0.625168204,0,1,0,0,1,0,0.5,0
0.904595852,0.790244877,0.945035756,1,0,0,0,0,1,0.5,1
0.414696664,0.658922732,0.0820947289,0,1,0,0,1,0,0.0,1
0.566375196,0.107579842,0.109345205,1,0,0,0,0,1,0.5,2
0.911148489,0.140880406,0.843839169,0,0,1,1,0,0,0.5,1
0.643026114,0.0860210955,0.109593771,0,0,1,0,0,1,1.0,0
0.161053136,0.4839755,0.0393753685,0,1,0,0,1,0,1.0,2
0.942840517,0.834560752,0.34793058,0,0,1,0,0,1,0.5,1
0.646322668,0.347429007,0.466705889,0,0,1,0,1,0,1.0,0
0.368160337,0.414952189,0.569444418,1,0,0,0,0,1,1.0,1
0.182308465,0.914003253,0.507300258,0,1,0,0,1,0,0.5,2
0.804323912,0.845058262,0.913184583,1,0,0,1,0,0,0.5,1
0.63906914,0.681795716,0.768668115,1,0,0,0,0,1,1.0,0
0.556788027,0.303463578,0.983810246,0,0,1,1,0,0,0.0,2
0.899197936,0.161189407,0.47645542,1,0,0,1,0,0,0.0,1
0.799167335,0.0652558804,0.0843296126,0,1,0,1,0,0,0.5,2
0.194091141,0.151660144,0.955530643,0,0,1,0,1,0,0.0,2
0.346135974,0.32796663,0.00411316147,0,1,0,0,1,0,1.0,1
0.286064684,0.574200571,0.776095986,0,1,0,1,0,0,1.0,2
0.756748974,0.11080008,0.03128203,0,1,0,0,0,1,0.5,1
0.0818558112,0.179416388,0.761214197,0,1,0,0,1,0,0.0,2
0.591395199,0.222026661,0.937938929,1,0,0,0,1,0,1.0,2
0.774335742,0.650382996,0.389260292,0,0,1,1,0,0,1.0,1
0.882927358,0.635000288,0.240964845,1,0,0,0,1,0,0.0,1
0.374977648,0.573227465,0.226279154,0,0,1,0,0,1,1.0,1
0.830194414,0.287976354,0.491717637,1,0,0,0,1,0,1.0,0
0.155100152,0.402563721,0.170887038,0,0,1,0,1,0,0.0,0
0.854129672,0.141855225,0.672923625,0,1,0,0,0,1,0.0,1
0.171114236,0.265137583,0.368352354,0,1,0,0,0,1,0.5,2
0.427422941,0.902819991,0.323109478,1,0,0,0,1,0,0.0,1
0.807430625,0.980707169,0.461285591,1,0,0,0,0,1,0.5,2
0.192421556,0.665276587,0.542587519,0,1,0,0,1,0,0.0,2
0.267788827,0.920982122,0.141930267,1,0,0,0,0,1,0.5,0
0.736139953,0.660604835,0.707763374,1,0,0,1,0,0,1.0,1
0.734034717,0.0815366581,0.882947087,0,0,1,0,1,0,0.5,1
0.659090281,0.99692446,0.277986914,0,0,1,1,0,0,0.5,1
0.709251046,0.144004688,0.180390894,0,0,1,0,1,0,1.0,2
0.565588236,0.698509693,0.760505438,1,0,0,0,0,1,0.0,1
0.289209098,0.290194392,0.18354173,0,1,0,1,0,0,0.0,1
0.378411204,0.422382057,0.0412551612,0,1,0,0,1,0,0.5,0
0.222517833,0.663637459,0.619243205,0,1,0,0,0,1,0.0,2
0.913028061,0.464662969,0.239751413,0,1,0,0,0,1,0.5,2
0.604222178,0.288018763,0.171810403,0,0,1,1,0,0,1.0,1
0.430808842,0.367723882,0.981602728,0,0,1,0,1,0,0.0,0
0.488905519,0.374470711,0.291864991,1,0,0,1,0,0,0.0,1
0.949919164,0.961357713,0.903443277,0,1,0,0,1,0,0.0,1
0.195683837,0.808682382,0.178218767,1,0,0,0,0,1,1.0,2
0.606918335,0.485621333,0.818977118,0,1,0,0,0,1,0.5,2
0.53059423,0.239829868,0.502018869,0,1,0,0,0,1,0.5,0
0.630881548,0.820465326,0.0785947666,1,0,0,0,1,0,1.0,2
0.0672046766,0.199323341,0.733605266,0,0,1,0,1,0,0.5,2
0.878517687,0.249939099,0.892073393,1,0,0,0,0,1,0.5,1
0.935512364,0.397712708,0.16301699,1,0,0,0,1,0,1.0,1
0.586876512,0.886330783,0.725590229,0,1,0,0,1,0,0.0,2
0.711818278,0.175197333,0.445052505,0,0,1,0,0,1,0.5,2
0.926374435,0.166122481,0.753870428,1,0,0,0,0,1,1.0,2
0.721876681,0.519276261,0.713927925,0,0,1,0,1,0,0.5,1
0.194912091,0.312590003,0.0266002305,0,0,1,0,1,0,0.0,2
0.597473919,0.59029156,0.17872104,0,0,1,1,0,0,0.0,0
0.626379311,0.479054838,0.471027255,0,0,1,0,1,0,0.0,2
0.452924132,0.463211149,0.933594167,0,1,0,1,0,0,0.0,2
0.749622047,0.15637432,0.34207347,0,1,0,0,1,0,0.0,2
0.937648654,0.183997199,0.628873467,0,1,0,1,0,0,0.0,1
0.929290116,0.83002466,0.0120837456,0,1,0,1,0,0,0.0,2
0.478297412,0.891588628,0.711126924,0,1,0,0,0,1,0.0,2
0.157576144,0.272949368,0.603068292,1,0,0,0,1,0,0.5,2
0.98559916,0.157787472,0.715394735,0,0,1,0,0,1,1.0,2
0.846953154,0.100745842,0.904660642,0,1,0,0,0,1,1.0,2
0.168429554,0.627882719,0.146498933,0,0,1,0,1,0,0.5,2
0.9247998,0.729585528,0.261589587,0,1,0,0,0,1,1.0,2
0.876401544,0.4041695,0.995780885,0,1,0,0,0,1,1.0,2
0.542896152,0.695692062,0.15628396,1,0,0,0,0,1,0.0,0
0.611711681,0.727310896,0.72062701,0,0,1,0,0,1,0.5,1
0.429052562,0.938575149,0.725075901,0,1,0,1,0,0,0.0,1
0.102023557,0.111629955,0.68299377,0,1,0,0,1,0,0.0,2
0.36843738,0.232677132,0.227440596,1,0,0,0,1,0,0.0,0
0.812710762,0.115099691,0.215134069,0,0,1,0,0,1,0.5,0
0.0544004217,0.874594212,0.666341066,0,0,1,0,1,0,0.5,2
0.36682421,0.802957773,0.18625018,0,1,0,1,0,0,0.5,0
0.428260267,0.595909953,0.661563337,1,0,0,0,0,1,0.0,0
0.560525835,0.129480243,0.49252829,1,0,0,0,0,1,0.5,0
0.923862815,0.309646755,0.386628866,0,1,0,0,0,1,0.0,1
0.379028708,0.332833856,0.300232351,0,0,1,1,0,0,1.0,2
0.379605532,0.582706034,0.94757694,0,1,0,0,1,0,0.0,1
0.750626206,0.295141697,0.508093655,0,0,1,1,0,0,1.0,1
0.479607046,0.119311869,0.561251938,1,0,0,0,1,0,1.0,2
0.263374567,0.744224191,0.949256063,0,1,0,1,0,0,0.5,1
0.479817539,0.334126204,0.653877318,0,1,0,1,0,0,0.0,1
0.183814168,0.479755461,0.9578529,0,1,0,0,0,1,0.5,2
0.217567638,0.171283305,0.106366739,0,0,1,0,0,1,0.5,2
0.523449361,0.812420905,0.846639633,0,0,1,0,0,1,1.0,1
0.447979182,0.587255299,0.335414618,1,0,0,1,0,0,1.0,2
0.919103622,0.90650636,0.810487509,0,0,1,1,0,0,0.0,1
0.394274205,0.520698011,0.855636597,0,0,1,0,1,0,1.0,1
0.601558924,0.944354415,0.271487892,0,1,0,1,0,0,0.0,1
0.650651097,0.897274792,0.408830613,1,0,0,0,1,0,0.0,2
0.0624397323,0.597636878,0.726014376,1,0,0,0,0,1,0.5,0
0.680360496,0.937198758,0.0990556329,0,1,0,0,0,1,1.0,1
0.219134167,0.356934309,0.755533516,0,0,1,1,0,0,0.5,2
0.963016808,0.397360057,0.110472925,0,0,1,0,1,0,1.0,1
0.191229597,0.0932040513,0.914455712,0,1,0,0,1,0,1.0,2
0.443892926,0.609740853,0.276339293,0,1,0,0,0,1,0.5,0
0.131082192,0.735827744,0.575599372,0,0,1,1,0,0,0.0,2
0.997030556,0.784843206,0.117153503,1,0,0,0,1,0,0.5,0
0.527085245,0.192325473,0.269493163,0,1,0,0,1,0,1.0,2
0.615615785,0.471951127,0.403955042,0,0,1,0,1,0,0.5,0
0.113722652,0.218020052,0.487048864,0,1,0,0,0,1,0.5,2
0.762462437,0.679021001,6.74976473e-05,1,0,0,1,0,0,1.0,1
0.249410316,0.200049058,0.888655782,1,0,0,0,1,0,1.0,2
0.903151572,0.908955514,0.00767480955,0,0,1,1,0,0,0.0,1
0.244882658,0.269102901,0.773684561,1,0,0,0,1,0,1.0,2
0.231153339,0.326832145,0.470578909,0,1,0,0,0,1,1.0,2
0.0847221836,0.858361006,0.523880005,1,0,0,1,0,0,1.0,2
0.498463601,0.485544235,0.208265483,0,0,1,0,1,0,1.0,2
0.586599052,0.072796151,0.60736835,0,1,0,0,0,1,1.0,1
0.112423204,0.51985693,0.537231922,1,0,0,0,0,1,0.0,2
0.786751211,0.130316168,0.164236411,1,0,0,0,0,1,1.0,0
0.480624408,0.986077487,0.238119006,1,0,0,0,1,0,0.5,1
0.548170745,0.608705997,0.0669036284,0,0,1,0,0,1,0.5,2
0.468724608,0.293706,0.0662835687,0,0,1,0,0,1,1.0,2
0.430724919,0.585531771,0.0137757864,1,0,0,0,0,1,0.5,0
0.581658304,0.123023748,0.220474333,0,1,0,0,0,1,0.0,2
0.197478235,0.809896767,0.679661214,1,0,0,0,0,1,0.5,2
0.222831726,0.929061651,0.316215396,0,1,0,0,1,0,0.0,2
0.868696332,0.880722165,0.342734277,0,1,0,1,0,0,0.0,2
0.948809683,0.374669731,0.131905392,0,0,1,0,1,0,0.5,0
0.404643863,0.359479725,0.575470686,1,0,0,0,1,0,0.5,0
0.307207435,0.0833332315,0.342143655,0,0,1,0,1,0,1.0,0
0.66179955,0.668830335,0.676316798,1,0,0,1,0,0,1.0,1
0.438297451,0.55815953,0.741459489,0,1,0,1,0,0,1.0,1
0.0741170347,0.486379057,0.584692895,0,0,1,0,0,1,0.5,2
0.198344961,0.912249386,0.276069552,0,0,1,1,0,0,0.0,2
0.730173588,0.20948495,0.508607805,0,0,1,0,1,0,0.0,2
0.675977767,0.0591829531,0.251930803,0,1,0,0,0,1,1.0,2
0.0757411942,0.119650632,0.902912855,0,0,1,1,0,0,0.0,2
0.260873556,0.262202859,0.766385734,1,0,0,0,1,0,0.5,2
0.269521058,0.0816212744,0.493005902,1,0,0,0,0,1,0.5,0
0.688298106,0.527701497,0.965457141,0,1,0,0,0,1,0.0,1
0.0687250122,0.34838593,0.546755433,0,0,1,0,0,1,0.5,2
0.148903146,0.221458852,0.328535467,1,0,0,0,1,0,0.0,2
0.809920251,0.762579858,0.0954672992,0,0,1,0,0,1,1.0,1
0.219617426,0.244228765,0.543745637,1,0,0,0,1,0,0.5,0
0.670108795,0.703224838,0.860416591,0,1,0,1,0,0,0.5,1
0.276273638,0.381801665,0.866718709,1,0,0,0,0,1,1.0,1
0.144469321,0.536236346,0.604567051,1,0,0,1,0,0,0.0,1
0.281013578,0.937173665,0.393438369,1,0,0,0,0,1,0.5,0
0.736153603,0.0854840502,0.65029633,0,1,0,0,0,1,0.5,1
0.862911642,0.525251269,0.762140334,1,0,0,0,0,1,0.0,1
0.838708878,0.861701787,0.411624789,0,1,0,0,1,0,1.0,0
0.427324355,0.608575523,0.476254165,0,1,0,1,0,0,0.5,1
0.684680879,0.313026994,0.680616319,1,0,0,0,0,1,1.0,1
0.244735077,0.427797079,0.876652598,0,0,1,0,0,1,0.0,2
0.328490347,0.696252346,0.79101038,1,0,0,0,1,0,0.0,1
0.901519001,0.896271288,0.0223913696,0,1,0,0,0,1,1.0,0
0.0623518266,0.089013055,0.124372341,0,0,1,0,1,0,0.0,2
0.131233111,0.117961884,0.852778196,1,0,0,0,0,1,1.0,2
0.247491941,0.358798951,0.833822846,1,0,0,1,0,0,0.5,2
0.0752055943,0.271140695,0.38880679,1,0,0,0,1,0,1.0,1
0.222363666,0.30168435,0.584277928,1,0,0,0,1,0,1.0,2
0.603889465,0.260206491,0.905844986,1,0,0,0,0,1,1.0,0
0.450353324,0.236033797,0.911558688,0,0,1,1,0,0,0.5,1
0.898038149,0.17409277,0.783092856,1,0,0,0,0,1,0.0,1
0.826571405,0.937256396,0.209588945,0,1,0,0,1,0,0.5,1
0.374726474,0.186979994,0.730282784,0,1,0,0,0,1,1.0,1
0.296452254,0.244183585,0.101098433,0,0,1,1,0,0,0.5,0
0.410707802,0.283952445,0.893938482,0,1,0,0,1,0,0.0,1
0.61078018,0.936364114,0.149148807,0,0,1,1,0,0,0.5,0
0.304660469,0.767928421,0.662348628,0,1,0,1,0,0,1.0,1
0.642941475,0.800214469,0.610243261,0,0,1,0,1,0,0.5,2
0.438941061,0.149520352,0.776899636,1,0,0,1,0,0,0.5,1
0.57444483,0.844494402,0.551577508,0,1,0,0,0,1,1.0,2
0.464320213,0.43778342,0.059566576,0,1,0,0,1,0,1.0,0
0.329742461,0.299681872,0.70584625,0,0,1,1,0,0,0.0,2
0.951030612,0.596962571,0.383154571,0,0,1,1,0,0,0.5,2
0.775425494,0.831073761,0.320284992,0,0,1,0,0,1,0.0,1
0.18310751,0.789719522,0.991673529,0,1,0,0,0,1,1.0,0
0.875044584,0.89549762,0.590399742,0,0,1,0,0,1,1.0,2
0.513059616,0.931725562,0.710719049,1,0,0,0,0,1,0.0,1
0.899824619,0.276215971,0.52632612,0,0,1,1,0,0,0.0,1
0.809862494,0.452665001,0.769972622,1,0,0,1,0,0,0.5,1
0.453952819,0.0638971105,0.752072752,1,0,0,1,0,0,0.0,1
0.0713458434,0.885355592,0.657146096,0,0,1,0,1,0,0.5,2
0.305243492,0.19684355,0.99774307,1,0,0,1,0,0,1.0,2
0.564552486,0.868401051,0.459793538,1,0,0,0,1,0,1.0,1
0.651804328,0.36291796,0.706192374,1,0,0,1,0,0,0.5,1
0.294993311,0.399726897,0.797777951,0,0,1,0,0,1,0.5,1
0.182388276,0.0871756449,0.376034707,0,0,1,1,0,0,1.0,2
0.843183696,0.360534847,0.457175016,1,0,0,0,1,0,0.5,1
0.985182047,0.893945515,0.969167292,0,1,0,0,0,1,0.0,2
0.549405694,0.0742700323,0.0322910175,1,0,0,1,0,0,0.5,1
0.213095322,0.436011106,0.335295647,0,0,1,0,1,0,1.0,2
0.308691949,0.0798296481,0.486212969,1,0,0,1,0,0,0.5,1
0.0674711391,0.402377248,0.00146499311,1,0,0,0,0,1,0.0,0
0.91858387,0.214008614,0.899127126,0,0,1,0,1,0,0.5,2
0.161863536,0.289607465,0.286244392,0,0,1,0,0,1,0.5,2
0.597690642,0.883718431,0.257704824,0,1,0,0,1,0,0.5,2
0.310352474,0.46424675,0.820326209,1,0,0,0,0,1,1.0,1
0.576469123,0.310108095,0.277983218,1,0,0,0,1,0,0.5,2
0.668849349,0.609871447,0.657622576,1,0,0,0,1,0,0.0,2
0.83825469,0.185001612,0.821503162,0,1,0,1,0,0,1.0,1
0.246100202,0.296422035,0.792476833,0,1,0,0,0,1,0.5,2
0.0604460388,0.568935573,0.781950712,1,0,0,1,0,0,1.0,2
0.180041343,0.275646895,0.0886375681,0,0,1,0,0,1,0.5,2
0.905017734,0.695171356,0.0798469707,1,0,0,0,0,1,1.0,1
0.880195558,0.516916752,0.306770027,1,0,0,1,0,0,0.5,1
0.617542446,0.783389628,0.0359478816,1,0,0,0,1,0,0.0,2
0.620491028,0.950832307,0.500429749,0,0,1,0,0,1,1.0,2
0.681784868,0.160014644,0.394782066,0,1,0,0,1,0,0.5,2
0.216602713,0.367931753,0.557025909,0,1,0,0,0,1,0.5,2
0.918691337,0.353571624,0.298788548,1,0,0,1,0,0,0.5,1
0.447831988,0.193623766,0.485754013,1,0,0,0,1,0,1.0,0
0.413981616,0.819787979,0.334744751,1,0,0,1,0,0,1.0,1
0.542971849,0.771884739,0.195208088,0,0,1,0,0,1,0.5,0
0.0946176648,0.510204196,0.649366677,1,0,0,1,0,0,0.5,2
0.207969204,0.560882211,0.673435926,0,0,1,0,0,1,0.5,2
0.751131952,0.106566928,0.829231679,1,0,0,0,1,0,1.0,1
0.128658742,0.577731967,0.874751806,1,0,0,0,1,0,0.0,2
0.622994483,0.801774442,0.704461932,1,0,0,1,0,0,0.0,1
0.283081651,0.595136166,0.687498093,0,1,0,1,0,0,0.5,1
0.419830829,0.302041054,0.0566756651,1,0,0,0,1,0,1.0,0
0.324259043,0.684170842,0.109779239,1,0,0,1,0,0,0.5,1
0.387889087,0.393414021,0.812562704,1,0,0,1,0,0,0.5,2
0.733093619,0.567629635,0.232951269,1,0,0,0,1,0,1.0,1
0.332265615,0.51318711,0.355565071,0,0,1,0,0,1,0.0,0
0.5880844,0.412116259,0.145297348,0,0,1,1,0,0,1.0,0
0.50224787,0.732934058,0.19515197,1,0,0,1,0,0,0.5,0
0.680487633,0.889682293,0.775417209,0,0,1,0,1,0,0.0,1
0.939988256,0.0549518913,0.261859626,1,0,0,0,0,1,1.0,1
0.745943487,0.936935723,0.449034959,1,0,0,0,0,1,0.0,0
0.254193366,0.535939395,0.15167138,0,0,1,1,0,0,1.0,1
0.0796239749,0.715695262,0.677929878,0,0,1,1,0,0,1.0,2
0.299150854,0.862843335,0.728269756,1,0,0,0,0,1,0.0,1
0.61532402,0.493748516,0.361692309,0,1,0,1,0,0,0.0,0
0.0988545194,0.84322536,0.784746647,1,0,0,0,0,1,0.5,2
0.521547914,0.218738824,0.239906654,1,0,0,1,0,0,0.5,1
0.617000699,0.201209158,0.691903889,0,1,0,1,0,0,0.0,2
0.367531687,0.6745978,0.729964554,0,0,1,0,1,0,0.5,1
0.782366574,0.876635849,0.968657374,0,1,0,0,0,1,0.5,1
0.151268333,0.897804856,0.232321665,1,0,0,0,0,1,1.0,2
0.121380895,0.661553442,0.0937104821,0,0,1,1,0,0,0.5,1
0.741779327,0.54921478,0.263035417,0,1,0,0,1,0,1.0,0
0.520716727,0.364823431,0.122862197,0,1,0,0,0,1,0.5,2
0.703982294,0.981000423,0.169694304,1,0,0,1,0,0,0.0,1
0.463085979,0.35371089,0.334114522,0,1,0,1,0,0,1.0,1
0.284081936,0.756976783,0.413990736,1,0,0,0,1,0,0.5,1
0.828147173,0.555382729,0.903724253,0,0,1,0,0,1,0.0,1
0.809445083,0.628086746,0.195615768,0,1,0,0,0,1,1.0,2
0.709961653,0.423806518,0.971758962,0,0,1,1,0,0,0.5,2
0.308537871,0.966581941,0.810153186,0,0,1,1,0,0,0.0,1
0.610719144,0.593098223,0.881471395,1,0,0,0,1,0,1.0,0
0.392925203,0.94089824,0.929444015,0,1,0,0,0,1,0.5,1
0.137002975,0.0572118461,0.753241181,0,0,1,0,0,1,0.5,2
0.921447873,0.594037056,0.788779855,0,1,0,0,1,0,1.0,1
0.1799777,0.731327534,0.437818289,0,1,0,0,0,1,0.0,2
0.95272547,0.757826149,0.510450244,0,1,0,0,1,0,1.0,2
0.473705471,0.90972805,0.932485402,0,1,0,0,0,1,0.0,1
0.225876287,0.0541815273,0.378255904,0,0,1,0,1,0,0.0,2
0.564805925,0.0503136516,0.0419470742,0,1,0,0,1,0,1.0,1
0.879298568,0.498650283,0.762754381,1,0,0,1,0,0,0.0,1
0.745613635,0.0778290182,0.573157489,1,0,0,0,0,1,0.5,0
0.816233099,0.975805938,0.81487596,0,1,0,1,0,0,1.0,1
0.675844193,0.26096192,0.075551264,0,1,0,0,1,0,0.0,1
0.707662761,0.499031484,0.621231973,1,0,0,0,1,0,0.5,0
0.856735885,0.108080752,0.247705892,0,1,0,0,1,0,0.0,1
0.287184596,0.545946002,0.903268576,0,0,1,0,0,1,1.0,1
0.514953732,0.41095832,0.109909937,0,1,0,1,0,0,0.5,2
0.260148972,0.0924270302,0.843069255,0,1,0,0,1,0,0.0,1
0.988284588,0.368368059,0.0885542557,0,0,1,0,0,1,1.0,0
0.94685638,0.421864212,0.0250973552,0,1,0,0,1,0,0.0,1
0.0874554738,0.990425408,0.235059425,0,0,1,0,1,0,1.0,1
0.720296443,0.247491583,0.333044529,0,0,1,0,1,0,0.5,0
0.928985894,0.567540646,0.6265288,1,0,0,0,1,0,1.0,0
0.221546575,0.987949789,0.131724596,1,0,0,1,0,0,0.5,2
0.589547992,0.802418232,0.437329948,0,1,0,0,1,0,0.0,2
0.919713855,0.993699133,0.204263598,1,0,0,0,1,0,0.0,0
0.0822486803,0.969883382,0.855303347,0,1,0,1,0,0,0.5,2
0.712549269,0.515062571,0.0449665077,0,1,0,1,0,0,0.0,2
0.332481563,0.711557031,0.355937719,1,0,0,0,1,0,0.5,1
0.928176403,0.154920965,0.631374061,1,0,0,1,0,0,0.0,1
0.972505331,0.469091386,0.913088202,0,1,0,1,0,0,0.0,2
0.947053194,0.818567634,0.867993414,0,1,0,1,0,0,1.0,1
0.50050348,0.530068576,0.895192027,0,1,0,1,0,0,1.0,2
0.868940532,0.717564106,0.0628532916,0,0,1,0,1,0,1.0,0
0.852321923,0.75846374,0.84092325,0,1,0,0,0,1,0.5,1
0.35314545,0.290795684,0.779912591,0,1,0,0,0,1,1.0,1
0.837469697,0.881914377,0.902431667,0,1,0,0,1,0,1.0,0
0.0851572528,0.486831307,0.311576277,1,0,0,0,0,1,1.0,2
0.616456389,0.249675855,0.911765099,1,0,0,1,0,0,0.0,1
0.268508404,0.872145116,0.402641088,0,0,1,0,0,1,0.5,2
0.164538547,0.446927875,0.634099662,0,1,0,0,1,0,1.0,2
0.123105541,0.762796819,0.424178988,0,1,0,0,0,1,1.0,2
0.711474359,0.570631444,0.427648425,0,1,0,0,1,0,1.0,0
0.372881204,0.412778169,0.546636999,0,1,0,0,0,1,0.0,0
0.73852843,0.819382608,0.355926722,0,1,0,1,0,0,0.5,0
0.112088524,0.605246425,0.792737007,0,1,0,1,0,0,1.0,2
0.349525809,0.421034008,0.63363874,1,0,0,1,0,0,1.0,1
0.562516749,0.154117972,0.689755738,0,0,1,0,0,1,1.0,0
0.801186979,0.900673032,0.2310348,1,0,0,0,0,1,0.0,1
0.352814883,0.0836961046,0.969575286,1,0,0,0,0,1,0.0,1
0.644596815,0.870027959,0.660176098,1,0,0,1,0,0,1.0,1
0.89167887,0.391963452,0.197195858,0,0,1,0,0,1,0.0,1
0.635070026,0.657371819,0.750490248,0,1,0,0,0,1,0.5,2
0.271311492,0.926089764,0.173714101,0,0,1,0,1,0,1.0,0
0.0731807426,0.194121286,0.063384898,1,0,0,1,0,0,0.5,2
0.876593947,0.58860296,0.52755338,1,0,0,0,0,1,0.5,1
0.0702059418,0.776211202,0.553523958,1,0,0,0,1,0,0.5,2
0.880966604,0.76970464,0.188965574,1,0,0,0,1,0,0.0,1
0.552490294,0.549350321,0.348378956,0,1,0,0,1,0,0.0,1
0.942114294,0.643502474,0.94576931,1,0,0,1,0,0,0.5,0
0.80884409,0.769650638,0.285003245,1,0,0,0,1,0,0.0,2
0.998037398,0.848976254,0.155568063,0,1,0,1,0,0,0.0,1
0.383176237,0.77372247,0.992561936,1,0,0,0,1,0,1.0,1
0.778828859,0.386304706,0.302305549,0,1,0,0,0,1,1.0,0
0.43183437,0.996890068,0.680253685,0,0,1,1,0,0,1.0,1
0.505881846,0.462777555,0.231560186,0,1,0,1,0,0,1.0,0
0.646130204,0.0732414648,0.550121188,1,0,0,0,0,1,0.5,1
0.87999326,0.394486099,0.386281997,0,1,0,0,1,0,0.0,2
0.984879315,0.171393812,0.961579263,1,0,0,1,0,0,0.5,1
0.779859722,0.165370479,0.432805866,1,0,0,1,0,0,1.0,0
0.446878433,0.317458302,0.584174156,0,0,1,1,0,0,1.0,0
0.45028916,0.100706719,0.944766283,1,0,0,1,0,0,0.0,1
0.750703216,0.704086602,0.989234328,1,0,0,1,0,0,0.0,1
0.276838303,0.120289437,0.101658367,1,0,0,0,0,1,0.0,0
0.15495041,0.243125081,0.834320724,0,1,0,1,0,0,1.0,2
0.386891037,0.138254732,0.382116497,1,0,0,1,0,0,0.0,1
0.322877049,0.110009342,0.594828725,1,0,0,0,0,1,0.0,0
0.331492722,0.304364085,0.375048071,1,0,0,0,1,0,1.0,2
0.271927357,0.593304038,0.401116192,0,0,1,1,0,0,0.5,1
0.0899885297,0.966451287,0.158857539,0,0,1,0,0,1,0.5,2
0.0669802353,0.881778836,0.572766483,0,1,0,0,0,1,1.0,2
0.988336265,0.882137239,0.546715975,0,0,1,0,1,0,0.5,1
0.45638448,0.217263684,0.189355791,0,0,1,1,0,0,1.0,0
0.41511032,0.301661819,0.541730404,0,1,0,1,0,0,0.5,1
0.695664942,0.122573651,0.973101854,0,0,1,0,1,0,0.0,0
0.257341206,0.78954494,0.714408576,1,0,0,0,0,1,0.5,1
0.95246315,0.116325483,0.480982572,1,0,0,0,0,1,1.0,0
0.797027767,0.578860879,0.916083992,1,0,0,0,0,1,1.0,1
0.134940445,0.285481781,0.575314343,0,0,1,0,1,0,0.5,2
0.446701735,0.281273365,0.135048002,0,1,0,0,1,0,1.0,2
0.885162413,0.991188824,0.54750967,0,0,1,0,0,1,0.5,1
0.947495401,0.768940806,0.180973113,0,1,0,1,0,0,1.0,0
0.494031429,0.845092416,0.767504811,1,0,0,1,0,0,0.0,2
0.632740796,0.593383551,0.967174232,0,1,0,0,0,1,0.5,1
0.208682254,0.877463579,0.360818595,1,0,0,1,0,0,0.5,2
0.991610169,0.663215995,0.434917867,0,0,1,0,0,1,0.0,2
0.270088106,0.948864996,0.421496481,0,0,1,0,0,1,1.0,0
0.945595205,0.31727165,0.285299987,0,1,0,1,0,0,0.5,2
0.667164326,0.615553558,0.794179976,0,0,1,1,0,0,0.0,0
0.627349973,0.705624759,0.617728353,0,1,0,0,1,0,1.0,1
0.537054062,0.423290431,0.0640515536,0,0,1,1,0,0,0.0,1
0.26913631,0.885722578,0.838806331,0,0,1,1,0,0,0.0,2
0.217701629,0.980813026,0.187088236,0,0,1,1,0,0,0.5,2
0.25946191,0.519080997,0.979151189,0,1,0,1,0,0,1.0,1
0.227116346,0.421108633,0.376663148,0,1,0,0,0,1,0.5,2
0.790605247,0.498341024,0.616449654,0,1,0,1,0,0,1.0,0
0.382618994,0.860099912,0.0778236166,0,0,1,0,0,1,1.0,2
0.10495054,0.663195014,0.344663262,1,0,0,0,0,1,0.0,2
0.970647514,0.0925337523,0.802353978,0,1,0,0,1,0,0.0,2
0.889596581,0.56506139,0.477208495,1,0,0,0,0,1,0.5,1
0.931364655,0.0664351135,0.904603481,0,1,0,1,0,0,1.0,1
0.995162427,0.789608598,0.57513845,0,1,0,0,1,0,0.0,0
0.215200484,0.361896664,0.928572178,1,0,0,0,1,0,1.0,2
0.426429927,0.498407096,0.982609928,1,0,0,0,1,0,0.0,1
0.770326555,0.808744192,0.453894556,0,0,1,0,0,1,0.0,0
0.711219609,0.0941263735,0.565156579,1,0,0,0,0,1,0.5,0
0.196201116,0.200614452,0.834920645,0,1,0,0,0,1,1.0,2
0.825041473,0.42806235,0.221533,1,0,0,0,1,0,0.0,1
0.263218552,0.268428892,0.861629546,1,0,0,0,0,1,1.0,2
0.262626737,0.37100634,0.591920137,1,0,0,0,0,1,1.0,1
0.560125709,0.998265982,0.725500107,1,0,0,0,1,0,1.0,1
0.613292933,0.834143698,0.079854019,0,0,1,0,1,0,0.0,1
0.601081908,0.889706731,0.766187668,0,1,0,1,0,0,1.0,1
0.136912495,0.940201879,0.310786903,0,1,0,0,1,0,0.5,2
0.883587837,0.373889089,0.805232286,0,1,0,0,1,0,0.5,2
0.302320033,0.332223117,0.509152532,0,0,1,0,1,0,0.0,2
0.173039168,0.272359371,0.274614334,1,0,0,1,0,0,0.5,2
0.894310653,0.838611066,0.952759683,0,1,0,1,0,0,0.5,2
0.957868934,0.695574284,0.765062392,0,1,0,1,0,0,0.0,2
0.869021237,0.274363369,0.985686064,1,0,0,0,1,0,1.0,2
0.819040298,0.408144146,0.364469886,0,1,0,1,0,0,0.0,1
0.672479868,0.531376183,0.649219632,1,0,0,0,1,0,0.0,2
0.573314488,0.551733077,0.611588657,0,0,1,0,0,1,0.5,2
0.132637426,0.894291341,0.687556744,0,1,0,1,0,0,0.0,0
0.438030541,0.411537826,0.0383165665,0,1,0,0,0,1,1.0,1
0.404054105,0.913097858,0.291719317,1,0,0,0,1,0,0.0,0
0.296766102,0.469299197,0.90933758,0,0,1,0,0,1,0.0,1
0.737249136,0.759054065,0.423820049,0,1,0,1,0,0,1.0,2
0.521081924,0.933741629,0.960643709,1,0,0,1,0,0,0.0,1
0.126993909,0.912196934,0.213503167,0,0,1,0,1,0,1.0,2
0.259174049,0.104105227,0.997423947,1,0,0,1,0,0,1.0,1
0.699095845,0.245419085,0.697580934,0,1,0,0,0,1,0.5,0
0.122324318,0.503060162,0.776393414,0,1,0,0,0,1,0.0,2
0.858646572,0.459976584,0.396861166,0,1,0,1,0,0,1.0,2
0.520389199,0.658847094,0.907008111,1,0,0,1,0,0,0.0,1
0.506557226,0.947473586,0.545462906,0,0,1,0,1,0,0.5,1
0.612787366,0.156784475,0.680938363,0,1,0,0,0,1,0.5,1
0.83344692,0.47926572,0.094808273,0,1,0,1,0,0,0.5,1
0.380418748,0.232790485,0.631680727,1,0,0,0,0,1,1.0,2
0.694115341,0.899402201,0.879078984,0,1,0,0,1,0,0.5,1
0.587445378,0.966351151,0.178283229,1,0,0,0,0,1,0.0,0
0.303676844,0.504766583,0.737725914,0,1,0,0,1,0,0.0,1
0.88469851,0.148809776,0.0254007597,0,0,1,0,0,1,1.0,2
0.807554722,0.796029925,0.926203012,0,1,0,0,1,0,0.0,1
0.675529242,0.712284267,0.98291713,1,0,0,1,0,0,1.0,2
0.858052671,0.38693729,0.354180068,0,1,0,1,0,0,0.5,1
0.873929501,0.893037081,0.107073851,1,0,0,0,1,0,1.0,1
0.722944856,0.977040291,0.658576369,1,0,0,0,0,1,1.0,1
0.84516269,0.579961181,0.0298345145,1,0,0,0,0,1,0.0,1
0.712597907,0.587441504,0.482486278,0,0,1,0,0,1,0.0,0
0.696133733,0.332637817,0.27177918,0,0,1,1,0,0,0.5,1
0.637680829,0.605280757,0.473339051,0,1,0,1,0,0,0.0,1
0.76508081,0.467660218,0.0182755142,1,0,0,0,0,1,0.0,1
0.200674847,0.337081462,0.0516121835,0,0,1,1,0,0,0.0,2
0.88682723,0.11382594,0.0159758292,1,0,0,1,0,0,0.0,1
0.878251374,0.290072471,0.619131863,0,1,0,1,0,0,0.0,0
0.0777849182,0.237961918,0.560092926,1,0,0,0,1,0,0.5,2
0.834525943,0.564939857,0.233157992,0,0,1,0,1,0,0.5,0
0.172426373,0.621586502,0.646643102,0,0,1,1,0,0,0.5,2
0.368362904,0.628143132,0.884207249,1,0,0,1,0,0,0.5,1
0.756332815,0.418771952,0.277322114,1,0,0,1,0,0,0.5,1
0.202721909,0.450168252,0.831993818,1,0,0,0,0,1,0.0,2
0.827068686,0.842526495,0.662509143,1,0,0,0,1,0,1.0,1
0.840527475,0.5024212,0.0338204429,1,0,0,0,0,1,0.5,2
0.532094359,0.988384664,0.375149906,1,0,0,1,0,0,1.0,1
0.0560665764,0.467636377,0.507757187,0,1,0,1,0,0,0.5,2
0.322686225,0.66710192,0.731699169,0,1,0,0,0,1,1.0,1
0.636080563,0.0978448465,0.287130564,0,0,1,1,0,0,0.0,1
0.982126892,0.670672953,0.982730091,1,0,0,0,1,0,0.0,0
0.650222838,0.858855069,0.684539735,0,1,0,0,1,0,0.0,2
0.296813399,0.945334971,0.372813672,1,0,0,1,0,0,1.0,2
0.652305424,0.997454584,0.0970250368,0,0,1,0,1,0,0.5,0
0.562986135,0.318069726,0.181367755,0,1,0,1,0,0,0.0,2
0.790853143,0.596601546,0.487607747,1,0,0,1,0,0,1.0,1
0.151631609,0.478182077,0.494695365,1,0,0,1,0,0,0.5,1
0.772976518,0.585626602,0.767718792,1,0,0,0,1,0,0.0,1
0.564203262,0.199580312,0.72617662,1,0,0,0,0,1,0.5,1
0.964842379,0.863342106,0.201273039,1,0,0,0,1,0,0.5,1
0.374778569,0.914090514,0.594956636,1,0,0,0,1,0,0.0,2
0.650990784,0.477178574,0.0206218008,0,0,1,0,0,1,0.0,0
0.935426712,0.316408366,0.398547411,1,0,0,0,1,0,0.5,2
0.147384241,0.183791757,0.76410526,1,0,0,1,0,0,0.0,2
0.940367043,0.699576557,0.399508595,0,1,0,0,1,0,0.0,1
0.703491449,0.346620262,0.835596263,1,0,0,1,0,0,0.0,1
0.11444521,0.914061666,0.976155281,1,0,0,1,0,0,1.0,1
0.335915387,0.687461853,0.607212603,0,1,0,0,1,0,0.0,0
0.722763479,0.663401067,0.145004079,0,1,0,0,0,1,0.0,1
0.113983072,0.581431985,0.379677206,1,0,0,0,1,0,0.5,2
0.603061914,0.0934875235,0.0094833551,0,0,1,0,1,0,0.5,0
0.378588915,0.935326338,0.602725923,0,1,0,0,1,0,0.0,0
0.63986975,0.646540642,0.821568489,0,1,0,1,0,0,0.5,1
0.0934549347,0.994358897,0.629940093,1,0,0,1,0,0,1.0,2
0.877959967,0.560488582,0.786086202,0,1,0,0,0,1,0.0,0
0.974814534,0.724605322,0.799903929,1,0,0,0,0,1,0.5,1
0.97043395,0.103399083,0.851012588,0,0,1,0,1,0,0.5,2
0.762169242,0.650149345,0.26666379,0,0,1,0,0,1,0.0,0
0.173581928,0.776417136,0.871268511,1,0,0,0,1,0,0.5,2
0.770350039,0.789588571,0.654093981,0,0,1,1,0,0,0.5,2
0.0733575672,0.781606078,0.289725542,1,0,0,0,1,0,0.5,2
0.0710173771,0.264968485,0.987294734,0,1,0,0,1,0,0.0,2
0.357429713,0.976628542,0.950182378,0,1,0,0,1,0,0.0,0
0.514211059,0.995423019,0.574440956,1,0,0,0,1,0,0.5,2
0.781887054,0.121816084,0.843208373,1,0,0,0,0,1,0.5,0
0.699130595,0.939624131,0.261494488,0,1,0,0,1,0,0.5,1
0.47360757,0.324976742,0.416036993,1,0,0,1,0,0,0.0,1
0.309945345,0.704819858,0.183971763,0,1,0,0,1,0,0.5,0
0.99726826,0.371205389,0.52010262,1,0,0,1,0,0,0.5,1
0.454872251,0.96936661,0.496001422,0,1,0,0,0,1,0.5,0
0.478817672,0.14642866,0.212813228,0,0,1,0,1,0,1.0,1
0.205442637,0.522859454,0.672801673,0,0,1,1,0,0,1.0,2
0.805069089,0.456645399,0.117790297,0,1,0,0,1,0,0.5,1
0.708998144,0.359722286,0.0616914518,0,1,0,0,1,0,0.5,0
0.259731144,0.663257301,0.384904981,0,1,0,0,0,1,1.0,0
0.128261998,0.174502954,0.409824789,0,1,0,1,0,0,0.5,2
0.696474314,0.730829298,0.319740593,0,1,0,1,0,0,0.5,2
0.671785653,0.981562495,0.25794664,0,0,1,1,0,0,0.0,1
0.309596539,0.814330757,0.33877635,0,1,0,0,1,0,1.0,2
0.953320384,0.867015898,0.163375571,1,0,0,0,0,1,1.0,0
0.193505004,0.391654909,0.403452456,0,0,1,0,1,0,1.0,2
0.460718066,0.35864228,0.904603362,0,1,0,0,0,1,0.0,1
0.946435153,0.541195929,0.22442688,1,0,0,0,0,1,0.0,0
0.448740959,0.0934402868,0.684451103,0,0,1,1,0,0,1.0,1
0.656599641,0.948090255,0.141784504,1,0,0,0,0,1,0.0,2
0.427714676,0.186595917,0.353906631,0,1,0,1,0,0,0.0,2
0.310504436,0.907862365,0.321174771,1,0,0,0,1,0,0.0,2
0.984778762,0.129403114,0.937029421,1,0,0,0,1,0,0.5,1
0.438867301,0.831493676,0.427982062,0,0,1,0,0,1,1.0,2
0.899394214,0.194364399,0.690465927,1,0,0,1,0,0,0.5,2
0.268456876,0.0862250328,0.602462828,1,0,0,1,0,0,1.0,1
0.252449483,0.733514965,0.141030073,0,0,1,0,1,0,0.0,1
0.0795773789,0.316252023,0.939540446,0,1,0,0,0,1,1.0,2
0.669083476,0.728771329,0.345869303,1,0,0,1,0,0,1.0,0
0.400100023,0.577331007,0.0447583571,0,1,0,1,0,0,0.5,0
0.871140361,0.153367028,0.300443709,0,0,1,0,0,1,0.5,2
0.499549419,0.93552357,0.335633725,0,1,0,0,1,0,0.0,1
0.969783783,0.479698479,0.0927453265,1,0,0,1,0,0,0.0,2
0.226249233,0.747724891,0.619977415,1,0,0,1,0,0,0.5,2
0.875191987,0.525969565,0.346764207,0,1,0,0,0,1,1.0,0
0.787766993,0.624143422,0.629134595,0,1,0,0,0,1,1.0,2
0.782375753,0.337634921,0.00674056355,1,0,0,1,0,0,0.0,1
0.852544069,0.240342289,0.982048392,0,0,1,1,0,0,0.0,1
0.772972763,0.565441668,0.170516357,1,0,0,0,0,1,0.0,2
0.644909322,0.468208015,0.659330964,1,0,0,0,0,1,1.0,1
0.174682632,0.420607567,0.715784311,0,1,0,1,0,0,1.0,2
0.0808998719,0.688938856,0.171608344,1,0,0,0,0,1,0.0,2
0.924805462,0.705981314,0.111712284,0,1,0,1,0,0,1.0,1
0.635817826,0.0936240554,0.152577192,0,0,1,0,0,1,1.0,2
0.806710422,0.371807277,0.246818259,1,0,0,1,0,0,1.0,2
0.507446229,0.441176325,0.168232113,0,0,1,1,0,0,1.0,2
0.161442786,0.142047554,0.673999429,0,0,1,0,0,1,1.0,2
0.168926507,0.274105817,0.4208332,1,0,0,0,1,0,1.0,2
0.701287031,0.0990597084,0.53779161,0,1,0,1,0,0,0.0,1
0.4587906,0.99642998,0.047336787,0,1,0,0,1,0,0.0,1
0.240498483,0.749729335,0.86124897,1,0,0,0,1,0,0.5,2
0.517014802,0.133077651,0.170571551,0,1,0,0,0,1,0.0,0
0.110998489,0.0692369118,0.360152334,0,1,0,1,0,0,0.5,2
0.602872849,0.733323395,0.0719016418,0,0,1,0,1,0,1.0,1
0.305543721,0.467232555,0.136793137,0,1,0,1,0,0,1.0,1
0.807681143,0.797456861,0.665799439,0,1,0,1,0,0,1.0,1
0.344843864,0.927302241,0.692587018,1,0,0,0,1,0,0.0,0
0.482459128,0.619335353,0.676965475,0,0,1,0,1,0,1.0,2
0.0610395111,0.227752998,0.552136779,0,1,0,1,0,0,0.0,2
0.118824542,0.793084323,0.952521682,1,0,0,0,1,0,0.0,2
0.422868878,0.958021164,0.507177174,0,1,0,0,1,0,0.0,0
0.505941868,0.601219714,0.449412018,0,0,1,1,0,0,1.0,2
0.620019495,0.697897553,0.24754557,0,0,1,0,1,0,0.0,1
0.327079445,0.370600969,0.0988495275,0,0,1,0,1,0,0.5,0
0.710232794,0.412451297,0.54815495,0,0,1,1,0,0,0.5,0
0.867116272,0.747921765,0.314890176,0,0,1,0,1,0,1.0,0
0.790858448,0.931382537,0.524025381,0,0,1,0,0,1,0.5,2
0.0876378864,0.64753896,0.206119075,1,0,0,1,0,0,0.0,2
0.506481588,0.800355494,0.838172674,0,0,1,0,0,1,0.5,1
0.149683669,0.213053271,0.999697208,0,1,0,1,0,0,1.0,2
0.279942751,0.251361132,0.32240352,0,1,0,0,0,1,0.5,0
0.987329483,0.555432975,0.842327595,0,1,0,0,0,1,0.5,1
0.185370773,0.217726484,0.872986138,0,1,0,0,1,0,0.5,2
0.523943722,0.65324533,0.996073782,0,0,1,1,0,0,0.0,1
0.63724792,0.327070534,0.342720121,0,0,1,1,0,0,0.0,0
0.717341721,0.801955998,0.756041408,1,0,0,0,1,0,0.5,1
0.581666231,0.817704856,0.228808999,0,0,1,0,1,0,0.0,1
0.0592823066,0.490598083,0.624795973,0,1,0,0,0,1,0.5,0
0.360138237,0.221770108,0.704842567,1,0,0,1,0,0,0.5,1
0.541826069,0.664436221,0.741120696,1,0,0,0,1,0,0.5,2
0.133473173,0.993147671,0.20717217,1,0,0,0,1,0,1.0,2
0.383095592,0.641461372,0.848725557,1,0,0,0,0,1,1.0,0
0.0815429538,0.0839859545,0.42097187,0,0,1,0,0,1,0.0,0
0.124649569,0.0664292797,0.216369525,1,0,0,0,1,0,1.0,2
0.427077115,0.354343861,0.542531073,0,0,1,0,0,1,0.0,2
0.176079974,0.235994622,0.863357127,1,0,0,1,0,0,0.5,2
0.58916378,0.822398663,0.967087924,0,0,1,0,0,1,1.0,1
0.704991698,0.852565408,0.748207808,0,0,1,1,0,0,0.5,2
0.810557365,0.295687824,0.00562288612,0,1,0,0,1,0,0.0,2
0.240142733,0.359362543,0.13470076,0,0,1,0,1,0,0.5,2
0.209108457,0.274434626,0.0762739852,1,0,0,0,0,1,1.0,1
0.149339452,0.91296339,0.101213746,1,0,0,0,1,0,0.0,0
0.654608727,0.527516842,0.383034945,0,0,1,0,0,1,1.0,1
0.721151948,0.673330188,0.338493317,0,0,1,0,0,1,1.0,0
0.0800068378,0.44470799,0.113684982,0,0,1,0,0,1,1.0,2
0.939401627,0.649463475,0.882235348,0,0,1,0,0,1,1.0,1
0.0993727222,0.416562617,0.615427554,0,1,0,1,0,0,0.5,0
0.564231515,0.372694522,0.796463311,0,1,0,1,0,0,0.0,1
0.723607481,0.652756095,0.371549398,0,1,0,0,1,0,1.0,0
0.877420664,0.611508965,0.410236031,0,1,0,0,0,1,1.0,0
0.728382587,0.328851551,0.317621201,0,1,0,0,1,0,0.5,1
0.811641693,0.191881031,0.438426614,0,0,1,0,0,1,1.0,1
0.37247768,0.400147855,0.610377252,0,1,0,0,1,0,0.0,2
0.824083865,0.444437772,0.492983997,0,1,0,1,0,0,1.0,2
0.126109108,0.647250116,0.83791703,0,0,1,0,1,0,1.0,2
0.900075853,0.918802321,0.900139153,0,0,1,0,0,1,1.0,1
0.570212781,0.0843755603,0.469683856,1,0,0,0,0,1,0.0,2
0.826432884,0.281477958,0.239747986,1,0,0,0,1,0,1.0,2
0.479702383,0.234030142,0.945192397,1,0,0,0,1,0,0.0,2
0.661398828,0.527179718,0.735038638,0,1,0,0,0,1,0.0,1
0.550082505,0.458215773,0.640127063,0,0,1,0,1,0,1.0,0
0.745010018,0.742585719,0.745413721,1,0,0,1,0,0,0.5,1
0.127548486,0.280295104,0.0759817809,1,0,0,0,0,1,1.0,2
0.10733448,0.614773452,0.0676263273,0,1,0,0,0,1,0.5,0
0.284748077,0.889664412,0.153120652,1,0,0,1,0,0,1.0,0
0.201567441,0.915143847,0.147450969,0,0,1,0,1,0,0.5,2
0.878194392,0.960845351,0.42067048,0,0,1,1,0,0,0.0,0
0.258253276,0.784598112,0.15740408,1,0,0,0,0,1,0.0,0
0.977072001,0.910688519,0.854525626,0,0,1,1,0,0,1.0,0
0.370050997,0.27280432,0.578096926,1,0,0,0,1,0,1.0,2
0.223012015,0.237701893,0.368261904,1,0,0,0,1,0,0.5,2
0.800213575,0.0561636798,0.069622539,0,0,1,0,0,1,0.5,0
0.675772369,0.721502125,0.591027796,0,0,1,0,0,1,0.0,0
0.523285925,0.940593839,0.116532817,0,1,0,1,0,0,0.5,0
0.577595353,0.227588579,0.74322027,0,1,0,0,1,0,0.0,1
0.733241677,0.655096412,0.802758098,1,0,0,1,0,0,0.0,1
0.267031997,0.759136796,0.543976247,0,0,1,0,0,1,0.5,0
0.996517241,0.931233525,0.14960286,1,0,0,1,0,0,1.0,1
0.976053476,0.664517224,0.786862731,0,1,0,0,1,0,0.5,1
0.667809427,0.971779048,0.307827801,1,0,0,0,0,1,1.0,1
0.239565328,0.377439469,0.222653136,0,0,1,1,0,0,0.0,0
0.696216822,0.382432103,0.470556647,0,0,1,1,0,0,0.0,2
0.118588485,0.565861881,0.922646224,0,1,0,0,1,0,1.0,2
0.079119876,0.414326787,0.297373295,1,0,0,0,1,0,0.0,2
0.294798732,0.0513544418,0.905578494,1,0,0,1,0,0,0.0,1
0.48949182,0.745183408,0.0536533073,0,0,1,0,1,0,0.5,2
0.874858856,0.764131188,0.0835237056,0,1,0,0,0,1,0.5,0
0.740810633,0.759625852,0.698561013,0,0,1,1,0,0,0.0,1
0.755571187,0.377769619,0.190592661,0,0,1,1,0,0,0.5,2
0.454218656,0.546175003,0.316620678,0,1,0,0,0,1,0.0,1
0.378638238,0.391974837,0.136372983,0,0,1,0,1,0,0.0,2
0.402486831,0.0652345791,0.332248271,1,0,0,0,0,1,1.0,2
0.988267064,0.584326506,0.28046,1,0,0,0,0,1,0.5,1
0.088103734,0.167572632,0.736337662,1,0,0,1,0,0,0.5,2
0.873679936,0.126039252,0.702023387,0,0,1,0,0,1,0.0,1
0.599741638,0.767724097,0.954927206,0,1,0,0,1,0,1.0,1
0.466684639,0.0590308905,0.72442168,0,1,0,1,0,0,0.5,0
0.738994777,0.961058021,0.694817781,0,1,0,0,1,0,0.5,1
0.512335479,0.539492607,0.694203913,0,1,0,0,0,1,0.0,2
0.8797521,0.983865619,0.882967472,0,1,0,0,0,1,0.5,1
0.905666769,0.105097696,0.296236724,0,0,1,0,1,0,0.5,0
0.450634867,0.60435307,0.300092101,0,1,0,1,0,0,0.0,1
0.312986404,0.381860673,0.741213799,1,0,0,0,0,1,1.0,0
0.612732828,0.851308346,0.228705138,0,0,1,0,0,1,0.5,0
0.916745186,0.393161595,0.912020028,1,0,0,0,0,1,0.0,2
0.250129074,0.297463208,0.534781754,0,1,0,1,0,0,0.0,1
0.641818225,0.864675462,0.300124913,0,1,0,1,0,0,1.0,1
0.649982214,0.405920446,0.77609992,1,0,0,0,0,1,1.0,1
0.746457398,0.065991655,0.31232062,1,0,0,1,0,0,0.0,1
0.174989298,0.420774639,0.963278294,0,0,1,0,1,0,0.0,2
0.730033696,0.671796143,0.982989192,0,1,0,0,0,1,0.0,2
0.913580894,0.291641563,0.666796267,0,1,0,0,1,0,0.5,0
0.220698953,0.460388213,0.113633893,0,1,0,1,0,0,0.5,0
0.275666147,0.103879385,0.263208836,1,0,0,1,0,0,0.5,1
0.972825348,0.608688176,0.51541698,0,1,0,0,1,0,0.5,2
0.221928105,0.768480182,0.851447463,0,0,1,1,0,0,1.0,0
0.861665845,0.442646921,0.1848865,0,0,1,0,0,1,0.5,1
0.517663956,0.449221015,0.104403459,1,0,0,0,1,0,0.0,2
0.284869522,0.133868366,0.0744774863,1,0,0,0,1,0,0.5,0
0.877212405,0.24184382,0.506967545,0,0,1,0,0,1,1.0,2
0.473039985,0.19694154,0.884700954,1,0,0,1,0,0,0.0,1
0.539076507,0.507603407,0.0423592441,1,0,0,0,1,0,0.5,1
0.39127171,0.552792788,0.212321535,0,1,0,0,1,0,0.5,2
0.613303304,0.951493144,0.693257034,0,0,1,0,0,1,0.0,2
0.205347672,0.119569927,0.825863421,0,1,0,1,0,0,0.0,2
0.421527445,0.619874597,0.807399511,0,0,1,0,1,0,0.0,1
0.970941722,0.550173581,0.785068035,0,1,0,1,0,0,1.0,1
0.295226753,0.540421426,0.129799798,0,0,1,0,1,0,1.0,1
0.673899829,0.879501343,0.397237569,0,0,1,1,0,0,1.0,1
0.358930558,0.24526155,0.984744668,0,0,1,0,1,0,0.0,1
0.784799457,0.0887346119,0.988887548,1,0,0,1,0,0,0.5,1
0.174329981,0.688657939,0.602427363,0,1,0,1,0,0,0.0,2
0.971329987,0.377899587,0.709267199,1,0,0,0,1,0,0.5,1
0.481100053,0.06671042,0.951283813,1,0,0,1,0,0,0.5,1
0.274247944,0.288805306,0.449927866,0,0,1,1,0,0,0.0,2
0.119821914,0.343860447,0.136866853,0,0,1,0,0,1,1.0,2
0.211270005,0.635996461,0.668948889,1,0,0,0,0,1,0.0,2
0.543785274,0.213956505,0.96010232,1,0,0,0,0,1,0.5,1
0.37015301,0.442401618,0.69720608,1,0,0,0,0,1,0.0,0
0.837439179,0.508351684,0.803321123,0,0,1,1,0,0,0.0,2
0.459343135,0.486275524,0.422748804,0,0,1,0,1,0,0.5,2
0.286278546,0.975243747,0.0964631513,0,0,1,0,1,0,0.0,1
0.636287749,0.0932290256,0.168882087,0,1,0,0,0,1,1.0,1
0.721438348,0.953419805,0.98265481,1,0,0,0,1,0,1.0,2
0.208689809,0.602840364,0.493184328,1,0,0,0,1,0,1.0,1
0.209238261,0.805941343,0.0120205898,0,1,0,1,0,0,0.5,2
0.0848378539,0.458872974,0.955367267,1,0,0,1,0,0,0.0,2
0.749581933,0.481145978,0.497779906,1,0,0,0,1,0,0.0,2
0.680614293,0.885360181,0.836268425,1,0,0,1,0,0,1.0,1
0.500899315,0.901137769,0.548458159,0,1,0,0,0,1,0.5,1
0.851961911,0.276754439,0.10170228,0,1,0,0,0,1,1.0,1
0.815386653,0.239279792,0.615569592,1,0,0,0,1,0,1.0,2
0.606086671,0.521423399,0.997400284,0,0,1,0,1,0,1.0,0
0.874857724,0.905263186,0.0347377844,1,0,0,0,0,1,1.0,1
0.245549142,0.356237352,0.841794193,1,0,0,0,1,0,0.5,2
0.156323642,0.669413865,0.2354808,0,0,1,0,1,0,0.5,0
0.306262136,0.722744107,0.393866211,1,0,0,1,0,0,1.0,2
0.104232512,0.78974092,0.372709513,1,0,0,1,0,0,0.5,0
0.554611027,0.585728228,0.898797214,0,1,0,0,0,1,1.0,1
0.939775407,0.432332426,0.504486203,1,0,0,0,0,1,1.0,0
0.0873763636,0.968665183,0.447174281,0,0,1,0,0,1,1.0,2
0.166004419,0.630764186,0.818025112,0,1,0,0,0,1,1.0,2
0.479589075,0.742136955,0.0489071347,0,1,0,0,0,1,0.0,2
0.937181294,0.377733707,0.0864563137,0,0,1,1,0,0,0.0,2
0.350348294,0.686451733,0.0216888562,0,0,1,0,1,0,1.0,1
0.531873047,0.294907779,0.687982917,0,1,0,0,0,1,1.0,1
0.0894942135,0.28284207,0.525616109,1,0,0,0,0,1,1.0,2
0.190926045,0.728986084,0.8760221,1,0,0,1,0,0,0.0,2
0.987298608,0.545324981,0.498532891,0,1,0,1,0,0,0.0,1
0.966862738,0.699112773,0.22181958,1,0,0,1,0,0,1.0,1
0.0546929836,0.305966556,0.80514735,0,1,0,1,0,0,0.0,2
0.954221189,0.618787169,0.294323862,0,0,1,0,1,0,0.0,1
0.657163918,0.471736968,0.935689807,1,0,0,0,1,0,0.0,1
0.874522388,0.617112279,0.250423878,1,0,0,1,0,0,0.5,2
0.482002854,0.326335758,0.167720646,0,1,0,1,0,0,1.0,0
0.539816201,0.729678392,0.493323982,0,1,0,0,0,1,0.0,0
0.514404237,0.81563288,0.050515119,1,0,0,0,1,0,0.0,2
0.683521032,0.296920657,0.0364117287,1,0,0,0,0,1,0.5,1
0.182668686,0.335589528,0.496014535,1,0,0,1,0,0,0.5,2
0.0784749091,0.678096533,0.215106875,0,0,1,0,0,1,0.5,0
0.342533439,0.710805893,0.00935263839,1,0,0,1,0,0,0.5,1
0.719446719,0.71889472,0.296056926,1,0,0,0,1,0,0.5,1
0.241760775,0.698563576,0.477367342,0,1,0,0,0,1,0.5,2
0.689760804,0.423167318,0.394288689,0,0,1,0,0,1,0.5,0
0.971416473,0.425110996,0.135469466,0,1,0,0,0,1,1.0,0
0.139205679,0.292076737,0.57967484,1,0,0,0,1,0,0.5,2
0.688971996,0.198992014,0.71033299,0,0,1,0,1,0,0.0,1
0.471562713,0.707948506,0.675539136,1,0,0,0,0,1,0.0,2
0.874735117,0.138529345,0.393761933,0,0,1,0,0,1,0.0,0
0.218292296,0.94090265,0.137596145,0,0,1,0,0,1,0.0,2
0.70799464,0.835352004,0.499486774,0,0,1,1,0,0,0.5,1
0.846209526,0.864630461,0.890431762,0,0,1,1,0,0,1.0,1
0.947383523,0.911335349,0.46872285,0,0,1,1,0,0,1.0,2
0.699085653,0.438174725,0.19568105,0,0,1,0,1,0,0.5,0
0.522316039,0.854365706,0.0930533037,0,1,0,0,0,1,1.0,1
0.636954904,0.200158238,0.943926632,0,1,0,1,0,0,0.5,1
0.875459731,0.0705597028,0.743009388,1,0,0,0,0,1,0.0,2
0.592079282,0.795646846,0.312966973,0,0,1,0,1,0,0.5,0
0.0788677037,0.121056817,0.295352399,0,0,1,1,0,0,1.0,2
0.934401274,0.98909843,0.895218492,0,1,0,0,0,1,1.0,1
0.705050409,0.691056609,0.177568242,1,0,0,0,1,0,1.0,1
0.69268769,0.76577723,0.535037279,1,0,0,0,1,0,0.5,0
0.254891396,0.283513665,0.713504255,0,1,0,1,0,0,0.5,1
0.675941169,0.690172136,0.396390349,0,1,0,0,1,0,0.5,1
0.42417118,0.0910589397,0.0399023443,0,0,1,0,1,0,1.0,2
0.66867131,0.845934451,0.22775881,0,1,0,1,0,0,1.0,1
0.151263386,0.211142883,0.901808143,0,0,1,0,0,1,1.0,2
0.674953043,0.712490141,0.523118973,1,0,0,0,1,0,0.0,0
0.999443054,0.26325649,0.815441251,0,0,1,0,0,1,0.5,1
0.0958014354,0.115030512,0.55568552,0,1,0,0,0,1,0.5,2
0.978315473,0.50741899,0.943602085,0,0,1,0,0,1,1.0,1
0.436562568,0.210821897,0.90913409,0,0,1,1,0,0,1.0,1
0.877215803,0.742971778,0.482888043,0,1,0,0,1,0,1.0,1
0.793266237,0.275687546,0.318274021,0,0,1,1,0,0,1.0,1
0.588665426,0.375348926,0.601668775,1,0,0,0,0,1,0.0,2
0.751526773,0.58906728,0.674887657,0,0,1,0,1,0,1.0,0
0.884589791,0.320719868,0.498355091,0,1,0,0,0,1,1.0,0
0.433933318,0.409088701,0.822283208,0,1,0,0,0,1,1.0,1
0.360681504,0.824840665,0.183328524,0,1,0,1,0,0,0.5,2
0.684213698,0.220249355,0.33441183,0,0,1,1,0,0,0.5,0
0.817453623,0.128091514,0.686376333,1,0,0,0,1,0,1.0,2
0.774170876,0.361939907,0.246683866,0,1,0,0,1,0,0.5,2
0.807922959,0.453157932,0.439844757,0,1,0,0,0,1,0.0,1
0.463804156,0.565526307,0.963733554,1,0,0,0,0,1,0.0,1
0.826942503,0.403802514,0.62587595,0,1,0,0,0,1,0.0,1
0.164198607,0.800416112,0.949057221,0,0,1,1,0,0,0.0,2
0.567264616,0.0873535126,0.722441375,0,1,0,0,1,0,0.5,1
0.0554707274,0.46017915,0.724666774,0,1,0,1,0,0,0.5,2
0.358356535,0.413143128,0.591857195,0,0,1,1,0,0,1.0,2
0.398138463,0.665199578,0.142208591,1,0,0,0,0,1,0.0,2
0.426364064,0.967962444,0.519714296,1,0,0,0,0,1,0.0,1
0.710693836,0.534856617,0.252666205,0,1,0,0,0,1,0.5,0
0.419130206,0.987533033,0.998672545,0,0,1,1,0,0,0.0,1
0.476258934,0.337136924,0.266961932,0,0,1,0,0,1,0.5,2
0.275666922,0.0793247223,0.230685845,1,0,0,1,0,0,0.5,0
0.404589206,0.207380012,0.623883128,1,0,0,1,0,0,0.0,1
0.265906155,0.425368637,0.510948837,1,0,0,1,0,0,1.0,1
0.119536124,0.350517213,0.0213529132,0,0,1,0,1,0,0.5,2
0.623276174,0.142201424,0.129533172,0,0,1,1,0,0,0.5,1
0.684802175,0.461027116,0.811042964,0,0,1,0,0,1,0.0,1
0.63851583,0.371209979,0.483691961,0,1,0,0,0,1,0.5,1
0.490319341,0.16648826,0.146015212,0,1,0,0,1,0,1.0,1
0.410796493,0.331311285,0.465242565,1,0,0,0,0,1,0.0,1
0.870166957,0.892114282,0.253149092,1,0,0,0,0,1,0.5,0
0.543127716,0.336946428,0.223591462,0,1,0,0,0,1,0.0,1
0.505222797,0.728257656,0.957725286,0,1,0,0,1,0,1.0,1
0.0743599609,0.631444752,0.362024516,0,1,0,1,0,0,0.0,2
0.374185443,0.45582211,0.0464311056,0,1,0,0,1,0,1.0,2
0.411185831,0.277074367,0.970326662,1,0,0,0,1,0,0.0,1
0.428881645,0.400563955,0.794839561,0,1,0,0,0,1,1.0,0
0.601163745,0.61250186,0.254413307,0,1,0,0,0,1,0.0,2
0.556922436,0.383215547,0.408891827,0,0,1,0,1,0,0.0,1
0.627509832,0.254151613,0.862289548,1,0,0,1,0,0,0.5,1
0.776639104,0.160639614,0.35741353,1,0,0,0,1,0,0.0,1
0.822336435,0.885778606,0.567404032,0,0,1,1,0,0,0.5,0
0.732216895,0.468297333,0.534856856,1,0,0,0,0,1,1.0,1
0.957747519,0.643947899,0.401294559,1,0,0,0,1,0,1.0,0
0.0673209503,0.515889823,0.639501929,0,1,0,1,0,0,0.0,2
0.235989094,0.878938198,0.473290741,0,1,0,0,1,0,0.5,2
0.0571847297,0.569588125,0.0212304909,1,0,0,0,1,0,0.5,2
0.665100992,0.506742358,0.81438309,0,0,1,0,0,1,0.0,1
0.903129041,0.928370953,0.113155782,0,0,1,1,0,0,0.5,2
0.281308174,0.733705103,0.46408993,1,0,0,1,0,0,0.0,1
0.930682838,0.155972406,0.579900801,1,0,0,1,0,0,0.0,1
0.107254021,0.218819231,0.705506027,1,0,0,1,0,0,0.0,1
0.937714219,0.797766745,0.410796523,1,0,0,1,0,0,0.5,1
0.384041548,0.844058752,0.735548496,0,1,0,0,0,1,0.0,1
0.146349788,0.567931294,0.131350085,0,1,0,0,1,0,1.0,1
0.511578143,0.576732457,0.653445542,1,0,0,0,0,1,0.0,0
0.293937743,0.650336325,0.826338947,0,0,1,0,1,0,0.5,1
0.320629269,0.467159986,0.889443994,0,1,0,1,0,0,0.0,1
0.341925472,0.696189165,0.579566479,1,0,0,0,0,1,0.0,2
0.812874615,0.153057188,0.312895209,0,0,1,0,1,0,1.0,1
0.562203228,0.963215292,0.163356513,0,1,0,0,1,0,1.0,1
0.345742315,0.762647092,0.345558763,0,1,0,0,1,0,0.5,0
0.629817069,0.649615467,0.539974391,1,0,0,1,0,0,0.0,1
0.730343163,0.350505948,0.19633022,0,0,1,0,0,1,0.0,0
0.308992803,0.202907711,0.952514887,1,0,0,0,1,0,1.0,1
0.44287166,0.438875824,0.897135437,0,1,0,1,0,0,0.0,2
0.165791795,0.67849791,0.0329571962,0,0,1,0,0,1,0.5,2
0.222091883,0.652024269,0.56196177,0,1,0,0,1,0,1.0,2
0.697061956,0.413509101,0.789308786,1,0,0,1,0,0,1.0,1
0.222366437,0.632622063,0.245391965,1,0,0,0,1,0,0.5,1
0.548905194,0.82306087,0.523896217,0,1,0,1,0,0,0.0,2
0.72359395,0.0749705359,0.405991882,1,0,0,0,0,1,0.5,1
0.151533082,0.478089988,0.196546271,1,0,0,0,1,0,1.0,2
0.588946581,0.770627439,0.614737391,0,1,0,1,0,0,1.0,2
0.29373464,0.568837225,0.99369216,0,0,1,1,0,0,0.5,1
0.964780509,0.668902278,0.365287274,0,1,0,1,0,0,1.0,2
0.50936836,0.540842593,0.552379012,0,1,0,0,0,1,0.0,1
0.815692902,0.992280841,0.327854693,0,0,1,1,0,0,1.0,1
0.572715223,0.10189046,0.876948595,1,0,0,0,1,0,0.5,1
0.0912419036,0.516492605,0.864602685,0,0,1,0,0,1,0.5,2
0.651493788,0.136845723,0.178773388,0,1,0,0,1,0,1.0,1
0.953833163,0.201796278,0.899948895,0,0,1,1,0,0,0.5,2
0.621531248,0.413886428,0.151508704,1,0,0,1,0,0,0.5,0
0.828229427,0.197763085,0.095439963,0,0,1,0,1,0,0.0,0
0.889996111,0.965502799,0.652934611,0,0,1,0,1,0,1.0,2
0.26667577,0.949450314,0.385904104,0,1,0,0,0,1,0.0,0
0.251442611,0.36930415,0.530740619,0,0,1,1,0,0,0.5,1
0.63043195,0.657760322,0.652570784,0,1,0,0,0,1,0.5,1
0.440477043,0.557065666,0.0528372377,1,0,0,1,0,0,0.0,1
0.847868264,0.824807644,0.292953163,0,0,1,0,1,0,1.0,2
0.905021966,0.646073341,0.460906297,0,0,1,0,0,1,0.5,2
0.385750324,0.0502398312,0.266587406,0,1,0,1,0,0,0.5,2
0.275027037,0.775015652,0.0489713848,0,1,0,0,1,0,0.5,0
0.791499257,0.759505689,0.0866765752,1,0,0,0,0,1,1.0,0
0.311065733,0.53423655,0.801747859,0,1,0,0,0,1,0.0,2
0.831483603,0.907773018,0.911386788,0,1,0,0,0,1,0.0,1
0.452551335,0.913023889,0.152233303,1,0,0,0,1,0,1.0,2
0.684172392,0.547716081,0.24926196,0,1,0,0,0,1,0.5,2
0.140758544,0.627588809,0.652249396,0,1,0,1,0,0,0.5,2
0.64266634,0.996695995,0.954271793,0,1,0,0,1,0,1.0,1
0.479179293,0.333879232,0.299589723,0,1,0,0,0,1,0.5,0
0.607278049,0.358386368,0.855213642,1,0,0,0,1,0,0.0,1
0.209613502,0.223635212,0.506024659,1,0,0,1,0,0,0.0,2
0.750030041,0.901073575,0.956558645,0,1,0,0,0,1,0.5,1
0.869657218,0.757263958,0.136258662,0,0,1,0,1,0,1.0,1
0.255902797,0.150360703,0.97367239,1,0,0,0,1,0,1.0,1
0.140928835,0.982679009,0.440978616,0,0,1,1,0,0,0.5,0
0.0724566579,0.744413614,0.952938378,0,1,0,1,0,0,0.5,0
0.659872949,0.857995987,0.458690226,0,1,0,0,1,0,0.5,2
0.626739323,0.0957432464,0.530082107,1,0,0,0,0,1,1.0,1
0.569362521,0.529712856,0.804775,0,0,1,0,0,1,1.0,1
0.270349741,0.713668346,0.722628474,1,0,0,0,1,0,1.0,2
0.421360701,0.565799236,0.619603336,1,0,0,1,0,0,0.5,1
0.614752531,0.683315098,0.416980028,1,0,0,0,0,1,1.0,2
0.521928489,0.826980352,0.792438388,0,1,0,0,0,1,1.0,1
0.988396227,0.405620217,0.948228359,0,0,1,1,0,0,0.0,1
0.179617763,0.856235266,0.00981089659,0,1,0,1,0,0,0.5,2
0.710387349,0.204770297,0.587845087,0,1,0,1,0,0,0.0,0
0.434102833,0.307341754,0.865980923,0,1,0,0,1,0,1.0,1
0.456789643,0.0911783352,0.653112531,1,0,0,0,1,0,0.0,0
0.731717885,0.396205485,0.800829232,0,1,0,0,1,0,0.0,1
0.707814336,0.410914063,0.895061076,0,1,0,1,0,0,0.5,1
0.991693199,0.815007091,0.750950992,0,1,0,0,1,0,0.0,1
0.17197457,0.670474112,0.717017412,0,1,0,1,0,0,0.5,0
0.14890416,0.464886427,0.964745879,0,1,0,0,1,0,0.0,0
0.738121867,0.669508278,0.863684654,0,1,0,0,1,0,0.0,2
0.599467576,0.100144185,0.815377891,0,0,1,0,0,1,1.0,1
0.31045264,0.221257955,0.0864033625,1,0,0,1,0,0,0.5,1
0.125448406,0.645600438,0.239029884,0,1,0,0,0,1,1.0,2
0.131375343,0.65929848,0.55675602,1,0,0,1,0,0,1.0,2
0.899481356,0.785427928,0.709560096,0,0,1,0,1,0,0.5,1
0.232273951,0.432849765,0.303214908,0,0,1,0,1,0,0.5,2
0.357202977,0.736426413,0.0933281109,1,0,0,0,1,0,0.5,0
0.265323579,0.699781299,0.311099201,0,0,1,1,0,0,0.5,0
0.38724649,0.96522373,0.771029174,0,1,0,1,0,0,1.0,1
0.115952648,0.254373729,0.877401054,0,0,1,0,1,0,0.0,2
0.543106794,0.574095607,0.912903666,0,1,0,0,0,1,0.0,1
0.114231937,0.621676207,0.378866673,1,0,0,0,1,0,0.5,2
0.810338676,0.99871552,0.372538567,1,0,0,0,1,0,1.0,1
0.272026479,0.241124928,0.406707466,1,0,0,0,1,0,0.5,2
0.563011348,0.547057092,0.375809461,1,0,0,0,1,0,0.0,1
0.886075139,0.37887603,0.666196585,1,0,0,0,0,1,1.0,0
0.668333471,0.549598336,0.358323276,1,0,0,0,0,1,0.5,0
0.556309879,0.270522177,0.020343937,0,1,0,0,0,1,0.5,0
0.358117074,0.0952317566,0.439024597,1,0,0,1,0,0,0.5,1
0.366351813,0.593937159,0.224152073,0,0,1,0,1,0,0.5,2
0.686012626,0.369061589,0.0288071372,0,1,0,1,0,0,0.5,1
0.99443239,0.222844332,0.470842957,0,1,0,0,1,0,0.5,2
0.678747237,0.357738793,0.205954567,0,1,0,0,0,1,0.0,1
0.579894245,0.0968161896,0.452741802,0,1,0,0,1,0,1.0,1
0.744117975,0.952920139,0.277749985,1,0,0,0,0,1,1.0,2
0.491945326,0.602090538,0.603708863,1,0,0,0,1,0,0.0,1
0.107135229,0.824030221,0.99087739,1,0,0,0,1,0,1.0,2
0.584181964,0.451962292,0.547231913,0,0,1,0,0,1,0.5,1
0.959744036,0.908148944,0.646895945,1,0,0,0,1,0,1.0,2
0.216537789,0.509152293,0.919275761,1,0,0,0,0,1,0.0,0
0.705504656,0.595248044,0.37400043,0,0,1,0,0,1,0.0,1
0.240887001,0.517204285,0.166548446,1,0,0,0,1,0,0.5,2
0.559036314,0.746614397,0.282797277,1,0,0,0,0,1,0.5,2
0.141842633,0.588323295,0.402794927,0,1,0,1,0,0,1.0,2
0.477852404,0.308018982,0.645017684,1,0,0,1,0,0,0.5,1
0.768355191,0.188262552,0.00458802935,0,0,1,0,1,0,1.0,0
0.380192935,0.625818193,0.853383243,0,1,0,0,0,1,1.0,1
0.681666136,0.514720976,0.0760939717,0,0,1,1,0,0,0.5,0
0.805677474,0.141176909,0.90065515,0,0,1,1,0,0,1.0,0
0.930818915,0.425836593,0.949434519,1,0,0,0,0,1,1.0,1
0.272909969,0.539037585,0.990102768,0,1,0,1,0,0,1.0,1
0.429350108,0.83554858,0.809510171,1,0,0,1,0,0,1.0,1
0.194795206,0.122296005,0.141855523,0,1,0,0,1,0,0.0,2
0.992859304,0.381070584,0.706167042,0,1,0,0,1,0,0.0,1
0.93065089,0.831523299,0.203321293,0,1,0,0,0,1,0.0,0
0.562959254,0.66600275,0.897127807,0,0,1,0,0,1,1.0,0
0.849931657,0.325460404,0.316605926,1,0,0,1,0,0,0.5,1
0.544910073,0.853068352,0.326795965,0,1,0,0,1,0,0.0,2
0.642406404,0.518628895,0.917653322,0,1,0,0,0,1,1.0,2
0.134668216,0.523434281,0.0132310707,0,0,1,1,0,0,0.0,0
0.767506897,0.97775799,0.19396615,0,1,0,0,1,0,0.0,0
0.171327814,0.949760675,0.42193228,0,1,0,0,0,1,0.0,2
0.834764242,0.390606046,0.700721562,1,0,0,0,1,0,0.0,1
0.792926669,0.183550179,0.64756614,0,0,1,1,0,0,1.0,1
0.72330749,0.359383404,0.669411898,0,0,1,1,0,0,0.0,2
0.0843523592,0.0789590999,0.880022049,0,1,0,1,0,0,1.0,1
0.337971926,0.0697294921,0.121030413,0,1,0,0,1,0,0.5,0
0.299956948,0.425746024,0.522161722,0,0,1,0,0,1,0.5,0
0.3921296,0.943968832,0.725477695,0,1,0,0,0,1,0.0,1
0.133260608,0.877789497,0.636118472,0,1,0,1,0,0,0.5,2
0.940109909,0.535870671,0.44831413,0,0,1,1,0,0,0.5,1
0.576112151,0.586965084,0.0171145853,0,1,0,1,0,0,1.0,2
0.340248108,0.0556368232,0.0604522638,1,0,0,1,0,0,1.0,1
0.427132428,0.254726112,0.118941329,0,1,0,0,1,0,0.0,2
0.474842399,0.07353542,0.343227744,0,0,1,1,0,0,0.5,0
0.62056464,0.766812563,0.117653452,1,0,0,1,0,0,0.5,2
0.539895475,0.188363507,0.426082313,0,1,0,0,0,1,1.0,2
0.923422396,0.875594735,0.17864199,1,0,0,0,1,0,0.0,2
0.52211529,0.661158085,0.779166222,0,0,1,1,0,0,0.5,1
0.992550135,0.267947733,0.871487617,1,0,0,0,1,0,0.5,1
0.858853698,0.199834302,0.389647514,0,1,0,1,0,0,0.0,0
0.248084992,0.646243453,0.511331737,0,1,0,0,1,0,1.0,0
0.934065461,0.905795157,0.953496218,0,0,1,1,0,0,1.0,0
0.160548076,0.7324422,0.535507739,1,0,0,1,0,0,1.0,1
0.826577246,0.381119311,0.995073199,1,0,0,0,1,0,0.5,1
0.411592126,0.608014405,0.142131001,0,0,1,1,0,0,0.5,1
0.884075582,0.345223606,0.862226427,0,0,1,1,0,0,1.0,2
0.874653876,0.999192059,0.497202992,0,0,1,0,1,0,1.0,0
0.815629125,0.761397243,0.022714112,0,0,1,0,0,1,0.5,0
0.800528944,0.633662581,0.972222924,0,1,0,0,0,1,1.0,1
0.339445174,0.452096194,0.965047896,0,1,0,1,0,0,0.5,1
0.126873314,0.637244701,0.38327083,0,0,1,0,1,0,1.0,2
0.432831168,0.374535263,0.954142094,0,0,1,0,0,1,1.0,2
0.214848295,0.0774215981,0.141009644,1,0,0,0,1,0,0.5,1
0.710203528,0.425334096,0.680110157,0,1,0,0,0,1,0.0,0
0.37879473,0.933956802,0.191928983,1,0,0,1,0,0,1.0,1
0.976829708,0.644986033,0.246647239,1,0,0,0,1,0,0.0,1
0.658923447,0.129757911,0.779337466,0,1,0,1,0,0,0.0,1
0.831356525,0.890743911,0.377358079,0,0,1,1,0,0,1.0,1
0.175898433,0.305431098,0.00712750293,0,1,0,1,0,0,1.0,2
0.86891377,0.281581014,0.414238423,1,0,0,0,1,0,0.0,1
0.926619351,0.332236409,0.22806932,0,1,0,0,0,1,0.0,2
0.512708843,0.598342121,0.68332994,0,0,1,1,0,0,1.0,1
0.625940263,0.567453682,0.194448695,0,1,0,0,1,0,0.5,2
0.776569307,0.516843081,0.842253506,0,0,1,0,0,1,1.0,1
0.216096699,0.731660008,0.267093003,0,0,1,1,0,0,0.5,2
0.527437747,0.350710839,0.393028259,1,0,0,0,0,1,0.0,2
0.428729862,0.792961299,0.298036873,1,0,0,0,0,1,0.0,0
0.189055294,0.216555595,0.643923342,0,0,1,0,1,0,0.0,0
0.399157703,0.793489754,0.101163544,0,0,1,0,1,0,1.0,0
0.114763692,0.680619597,0.478099376,1,0,0,0,1,0,0.5,2
0.0745213106,0.699047923,0.334454805,0,0,1,0,0,1,1.0,2
0.178407982,0.507475734,0.884137988,0,1,0,0,0,1,0.0,1
0.964959383,0.683651447,0.0734120905,0,0,1,0,1,0,1.0,2
0.572053075,0.125807196,0.829695046,0,0,1,0,0,1,0.5,1
0.967531025,0.858973563,0.167680472,1,0,0,0,0,1,1.0,2
0.460872978,0.102769874,0.0885776579,1,0,0,0,0,1,1.0,1
0.346225321,0.19130443,0.202322856,1,0,0,0,1,0,0.5,0
0.530834794,0.59795022,0.102652982,0,1,0,1,0,0,0.5,0
0.467536092,0.75244087,0.520983934,0,0,1,1,0,0,0.0,0
0.150381446,0.12243899,0.98821497,0,0,1,0,1,0,0.5,2
0.658784986,0.924726546,0.0343273506,1,0,0,0,0,1,0.0,1
0.255236268,0.974927247,0.461128354,0,0,1,0,1,0,1.0,0
0.638608575,0.625652671,0.386070341,0,0,1,1,0,0,0.0,0
0.667691052,0.507181287,0.339606404,0,1,0,0,1,0,1.0,0
0.194423616,0.754325211,0.331863612,0,0,1,1,0,0,0.5,2
0.108282149,0.36193949,0.895012736,0,1,0,1,0,0,0.0,0
0.79172349,0.518601239,0.0189761501,0,0,1,0,1,0,0.0,0
0.486810416,0.920343459,0.77491641,1,0,0,0,1,0,0.0,1
0.105255604,0.957872629,0.252933174,1,0,0,1,0,0,0.5,1
0.995123029,0.93071568,0.383295506,0,0,1,0,0,1,1.0,1
0.104891531,0.299325675,0.420149922,1,0,0,0,0,1,0.0,2
0.710283458,0.270845592,0.304731756,0,1,0,1,0,0,1.0,0
0.984494984,0.332781285,0.0935588628,1,0,0,0,0,1,1.0,1
0.277221113,0.469245553,0.114330851,0,1,0,1,0,0,1.0,2
0.185136899,0.348459035,0.298131138,0,0,1,1,0,0,0.0,2
0.165315688,0.40550217,0.821809053,0,0,1,1,0,0,1.0,1
0.338111401,0.639605105,0.134627655,1,0,0,0,1,0,0.0,0
0.145993516,0.7743994,0.74263984,0,0,1,0,1,0,1.0,2
0.707553267,0.74878031,0.288869739,0,0,1,0,1,0,1.0,1
0.109177209,0.823702395,0.883464932,0,1,0,1,0,0,0.0,2
0.533951044,0.080575183,0.428328484,0,1,0,0,1,0,0.0,2
0.996861994,0.095347099,0.171723306,0,0,1,0,0,1,0.5,0
0.823271751,0.799913824,0.985844433,1,0,0,0,0,1,0.5,1
0.634458482,0.556424856,0.17663452,1,0,0,0,1,0,0.5,1
0.340940952,0.599233627,0.567619801,1,0,0,0,1,0,1.0,0
0.64270103,0.0999575183,0.569286466,0,0,1,1,0,0,0.5,2
0.550689399,0.29254812,0.372813463,1,0,0,0,1,0,0.5,1
0.454779208,0.656436563,0.951488614,1,0,0,0,1,0,0.5,1
0.17417486,0.866222799,0.843874574,0,0,1,0,1,0,1.0,2
0.892274022,0.921134233,0.82981956,0,1,0,1,0,0,0.5,1
0.477295429,0.525398493,0.974151909,0,1,0,0,0,1,0.0,1
0.234891385,0.568200529,0.457109332,0,0,1,1,0,0,1.0,2
0.399371386,0.841397166,0.0971857756,0,1,0,0,1,0,1.0,1
0.443423271,0.560743392,0.765455902,1,0,0,0,1,0,0.0,0
0.836161017,0.541015625,0.380812585,0,0,1,0,0,1,0.5,1
0.746933639,0.909829855,0.190345153,0,0,1,0,1,0,0.5,0
0.780839622,0.80043608,0.48324734,0,1,0,1,0,0,0.0,1
0.0604797006,0.913618922,0.925718963,0,0,1,1,0,0,0.5,2
0.445346296,0.257334709,0.171357021,0,0,1,1,0,0,0.5,0
0.507276952,0.548156738,0.848698795,1,0,0,1,0,0,0.5,1
0.068232663,0.850348532,0.418204933,0,0,1,0,1,0,1.0,2
0.296822548,0.15559043,0.136801988,0,0,1,1,0,0,0.0,0
0.772275329,0.804929018,0.848382294,0,0,1,0,1,0,0.5,1
0.180254221,0.22382471,0.969620347,0,0,1,1,0,0,0.0,0
0.558544636,0.817712843,0.291270703,0,1,0,0,0,1,1.0,2
0.254441768,0.631400883,0.303536206,0,0,1,0,0,1,0.5,2
0.0615147352,0.233574197,0.390545994,1,0,0,1,0,0,0.0,1
0.279141396,0.49968648,0.814130366,0,1,0,0,0,1,1.0,1
0.977080047,0.697809935,0.0104171969,0,0,1,0,0,1,1.0,2
0.811460257,0.652160227,0.223956555,0,1,0,0,0,1,0.0,1
0.9615978,0.455884844,0.705899835,0,0,1,0,0,1,0.5,1
0.513461351,0.904398203,0.40563944,0,0,1,0,1,0,0.5,2
0.154249385,0.543300271,0.330295622,0,1,0,1,0,0,0.0,2
0.570561528,0.530573905,0.872282863,0,1,0,0,0,1,1.0,1
0.481658459,0.109138064,0.917333901,0,1,0,0,1,0,0.0,1
0.852139235,0.926014364,0.947986245,0,1,0,0,0,1,0.0,2
0.143178448,0.218260735,0.272550523,1,0,0,0,1,0,1.0,0
0.513829052,0.551927447,0.9125126,0,1,0,1,0,0,0.0,1
0.192546234,0.813389242,0.736965537,1,0,0,0,1,0,1.0,2
0.358442128,0.254680604,0.154214755,0,0,1,1,0,0,1.0,0
0.750489235,0.551004648,0.610270023,0,0,1,0,1,0,0.0,1
0.502217233,0.278650671,0.0263348185,0,1,0,0,1,0,0.0,1
0.407093883,0.771710277,0.708378136,0,0,1,0,0,1,0.0,2
0.424752474,0.586124122,0.733567536,1,0,0,0,0,1,0.5,1
0.486474425,0.863177061,0.789338529,1,0,0,0,1,0,1.0,1
0.795765698,0.899830103,0.172525048,0,1,0,0,1,0,1.0,1
0.897480428,0.66629678,0.628249943,0,1,0,0,1,0,1.0,2
0.95756793,0.739121675,0.178856686,0,1,0,1,0,0,1.0,1
0.797558188,0.571759105,0.946650088,1,0,0,0,1,0,1.0,1
0.349636555,0.415207297,0.675010681,0,1,0,1,0,0,0.5,2
0.703727961,0.665711999,0.09532585,1,0,0,1,0,0,1.0,1
0.465722978,0.912874222,0.187032223,1,0,0,1,0,0,0.5,1
0.291937083,0.445846349,0.663460076,0,0,1,1,0,0,0.0,2
0.848828018,0.348689526,0.476670504,0,0,1,1,0,0,0.0,2
0.0865050331,0.41901508,0.736297667,0,1,0,1,0,0,0.5,0
0.906673908,0.463627756,0.280788809,0,1,0,1,0,0,1.0,0
0.488403589,0.119882978,0.657917559,0,1,0,0,1,0,1.0,2
0.655341387,0.523519754,0.17696017,0,1,0,1,0,0,1.0,0
0.676386237,0.519598544,0.543710291,1,0,0,0,1,0,1.0,1
0.900361836,0.609021664,0.957799613,0,1,0,0,1,0,1.0,0
0.654836178,0.39467904,0.628222227,0,0,1,1,0,0,0.5,1
0.633236885,0.63245219,0.0499936193,0,1,0,0,1,0,0.5,1
0.113319442,0.884305477,0.98876214,1,0,0,0,1,0,0.5,0
0.542487621,0.957697451,0.156866327,0,0,1,1,0,0,0.0,1
0.192660555,0.604431629,0.718069077,0,0,1,0,1,0,0.0,2
0.750562072,0.0904614031,0.53253001,0,1,0,0,1,0,0.5,1
0.536610842,0.970774174,0.294360697,0,0,1,0,0,1,0.5,1
0.696216404,0.720568955,0.177310482,0,0,1,0,0,1,0.0,0
0.0895892531,0.36916548,0.177702367,0,1,0,1,0,0,0.5,0
0.130552411,0.189799815,0.858399689,0,1,0,1,0,0,0.0,0
0.730507195,0.186247677,0.872912526,1,0,0,1,0,0,0.0,1
0.118480116,0.209357187,0.465145528,0,0,1,1,0,0,0.5,2
0.117693894,0.0932938978,0.10362146,0,1,0,1,0,0,0.5,1
0.0615030527,0.907046497,0.884165108,0,0,1,0,0,1,0.0,2
0.958676338,0.563729823,0.487016499,0,1,0,0,0,1,0.5,0
0.750632942,0.714961469,0.438762426,1,0,0,0,1,0,1.0,0
0.385588825,0.836703062,0.407357037,0,1,0,0,0,1,0.0,0
0.331708789,0.801963985,0.365014166,0,1,0,1,0,0,0.0,1
0.382218063,0.888475358,0.526005387,1,0,0,0,0,1,1.0,2
0.785920858,0.968891919,0.604541242,0,1,0,0,1,0,1.0,1
0.678302109,0.467117071,0.466432214,1,0,0,1,0,0,1.0,1
0.225935787,0.952818692,0.896648169,0,0,1,1,0,0,0.5,2
0.21540387,0.737125456,0.317661226,0,0,1,0,1,0,1.0,2
0.14347586,0.11713478,0.578311861,0,0,1,0,0,1,1.0,2
0.677287579,0.697693944,0.299953908,0,1,0,0,1,0,0.5,2
0.776154041,0.702380836,0.753350019,1,0,0,1,0,0,1.0,1
0.301794112,0.910567522,0.1021211,0,1,0,1,0,0,0.0,1
0.0698977113,0.40428552,0.188698992,0,1,0,0,0,1,1.0,2
0.128063083,0.605665922,0.801201403,0,1,0,0,1,0,1.0,2
0.969467044,0.0615781732,0.183197603,1,0,0,0,0,1,0.5,0
0.330672532,0.365471482,0.625746369,0,1,0,1,0,0,0.5,0
0.780762017,0.109131537,0.970243454,0,1,0,0,1,0,1.0,0
0.643430412,0.545779347,0.522890627,1,0,0,0,1,0,1.0,0
0.412842661,0.826575279,0.187396452,1,0,0,0,0,1,0.0,2
0.245402902,0.246120557,0.320691049,0,0,1,1,0,0,0.5,2
0.165317103,0.551069021,0.823458076,1,0,0,0,1,0,0.0,2
0.634262323,0.24380821,0.351660907,0,0,1,0,0,1,0.0,2
0.785902083,0.164654046,0.723511338,0,0,1,1,0,0,1.0,1
0.66170907,0.535446942,0.777350068,0,1,0,1,0,0,1.0,1
0.553787053,0.125191197,0.501182854,0,1,0,1,0,0,1.0,1
0.0898536593,0.607986927,0.783213377,0,1,0,0,0,1,0.0,1
0.970064342,0.0797705874,0.316902995,0,1,0,1,0,0,0.0,0
0.808778465,0.151379228,0.516159654,0,1,0,0,0,1,0.5,1
0.328180939,0.572497606,0.686558247,0,1,0,1,0,0,0.5,0
0.980971813,0.611837029,0.168073148,0,1,0,0,0,1,0.5,0
0.621787488,0.0775375813,0.273621976,0,0,1,0,0,1,0.5,1
0.603301525,0.594707966,0.652036607,0,0,1,0,1,0,0.5,2
0.760669529,0.846577406,0.655360103,0,1,0,0,0,1,0.5,0
0.821181297,0.736200392,0.493302643,0,1,0,0,1,0,0.0,1
0.673654675,0.174625844,0.795585334,0,0,1,1,0,0,1.0,1
0.171690956,0.612850904,0.482054889,0,0,1,1,0,0,0.5,2
0.371354133,0.688639879,0.881322265,1,0,0,0,0,1,0.0,1
0.931679487,0.0853696391,0.735903442,1,0,0,1,0,0,0.0,1
0.263384819,0.862580299,0.314694852,0,1,0,1,0,0,1.0,2
0.403558671,0.910953999,0.395254016,0,1,0,0,0,1,0.5,0
0.460473031,0.857929647,0.667686701,0,1,0,1,0,0,1.0,1
0.467434734,0.833399892,0.894452631,0,0,1,1,0,0,1.0,1
0.632292628,0.757716954,0.178708732,0,1,0,1,0,0,1.0,1
0.945922017,0.651760459,0.514663517,0,1,0,0,1,0,0.5,2
0.278658062,0.694695652,0.11878442,0,1,0,1,0,0,0.5,0
0.165426314,0.816075504,0.279455155,1,0,0,0,0,1,0.5,2
0.237596959,0.679373562,0.685981333,1,0,0,0,0,1,0.0,2
0.892578661,0.361340612,0.0777346343,0,1,0,1,0,0,0.0,2
0.663520277,0.407163054,0.662358582,0,0,1,0,0,1,0.0,2
0.321611464,0.902204573,0.900811136,1,0,0,0,0,1,0.5,1
0.825149596,0.0662659779,0.969370306,0,1,0,0,0,1,1.0,1
0.868301511,0.713879526,0.216632202,1,0,0,0,0,1,1.0,0
0.854188621,0.957038701,0.74889797,0,0,1,1,0,0,0.0,1
0.922980189,0.720916748,0.926370442,0,0,1,0,0,1,1.0,1
0.289628983,0.994216383,0.0913693085,0,0,1,0,1,0,0.0,1
0.767289817,0.703167677,0.414023608,0,0,1,0,1,0,1.0,2
0.487512529,0.0826448798,0.919409752,0,1,0,0,1,0,0.5,1
0.849898636,0.835659385,0.202787504,0,0,1,1,0,0,0.0,2
0.742066145,0.32039842,0.933760703,0,1,0,0,0,1,0.0,1
0.787625074,0.473754376,0.527192056,0,0,1,1,0,0,1.0,0
0.673353732,0.346487314,0.0998930857,0,1,0,0,0,1,0.5,0
0.218557328,0.305126399,0.449877322,0,0,1,0,0,1,0.5,2
0.567775548,0.45983541,0.326261193,0,1,0,0,0,1,0.5,0
0.985436261,0.409813881,0.282204151,1,0,0,0,0,1,0.5,0
0.940518677,0.651671648,0.541475594,0,1,0,0,0,1,0.0,2
0.0910150483,0.822493613,0.483592689,0,1,0,1,0,0,0.5,1
0.206574082,0.332234234,0.481967151,0,0,1,1,0,0,1.0,2
0.175142333,0.253035098,0.0881417319,0,0,1,0,1,0,0.0,2
0.739680886,0.683550537,0.802318156,1,0,0,1,0,0,1.0,1
0.826896071,0.686804056,0.481439322,0,0,1,0,1,0,0.5,0
0.25283581,0.906074703,0.820905805,0,1,0,0,1,0,0.0,1
0.530560076,0.0651484057,0.824594617,0,0,1,0,0,1,1.0,1
0.84866786,0.860388637,0.317135334,0,0,1,1,0,0,0.5,2
0.746161461,0.544952035,0.00434630364,0,1,0,1,0,0,0.0,0
0.565125346,0.640236974,0.911245704,1,0,0,0,0,1,0.5,1
0.610830307,0.136802867,0.760694683,0,0,1,0,0,1,0.5,1
0.532942533,0.4609842,0.107251957,0,0,1,0,1,0,0.5,0
0.332671016,0.265937299,0.701727033,0,1,0,1,0,0,0.5,2
0.586770892,0.291513771,0.0200232696,1,0,0,1,0,0,1.0,0
0.704441011,0.528890371,0.0277590696,1,0,0,0,1,0,0.5,0
0.879656792,0.821833134,0.525823236,0,0,1,0,1,0,0.0,1
0.654476762,0.756591856,0.0960374326,0,1,0,0,1,0,1.0,0
0.773065448,0.611449957,0.964336514,0,0,1,0,0,1,0.5,1
0.202068061,0.562447309,0.893831253,0,1,0,0,1,0,0.0,2
0.488479614,0.455940753,0.649812043,0,1,0,0,1,0,0.0,0
0.0588650405,0.974074483,0.0637089685,0,0,1,0,0,1,1.0,2
0.284344912,0.582182944,0.324835271,0,1,0,0,1,0,1.0,0
0.74013865,0.29126808,0.371722996,0,0,1,0,1,0,1.0,1
0.992219448,0.268586248,0.480879843,1,0,0,1,0,0,1.0,1
0.14421919,0.630785406,0.168902874,1,0,0,0,1,0,0.5,2
0.431419611,0.546686172,0.577511668,0,0,1,0,1,0,1.0,2
0.810067415,0.0573129132,0.435770661,1,0,0,0,0,1,1.0,1
0.243833855,0.838562131,0.947296977,1,0,0,0,1,0,0.0,2
0.577330709,0.718916237,0.936195254,1,0,0,1,0,0,1.0,1
0.746417761,0.678737819,0.565473974,1,0,0,1,0,0,0.0,1
0.635186195,0.115341626,0.644349337,0,1,0,0,0,1,0.5,2
0.228623495,0.393953055,0.137796462,0,0,1,1,0,0,0.0,2
0.387615353,0.938613176,0.223323241,0,0,1,0,0,1,0.5,1
0.794602215,0.869459808,0.900715411,1,0,0,1,0,0,0.0,0
0.576515198,0.321265787,0.69916594,0,0,1,1,0,0,0.0,0
0.0549681336,0.199205935,0.189430192,0,0,1,0,1,0,1.0,0
0.772941232,0.476633549,0.570210278,0,0,1,0,0,1,0.0,0
0.0835457891,0.388038874,0.934761226,0,1,0,0,1,0,0.5,0
0.758447111,0.698115051,0.345171094,1,0,0,0,0,1,0.0,1
0.242356539,0.968113065,0.185820371,0,0,1,0,1,0,1.0,2
0.960169792,0.394851387,0.942025304,0,1,0,1,0,0,1.0,1
0.399543703,0.109112963,0.461265355,1,0,0,0,1,0,0.5,0
0.360585034,0.902733326,0.417241991,0,1,0,1,0,0,1.0,0
0.191443652,0.0860522464,0.267567188,0,1,0,0,0,1,0.0,2
0.340324014,0.955127597,0.89158529,0,1,0,0,0,1,0.5,2
0.882818222,0.68135047,0.845616758,0,0,1,1,0,0,1.0,0
0.996517599,0.944604754,0.402990401,1,0,0,0,1,0,0.0,2
0.399894059,0.239676699,0.030613279,1,0,0,1,0,0,1.0,1
0.476180106,0.0886648074,0.446651429,0,0,1,0,1,0,1.0,1
0.735967398,0.513799489,0.180858016,1,0,0,1,0,0,0.5,1
0.891885996,0.478092253,0.142734066,1,0,0,1,0,0,0.5,2
0.613392115,0.364917666,0.393093616,0,1,0,0,0,1,0.5,1
0.421949416,0.95977366,0.0990769342,0,0,1,0,1,0,0.0,0
0.441990763,0.831454575,0.957464516,0,1,0,0,1,0,1.0,1
0.710837245,0.678502917,0.047539182,1,0,0,1,0,0,0.5,1
0.0530573502,0.204715371,0.401369631,1,0,0,0,1,0,0.0,0
0.638609886,0.747607231,0.162702709,0,0,1,1,0,0,0.0,0
0.38771835,0.74066186,0.688811302,0,1,0,1,0,0,0.0,1
0.804487467,0.453814775,0.0788114518,0,1,0,0,1,0,1.0,0
0.138341114,0.928546607,0.546805561,0,1,0,0,1,0,0.5,2
0.608792126,0.208628982,0.773101509,0,0,1,1,0,0,1.0,1
0.506924272,0.303970695,0.950059831,0,1,0,0,1,0,0.0,1
0.660209239,0.110063121,0.698527575,0,1,0,0,1,0,1.0,1
0.111610912,0.805678427,0.0994917601,1,0,0,0,1,0,0.5,2
0.600984573,0.640671432,0.0885205492,1,0,0,0,1,0,0.0,0
0.583410382,0.349193305,0.73159802,0,1,0,0,0,1,1.0,1
0.582627118,0.205622986,0.215329409,0,1,0,0,0,1,0.5,1
0.623313308,0.0881403834,0.44723931,1,0,0,1,0,0,0.5,2
0.692644536,0.208408296,0.976621091,0,0,1,1,0,0,0.5,1
0.814739525,0.480620414,0.819906771,1,0,0,0,0,1,0.5,2
0.306329697,0.284818113,0.84659338,0,1,0,1,0,0,0.0,0
0.833796918,0.296033055,0.860769928,0,0,1,0,0,1,0.0,2
0.523342907,0.881797552,0.619545341,0,1,0,1,0,0,1.0,1
0.123205364,0.539380789,0.743933916,0,1,0,0,1,0,0.5,2
0.105623379,0.742789388,0.358960927,0,1,0,0,1,0,0.5,2
0.367526412,0.0839254037,0.998446226,0,0,1,0,0,1,0.0,1
0.795652151,0.396905184,0.279622167,0,1,0,0,0,1,1.0,0
0.722296894,0.505210876,0.590007424,0,0,1,0,0,1,1.0,1
0.799184203,0.227096006,0.282061666,1,0,0,0,0,1,0.0,1
0.541405618,0.164181963,0.112071052,0,0,1,0,1,0,0.0,1
0.468189061,0.876788616,0.567585826,0,1,0,0,1,0,0.0,0
0.190079898,0.94246006,0.353348672,0,1,0,0,0,1,0.0,2
0.361783117,0.124866366,0.58321929,1,0,0,0,0,1,0.0,1
0.462318391,0.381567776,0.558678448,1,0,0,1,0,0,0.0,1
0.134170413,0.960371375,0.542256713,1,0,0,0,1,0,1.0,0
0.259581357,0.129003644,0.123301119,0,0,1,0,1,0,0.0,0
0.618314028,0.661459327,0.440180779,0,0,1,0,0,1,0.0,2
0.748879969,0.973610282,0.812003911,0,0,1,1,0,0,1.0,1
0.998430133,0.979312479,0.315143496,0,0,1,0,1,0,1.0,1
0.936457694,0.497662157,0.443831503,1,0,0,1,0,0,0.5,1
0.660436928,0.204611659,0.493831605,0,1,0,1,0,0,0.5,2
0.450185657,0.241980106,0.862731338,0,1,0,0,1,0,1.0,1
0.65436852,0.895121336,0.655599773,0,0,1,0,1,0,0.0,2
0.796369016,0.916098833,0.100202538,1,0,0,1,0,0,1.0,1
0.162419379,0.627485633,0.865171015,1,0,0,1,0,0,0.0,0
0.439409643,0.777867556,0.832066,1,0,0,0,1,0,0.0,1
0.847812176,0.752934694,0.753645957,0,1,0,0,0,1,0.0,1
0.414641291,0.678730547,0.466058016,0,1,0,1,0,0,1.0,0
0.593278646,0.835913122,0.757545412,0,0,1,0,1,0,0.0,1
0.608380914,0.701136291,0.478742063,0,1,0,1,0,0,1.0,1
0.225252435,0.557302177,0.736623526,1,0,0,0,1,0,0.0,2
0.394123673,0.275108546,0.880110145,0,1,0,1,0,0,0.0,1
0.367785722,0.756693721,0.890541613,0,1,0,1,0,0,1.0,2
0.0748868734,0.499765962,0.454578578,0,1,0,0,0,1,1.0,2
0.0729821771,0.330052108,0.859342694,0,0,1,1,0,0,0.0,0
0.840112209,0.811848938,0.10145738,0,1,0,1,0,0,0.0,2
0.309417278,0.711877942,0.101819418,0,0,1,1,0,0,0.5,1
0.542174816,0.940472603,0.548266947,0,1,0,0,1,0,1.0,0
0.333789289,0.207169563,0.651844621,0,0,1,0,1,0,0.5,0
0.943645298,0.666729808,0.152993783,1,0,0,0,1,0,0.5,0
0.296331912,0.282027483,0.472180039,1,0,0,0,1,0,0.5,2
0.45817396,0.908403814,0.0943626687,1,0,0,1,0,0,1.0,1
0.879093766,0.14452444,0.602099478,0,0,1,0,0,1,0.0,2
0.849836886,0.673353732,0.855094016,1,0,0,1,0,0,0.0,2
0.226796344,0.801531434,0.73763895,0,0,1,1,0,0,1.0,2
0.812511146,0.387171954,0.378291547,0,0,1,0,0,1,0.5,1
0.485277534,0.95643115,0.993793786,0,0,1,0,0,1,1.0,0
0.508820415,0.858194172,0.662934959,1,0,0,0,0,1,0.0,0
0.176805973,0.32988739,0.81524843,0,0,1,0,0,1,1.0,0
0.126571432,0.0571640395,0.669697404,0,1,0,0,0,1,0.5,2
0.741542339,0.331824303,0.989416301,1,0,0,0,0,1,1.0,1
0.521638095,0.317244947,0.821359754,0,1,0,0,1,0,0.0,1
0.465008169,0.895466387,0.519423246,1,0,0,0,0,1,0.0,1
0.743032813,0.96876514,0.366879553,0,0,1,0,0,1,0.0,1
0.777237236,0.11691799,0.682154834,0,0,1,0,0,1,0.5,1
0.200962752,0.497730076,0.590221822,0,0,1,0,0,1,0.0,2
0.629713893,0.570915401,0.629350603,1,0,0,0,0,1,0.0,0
0.178586379,0.138266072,0.343011767,1,0,0,0,1,0,1.0,1
0.763806343,0.408622831,0.428728431,0,0,1,0,1,0,1.0,1
0.674107373,0.351228297,0.558096588,1,0,0,0,1,0,0.5,1
0.958783865,0.559253514,0.839283407,0,1,0,1,0,0,0.5,1
0.115510114,0.678131342,0.762908936,0,0,1,0,0,1,1.0,0
0.104201987,0.718310833,0.118655868,0,1,0,0,1,0,0.0,2
0.318077713,0.179917276,0.245554253,0,1,0,0,0,1,1.0,1
0.298620403,0.822300315,0.0266577248,1,0,0,0,0,1,1.0,0
0.284629852,0.694614947,0.00796056818,0,1,0,0,1,0,0.0,0
0.910941839,0.894621193,0.224375471,0,0,1,0,1,0,1.0,0
0.287068903,0.476869255,0.799320936,0,1,0,0,0,1,1.0,1
0.308352232,0.899195254,0.904747665,1,0,0,0,0,1,0.0,0
0.771428347,0.872485399,0.391768366,1,0,0,1,0,0,0.0,1
0.477252841,0.466488868,0.563198626,0,0,1,0,1,0,0.5,0
0.787875056,0.412086159,0.706052601,0,0,1,0,0,1,0.5,1
0.112097852,0.936171412,0.952936709,0,0,1,1,0,0,1.0,2
0.513192654,0.729406476,0.912932217,0,0,1,0,0,1,0.5,2
0.0819329172,0.931833088,0.0571923032,0,0,1,0,1,0,0.0,1
0.10952054,0.807126045,0.248165846,0,1,0,0,0,1,0.0,2
0.911115587,0.628832579,0.0491445437,0,1,0,0,1,0,0.5,0
0.182283103,0.160060138,0.616542399,1,0,0,1,0,0,0.0,0
0.555799663,0.326906651,0.710493326,0,1,0,0,0,1,0.0,1
0.44054082,0.970400274,0.308283418,0,0,1,0,1,0,1.0,2
0.379976153,0.353450984,0.853851914,0,0,1,1,0,0,0.0,1
0.904841661,0.138592124,0.452812761,1,0,0,1,0,0,1.0,0
0.0707322285,0.722175717,0.998381495,0,0,1,0,1,0,0.0,2
0.680600226,0.747304022,0.000399692595,1,0,0,0,0,1,1.0,1
0.965224683,0.321184844,0.109489709,0,1,0,0,1,0,0.5,0
0.582159758,0.332788378,0.301793247,0,1,0,1,0,0,1.0,1
0.939981341,0.495448351,0.0255075973,0,1,0,0,1,0,0.0,0
0.0996449888,0.0706995055,0.782339454,1,0,0,1,0,0,1.0,2
0.447853655,0.799856842,0.0527717881,0,0,1,1,0,0,1.0,2
0.297149897,0.351234347,0.748979628,1,0,0,1,0,0,1.0,2
0.744279921,0.861074924,0.052568458,0,1,0,1,0,0,0.5,0
0.982232213,0.812498927,0.25272727,1,0,0,0,0,1,0.0,0
0.293703556,0.678331912,0.841276824,0,0,1,1,0,0,1.0,1
0.671465874,0.358631134,0.951095283,1,0,0,1,0,0,0.5,1
0.238192752,0.54050076,0.414526343,0,1,0,1,0,0,1.0,2
0.58706373,0.472587794,0.969938993,0,0,1,0,1,0,1.0,1
0.490735859,0.371937782,0.626880944,0,1,0,0,0,1,0.0,0
0.973405063,0.855729461,0.415835112,0,0,1,1,0,0,0.5,2
0.628100932,0.509331703,0.802801371,0,0,1,0,1,0,1.0,2
0.382031053,0.841086924,0.295328528,0,1,0,1,0,0,0.0,2
0.158390999,0.149957553,0.265796274,0,1,0,0,0,1,1.0,1
0.193684489,0.183973551,0.656547666,0,1,0,0,0,1,0.0,2
0.26405108,0.978454292,0.390487373,1,0,0,0,0,1,0.5,1
0.288418323,0.60838002,0.135918021,0,1,0,0,0,1,0.5,0
0.858085275,0.534281194,0.0669642389,0,0,1,0,1,0,0.5,1
0.583161652,0.546998262,0.787842572,1,0,0,0,0,1,1.0,1
0.547221363,0.254505336,0.675910711,1,0,0,0,1,0,0.5,2
0.159030423,0.732768774,0.411798239,1,0,0,0,1,0,0.5,2
0.867132723,0.130541593,0.896227658,1,0,0,0,0,1,0.0,1
0.736673594,0.59465754,0.410856754,1,0,0,0,1,0,0.5,0
0.114284948,0.59223038,0.710295498,1,0,0,0,1,0,0.0,2
0.722443342,0.918479025,0.909115255,0,1,0,0,0,1,0.5,1
0.566361308,0.54987365,0.840715468,0,0,1,1,0,0,1.0,2
0.127639085,0.180209562,0.511104763,0,1,0,1,0,0,1.0,0
0.485385597,0.594115615,0.680636406,0,0,1,0,1,0,0.5,2
0.51046145,0.136761263,0.413665771,1,0,0,0,0,1,0.0,0
0.20748581,0.243604138,0.647197187,0,1,0,0,0,1,1.0,2
0.948413253,0.0795531571,0.257552445,0,1,0,0,0,1,1.0,2
0.857476592,0.537628889,0.434742123,0,1,0,1,0,0,1.0,0
0.685571194,0.130305991,0.209545732,0,0,1,0,1,0,0.0,0
0.489180773,0.495924652,0.038184952,1,0,0,0,0,1,0.5,2
0.441177279,0.936297774,0.588539839,1,0,0,0,1,0,1.0,1
0.668424785,0.733773351,0.864429355,1,0,0,0,0,1,1.0,1
0.568160295,0.123541087,0.0255782753,0,0,1,0,0,1,1.0,1
0.109159447,0.262999326,0.196029738,0,1,0,0,0,1,1.0,2
0.536877513,0.689979315,0.460185051,0,0,1,0,1,0,1.0,0
0.816083431,0.899966776,0.665896833,1,0,0,1,0,0,1.0,2
0.486277878,0.0812726542,0.171229199,0,0,1,1,0,0,0.5,0
0.0993587524,0.821828604,0.056694828,0,0,1,0,1,0,1.0,2
0.796964288,0.583723187,0.519048691,0,0,1,0,0,1,1.0,0
0.241295591,0.56878674,0.818709731,1,0,0,1,0,0,1.0,2
0.295689791,0.959922552,0.0352349095,0,1,0,1,0,0,0.5,0
0.206471041,0.76026237,0.349369437,1,0,0,0,1,0,0.0,2
0.363704324,0.857612908,0.663514733,0,0,1,0,1,0,0.0,0
0.768913925,0.386295795,0.130742013,0,1,0,0,1,0,1.0,0
0.54341656,0.576645851,0.235946774,0,1,0,0,0,1,0.5,0
0.244637206,0.634635389,0.535492659,1,0,0,0,0,1,0.5,2
0.883938551,0.355504751,0.953231692,1,0,0,0,1,0,0.0,2
0.885602772,0.591735721,0.287342608,0,1,0,0,1,0,0.0,2
0.877049506,0.274822623,0.48752743,0,0,1,1,0,0,0.5,1
0.276856393,0.186206892,0.399930865,1,0,0,1,0,0,1.0,1
0.478677362,0.405271739,0.897396684,0,1,0,0,1,0,0.5,2
0.985740185,0.752325118,0.0718898624,0,1,0,0,1,0,0.0,1
0.78341186,0.920377791,0.566147566,0,0,1,0,1,0,0.5,2
0.0758090466,0.484828353,0.846119702,0,1,0,1,0,0,1.0,2
0.111944363,0.660682499,0.988117576,1,0,0,1,0,0,1.0,2
0.490734816,0.147885278,0.698725522,0,1,0,0,0,1,0.0,2
0.913759172,0.909240544,0.379935473,0,0,1,1,0,0,0.5,1
0.561766684,0.590174019,0.411824346,0,0,1,1,0,0,0.5,0
0.52292186,0.791321337,0.351682216,0,0,1,0,1,0,1.0,1
0.150200009,0.80471915,0.603613079,1,0,0,0,1,0,0.5,0
0.673941076,0.293656498,0.739405751,1,0,0,0,0,1,1.0,1
0.830998003,0.552715719,0.819467545,1,0,0,0,1,0,1.0,1
0.411399007,0.96245575,0.416593105,0,1,0,0,1,0,0.5,1
0.78683126,0.135152817,0.716708481,0,0,1,1,0,0,0.0,2
0.966252804,0.698897421,0.916222572,0,0,1,0,1,0,0.5,2
0.243578136,0.964150846,0.920824766,0,0,1,1,0,0,0.5,2
0.547163129,0.335548252,0.704029024,1,0,0,1,0,0,0.0,1
0.322781056,0.86837554,0.636902213,0,0,1,0,1,0,0.5,1
0.803211689,0.936974645,0.531526089,0,1,0,0,1,0,1.0,1
0.598713696,0.759731889,0.183197662,0,1,0,1,0,0,0.5,2
0.65285331,0.26976189,0.123629652,1,0,0,0,0,1,1.0,1
0.808018446,0.367300689,0.485711008,1,0,0,0,1,0,0.0,0
0.426171958,0.0840188265,0.159444153,1,0,0,1,0,0,0.5,2
0.919335544,0.839880586,0.576999903,0,0,1,1,0,0,0.5,2
0.556377411,0.857130647,0.64570272,0,0,1,0,1,0,0.0,0
0.200057074,0.651074767,0.525615573,0,0,1,1,0,0,0.0,2
0.711104155,0.384901464,0.0364267118,0,1,0,0,1,0,1.0,1
0.803598285,0.122970477,0.057727959,0,1,0,0,0,1,0.0,1
0.350923598,0.765404701,0.113341182,0,0,1,0,0,1,1.0,1
0.864320278,0.740199864,0.153645799,0,1,0,1,0,0,0.0,0
0.910836101,0.916972399,0.989882588,0,1,0,0,1,0,1.0,2
0.31305927,0.744005442,0.344495028,1,0,0,0,1,0,0.0,1
0.984345376,0.837260187,0.291973382,0,0,1,0,0,1,1.0,2
0.183675945,0.758656859,0.052266635,0,1,0,0,0,1,1.0,2
0.241914883,0.649152815,0.635320365,0,1,0,0,1,0,0.5,2
0.225013599,0.455618083,0.652190804,0,0,1,1,0,0,1.0,2
0.899290204,0.907011449,0.175448686,0,0,1,0,1,0,0.5,0
0.67157793,0.668420136,0.919241548,1,0,0,1,0,0,0.5,1
0.194499075,0.428437561,0.800493538,1,0,0,1,0,0,0.0,2
0.468307257,0.129295826,0.230319321,0,0,1,0,1,0,0.5,0
0.634533107,0.32616961,0.485849738,0,1,0,0,1,0,1.0,2
0.129290879,0.56654042,0.458390862,1,0,0,0,0,1,0.0,2
0.888295531,0.311853588,0.348520458,0,0,1,0,0,1,1.0,2
0.813423336,0.260173589,0.817634702,1,0,0,0,0,1,0.5,1
0.529946446,0.551023841,0.109264486,0,1,0,1,0,0,0.5,2
0.968770266,0.211329326,0.415314227,0,1,0,0,0,1,0.5,0
0.44687292,0.810389578,0.428031117,0,0,1,0,1,0,0.5,0
0.984904826,0.510149717,0.468725592,1,0,0,1,0,0,1.0,1
0.684524,0.595169663,0.86135,0,1,0,0,0,1,1.0,1
0.65293771,0.190014109,0.218166873,0,1,0,0,1,0,0.0,2
0.207657143,0.358347505,0.102923177,1,0,0,0,1,0,0.0,2
0.88783139,0.439585209,0.617808461,0,0,1,0,0,1,1.0,2
0.456115216,0.817802191,0.173834473,1,0,0,0,1,0,1.0,1
0.204121739,0.781651556,0.0749320835,1,0,0,0,1,0,0.5,0
0.0619771443,0.261828601,0.426649213,1,0,0,0,1,0,0.5,2
0.581767917,0.635370135,0.219646424,1,0,0,0,0,1,0.0,0
0.551029623,0.281283528,0.361216605,1,0,0,0,1,0,0.0,0
0.733385921,0.988834798,0.259711087,0,1,0,1,0,0,0.0,2
0.895745158,0.954517663,0.092636466,0,0,1,0,1,0,1.0,0
0.125436261,0.585101485,0.560347199,0,0,1,0,1,0,0.0,0
0.744921684,0.713957429,0.0270184185,0,1,0,0,0,1,1.0,2
0.228041351,0.811358869,0.966375351,0,0,1,0,1,0,1.0,2
0.865268171,0.734948516,0.341330528,0,0,1,0,0,1,0.0,2
0.828110337,0.714837253,0.695157528,1,0,0,0,0,1,1.0,0
0.563754082,0.960626304,0.810362875,0,0,1,0,0,1,1.0,2
0.72473067,0.616633296,0.279104799,1,0,0,0,0,1,0.0,0
0.348632604,0.65448755,0.748738706,0,0,1,0,1,0,0.0,1
0.497609496,0.856805325,0.832420826,0,1,0,0,1,0,0.0,1
0.830555081,0.686396301,0.241317227,0,0,1,0,0,1,0.0,1
0.486301929,0.746285975,0.992494702,0,1,0,0,0,1,0.5,1
0.389908344,0.272460252,0.0206886828,1,0,0,0,0,1,0.5,0
0.519501805,0.402703583,0.217000484,1,0,0,0,0,1,0.5,1
0.836836815,0.18993628,0.780020773,1,0,0,0,1,0,0.0,2
0.368447632,0.530477166,0.194131032,1,0,0,1,0,0,0.5,1
0.215073511,0.482941031,0.69825989,0,1,0,0,1,0,0.0,2
0.72641331,0.997304678,0.855530381,0,0,1,0,0,1,0.5,1
0.834679306,0.630648196,0.95921427,1,0,0,0,0,1,1.0,2
0.145605609,0.797122598,0.474247515,1,0,0,0,0,1,0.0,2
0.2778804,0.367313951,0.971109152,1,0,0,0,0,1,0.5,1
0.184873387,0.839968085,0.411622286,0,1,0,1,0,0,0.5,2
0.380544335,0.63433069,0.21812804,0,1,0,0,0,1,0.0,2
0.47783342,0.712142706,0.513921857,0,1,0,1,0,0,1.0,0
0.761385024,0.329709232,0.649823248,0,0,1,0,1,0,0.5,2
0.668590188,0.57120645,0.457963318,0,0,1,1,0,0,0.0,1
0.639882147,0.652335107,0.566972435,1,0,0,0,1,0,0.5,1
0.384756207,0.609639943,0.416409194,0,1,0,1,0,0,1.0,2
0.849375188,0.919434011,0.524761975,0,0,1,0,0,1,0.0,1
0.497722805,0.903359056,0.952595651,0,0,1,1,0,0,0.5,1
0.980149686,0.972434878,0.49983114,0,1,0,0,0,1,0.5,1
0.652435005,0.68405658,0.25317964,0,0,1,1,0,0,0.0,1
0.169951499,0.973318398,0.758746624,0,1,0,0,1,0,1.0,2
0.692368686,0.840854108,0.337584466,0,1,0,1,0,0,0.5,1
0.35884881,0.307290524,0.81620717,0,1,0,1,0,0,1.0,1
0.70201081,0.456063896,0.0568419881,1,0,0,0,1,0,0.0,2
0.116159089,0.276472807,0.332177967,0,0,1,1,0,0,0.5,2
0.216137365,0.0539873019,0.094359912,1,0,0,0,1,0,0.5,0
0.862950385,0.228646308,0.0853178278,0,1,0,1,0,0,1.0,1
0.265820593,0.0538575575,0.658389568,0,0,1,0,1,0,1.0,1
0.845189095,0.733846545,0.38533479,0,0,1,0,1,0,1.0,2
0.315312296,0.454257578,0.871478915,1,0,0,0,0,1,0.0,1
0.660737813,0.346946001,0.516405165,1,0,0,0,1,0,1.0,0
0.709443033,0.773634851,0.29534322,0,0,1,0,1,0,0.5,1
0.537021995,0.840862453,0.720888913,1,0,0,0,0,1,0.0,1
0.340045154,0.976534545,0.624016821,1,0,0,0,0,1,0.0,0
0.252012163,0.659912884,0.799594641,0,1,0,0,1,0,0.0,2
0.0815298855,0.488452524,0.643588305,0,0,1,0,0,1,0.5,1
0.338749081,0.340001076,0.167013422,0,1,0,0,1,0,1.0,2
0.67050463,0.261202306,0.67031002,0,1,0,0,1,0,0.0,1
0.941389561,0.252279639,0.3915492,0,0,1,1,0,0,0.0,0
0.877644241,0.438729912,0.463143021,0,0,1,0,1,0,0.5,0
0.777761519,0.992197037,0.921564579,0,1,0,0,0,1,0.5,0
0.799024999,0.0508110113,0.359964043,0,0,1,1,0,0,1.0,1
0.681735635,0.237345606,0.611959159,0,1,0,1,0,0,1.0,0
0.297272503,0.228973329,0.36348173,0,1,0,0,0,1,1.0,1
0.911835253,0.731263518,0.0947274864,1,0,0,0,0,1,0.5,0
0.687195718,0.384860486,0.453525335,0,1,0,1,0,0,0.0,2
0.582418621,0.484397769,0.597061515,0,0,1,0,0,1,0.0,2
0.155440003,0.191192925,0.407503307,0,1,0,0,0,1,0.5,2
0.474702775,0.434747189,0.390666187,0,1,0,0,1,0,1.0,2
0.487340361,0.148039818,0.820378542,0,0,1,0,0,1,0.0,1
0.871335447,0.55639112,0.0296851732,0,0,1,0,1,0,0.0,0
0.569315791,0.143041447,0.295585394,1,0,0,0,0,1,0.5,2
0.411380529,0.800982952,0.811757267,0,0,1,0,0,1,1.0,0
0.977960289,0.588271618,0.92053014,0,1,0,0,0,1,0.0,1
0.155184567,0.737769485,0.412299573,0,0,1,0,0,1,1.0,2
0.451420993,0.44759056,0.888794243,0,0,1,1,0,0,0.5,2
0.0899234414,0.412416726,0.198930129,1,0,0,1,0,0,0.5,2
0.752908885,0.143298447,0.221427068,0,1,0,0,0,1,1.0,1
0.922172725,0.547662854,0.846191406,1,0,0,1,0,0,0.0,0
0.31603545,0.538777053,0.903257728,1,0,0,0,0,1,0.0,0
0.865424573,0.494696945,0.222805768,0,1,0,0,0,1,0.0,0
0.327607334,0.753492475,0.05932419,0,0,1,0,1,0,1.0,0
0.915231645,0.840879202,0.0903241336,0,1,0,0,1,0,1.0,0
0.766263783,0.763250172,0.261380821,1,0,0,0,0,1,0.0,2
0.814661443,0.186672449,0.761449099,1,0,0,1,0,0,0.5,2
0.0671062246,0.640956521,0.509991825,0,1,0,1,0,0,0.5,1
0.964669824,0.126306951,0.455588847,1,0,0,0,0,1,0.0,2
0.740337431,0.7098912,0.584139943,0,0,1,1,0,0,1.0,2
0.33951354,0.412747145,0.890223086,0,0,1,0,0,1,0.0,1
0.837924957,0.17587401,0.0904303789,0,1,0,0,1,0,0.5,0
0.317445129,0.86894834,0.694724143,0,1,0,1,0,0,0.5,2
0.879116118,0.633307934,0.926790833,0,0,1,1,0,0,0.5,2
0.156951368,0.386988729,0.213350043,0,1,0,0,1,0,0.0,0
0.718501687,0.0791908205,0.83777231,0,0,1,0,0,1,0.0,1
0.563663542,0.560444772,0.69802469,0,0,1,1,0,0,0.5,0
0.141707748,0.927064598,0.0144685358,0,0,1,0,1,0,0.5,2
0.279799134,0.616560817,0.231611684,0,0,1,1,0,0,0.5,0
0.0617838353,0.973068058,0.605844736,0,1,0,0,1,0,0.5,2
0.495329559,0.179628566,0.502400339,0,0,1,1,0,0,1.0,0
0.336201996,0.589889824,0.52793628,0,0,1,0,0,1,0.0,2
0.618439615,0.808218777,0.23193042,1,0,0,1,0,0,1.0,1
0.332375914,0.549263716,0.675003469,1,0,0,0,1,0,0.5,0
0.334923148,0.136513039,0.266418368,1,0,0,0,0,1,0.5,1
0.75603354,0.603741705,0.389434963,1,0,0,1,0,0,1.0,1
0.0957356915,0.631151021,0.368915915,0,1,0,0,1,0,1.0,2
0.907750249,0.742273808,0.672025025,1,0,0,0,1,0,1.0,1
0.859650671,0.773150921,0.0902527645,1,0,0,0,0,1,0.5,0
0.684414446,0.782234073,0.205541894,1,0,0,1,0,0,0.0,1
0.613560498,0.680272162,0.200497076,0,1,0,0,0,1,0.0,2
0.897687376,0.255020618,0.108424671,0,0,1,0,1,0,1.0,1
0.226063669,0.434023976,0.207594976,1,0,0,0,1,0,1.0,1
0.125020698,0.787323475,0.607060254,0,0,1,1,0,0,1.0,1
0.277534664,0.955755651,0.732168198,1,0,0,0,1,0,0.5,0
0.804849386,0.12499962,0.660303473,0,1,0,0,0,1,1.0,1
0.0829367563,0.558759868,0.475188136,0,1,0,0,1,0,0.5,2
0.603666484,0.346896172,0.0524345711,0,1,0,1,0,0,0.0,2
0.995665669,0.264124185,0.959007025,0,0,1,1,0,0,0.5,1
0.862911284,0.530520141,0.168076456,0,1,0,0,1,0,1.0,2
0.54537338,0.625784874,0.668421388,0,0,1,0,0,1,0.5,2
0.110458866,0.0592836216,0.912890613,0,1,0,1,0,0,0.5,2
0.839804828,0.791196227,0.697777092,1,0,0,0,1,0,0.5,2
0.619029582,0.828887999,0.218049645,1,0,0,0,1,0,0.5,2
0.159186348,0.967235267,0.315796286,1,0,0,0,1,0,0.5,2
0.139164418,0.221611544,0.0302058663,1,0,0,0,0,1,0.5,2
0.91414547,0.614824951,0.612758219,0,0,1,0,0,1,0.0,2
0.685740232,0.455294102,0.612993002,0,1,0,0,0,1,0.0,1
0.837822437,0.368086457,0.725500584,0,0,1,1,0,0,0.0,1
0.885029972,0.587351799,0.0109962896,0,0,1,0,1,0,1.0,1
0.593183756,0.793263912,0.817841291,1,0,0,0,0,1,0.0,2
0.541574061,0.0719001442,0.73871094,0,1,0,1,0,0,1.0,2
0.458906054,0.970930099,0.140886605,0,0,1,1,0,0,0.0,2
0.351099253,0.819387496,0.347626597,0,0,1,1,0,0,0.5,2
0.462866157,0.763595998,0.63852489,0,0,1,1,0,0,0.5,2
0.785185695,0.772368014,0.495796889,0,0,1,0,0,1,0.0,1
0.621827245,0.419607669,0.115094267,0,1,0,1,0,0,0.0,0
0.897897124,0.764039516,0.0873453766,1,0,0,0,0,1,1.0,0
0.471211016,0.417431712,0.781456292,1,0,0,0,0,1,1.0,1
0.626735091,0.90377146,0.155967116,0,0,1,0,0,1,1.0,0
0.649742186,0.218361259,0.172092676,0,1,0,0,1,0,0.5,0
0.612112284,0.32773006,0.83092314,0,1,0,0,0,1,0.0,1
0.717502058,0.573770642,0.612139642,0,0,1,1,0,0,1.0,2
0.27556181,0.353250474,0.604715586,0,1,0,0,1,0,0.0,2
0.536745608,0.453025371,0.479345769,0,0,1,0,1,0,0.0,1
0.149013564,0.517801583,0.568994999,1,0,0,0,1,0,0.0,2
0.415285766,0.863535702,0.601769686,1,0,0,0,0,1,0.5,0
0.51328373,0.547032654,0.967826247,1,0,0,0,0,1,0.5,0
0.669613063,0.394336849,0.222973302,0,0,1,0,1,0,1.0,2
0.953004479,0.285349369,0.214562416,0,0,1,1,0,0,0.0,0
0.620618522,0.438242167,0.0572184883,1,0,0,0,1,0,1.0,2
0.756414235,0.539949298,0.658198774,0,0,1,0,0,1,0.0,0
0.530952752,0.75880909,0.549042165,0,1,0,0,0,1,0.0,1
0.652398825,0.164996341,0.111239202,1,0,0,1,0,0,0.0,1
0.117385603,0.260528743,0.364538938,0,1,0,1,0,0,0.5,2
0.291671991,0.410671324,0.178663209,0,1,0,0,1,0,0.5,0
0.393760443,0.392378479,0.331481755,0,0,1,0,0,1,0.0,0
0.498868674,0.422160685,0.951264143,0,0,1,0,1,0,1.0,1
0.09336631,0.803845227,0.683318853,1,0,0,1,0,0,1.0,2
0.183022887,0.357946694,0.00756910071,0,0,1,0,1,0,0.5,2
0.312973589,0.526803255,0.252508074,0,0,1,0,1,0,0.0,1
0.972956061,0.642711699,0.0103615467,0,1,0,0,0,1,0.5,0
0.364779651,0.270569623,0.714868486,0,0,1,0,0,1,1.0,1
0.507938981,0.732760608,0.469421804,1,0,0,0,0,1,1.0,1
0.236292824,0.569755733,0.994018674,0,0,1,0,1,0,0.5,1
0.630241096,0.474442095,0.733583272,1,0,0,0,0,1,0.0,1
0.31664905,0.81929481,0.517912924,0,1,0,0,0,1,0.5,2
0.246642947,0.281320482,0.804705441,0,1,0,1,0,0,0.5,0
0.540744007,0.889017165,0.704803646,0,1,0,0,0,1,0.5,1
0.0552305095,0.582996309,0.243776172,1,0,0,1,0,0,0.0,2
0.057280831,0.628716111,0.530258298,0,1,0,0,1,0,0.0,2
0.258115381,0.881305993,0.555998743,0,1,0,0,1,0,1.0,0
0.0848852918,0.826703548,0.451231688,0,0,1,0,0,1,0.0,0
0.152624473,0.621483982,0.179192618,1,0,0,1,0,0,0.0,2
0.371917605,0.765528321,0.223369047,0,1,0,0,0,1,0.0,0
0.812456369,0.461653531,0.281047404,0,0,1,1,0,0,0.5,1
0.593446195,0.570008874,0.0102551496,0,0,1,0,0,1,1.0,2
0.537034333,0.108966626,0.916943908,0,1,0,1,0,0,1.0,1
0.328814387,0.135365024,0.686096013,1,0,0,1,0,0,0.5,1
0.935166061,0.837954164,0.689617336,0,1,0,0,1,0,1.0,2
0.427164286,0.106688075,0.572330594,0,0,1,1,0,0,0.5,1
0.132738128,0.21092917,0.689310789,1,0,0,0,1,0,0.5,2
0.636213183,0.806041002,0.981862545,0,0,1,0,0,1,0.0,1
0.158146471,0.0510886535,0.385160327,0,1,0,0,0,1,0.0,2
0.377961993,0.318284124,0.712525606,1,0,0,1,0,0,0.0,1
0.532041371,0.604836702,0.359529018,0,1,0,0,1,0,1.0,1
0.880511403,0.615677416,0.854288816,0,1,0,0,1,0,0.0,0
0.518869281,0.788295269,0.858028591,0,1,0,0,0,1,1.0,1
0.717145801,0.530629933,0.902266443,0,0,1,0,1,0,0.0,2
0.993175983,0.533931792,0.00546332402,1,0,0,0,1,0,0.0,1
0.174914658,0.739045024,0.298191458,1,0,0,0,0,1,1.0,2
0.310994953,0.523693264,0.13392435,0,0,1,0,1,0,1.0,0
0.424847275,0.62806654,0.453986198,1,0,0,0,0,1,0.0,2
0.450736761,0.902885377,0.495449632,1,0,0,0,1,0,0.5,1
0.44047001,0.431378454,0.255904049,0,1,0,1,0,0,1.0,0
0.912230432,0.415868819,0.723446488,0,1,0,0,0,1,1.0,1
0.728331029,0.0533715412,0.269769728,0,0,1,0,0,1,0.0,2
0.627509952,0.632754922,0.853891373,1,0,0,0,0,1,0.0,1
0.343904078,0.0782833099,0.177659363,0,0,1,1,0,0,1.0,0
0.832600892,0.528941095,0.367235303,0,0,1,0,0,1,0.0,2
0.957307458,0.814022124,0.622237742,0,0,1,1,0,0,0.5,2
0.830138385,0.572425008,0.605335057,0,0,1,0,1,0,1.0,1
0.0514868498,0.30615437,0.078029111,0,1,0,1,0,0,0.5,2
0.654581308,0.79685998,0.84625864,0,0,1,0,0,1,1.0,1
0.0985786095,0.306231141,0.598064959,1,0,0,1,0,0,0.5,0
0.294726849,0.74638021,0.869859576,0,1,0,1,0,0,0.0,1
0.106548466,0.629745543,0.867635608,0,1,0,1,0,0,0.0,2
0.623605669,0.211496487,0.545918703,0,0,1,1,0,0,1.0,1
0.702260435,0.909877181,0.910781443,0,1,0,0,1,0,1.0,1
0.15876326,0.240611494,0.848407805,0,1,0,0,1,0,0.5,1
0.414646953,0.990107715,0.958122969,0,1,0,0,1,0,0.0,0
0.483424693,0.0569449626,0.850498378,0,1,0,0,0,1,0.0,2
0.400600374,0.300309211,0.821203828,0,1,0,1,0,0,0.5,1
0.164973751,0.239867285,0.469360471,0,1,0,0,1,0,1.0,2
0.448000401,0.0632937402,0.212031066,1,0,0,0,0,1,0.5,2
0.763619125,0.745749533,0.910708725,0,1,0,0,0,1,0.5,1
0.117457278,0.708754539,0.7225492,0,1,0,1,0,0,0.5,2
0.126171008,0.802733421,0.281747878,0,0,1,1,0,0,0.5,2
0.387032717,0.293863624,0.340995729,0,1,0,1,0,0,1.0,1
0.944639444,0.472118407,0.686078489,0,1,0,1,0,0,0.5,1
0.685144007,0.676157832,0.477817297,0,0,1,1,0,0,0.0,0
0.694736481,0.467780083,0.0814825594,1,0,0,1,0,0,1.0,1
0.393823981,0.712459505,0.141447946,1,0,0,0,1,0,0.5,0
0.61397773,0.652274728,0.745648682,0,1,0,0,1,0,0.5,1
0.0596246235,0.158915415,0.328569531,1,0,0,1,0,0,0.0,2
0.654291272,0.791990936,0.507649422,1,0,0,0,0,1,0.5,0
0.917622626,0.734642565,0.76662147,1,0,0,0,1,0,0.0,1
0.631944776,0.673042655,0.751175582,1,0,0,1,0,0,0.0,1
0.880013645,0.197338924,0.167015031,0,1,0,0,1,0,0.5,2
0.737774432,0.304596633,0.0983938649,0,1,0,0,0,1,1.0,0
0.164530501,0.423518181,0.59115231,0,0,1,0,0,1,1.0,2
0.907330632,0.315933138,0.741632879,0,1,0,0,1,0,0.5,2
0.113121651,0.266419768,0.149039924,0,1,0,1,0,0,0.5,2
0.557269096,0.815089762,0.371955276,1,0,0,1,0,0,1.0,1
0.185030267,0.656320632,0.870278001,1,0,0,1,0,0,0.5,1
0.0611212812,0.587198496,0.944223166,0,1,0,0,0,1,0.5,2
0.450932533,0.264655083,0.454069763,0,1,0,0,0,1,0.0,2
0.330288678,0.922172725,0.079515934,1,0,0,0,0,1,1.0,1
0.511700451,0.231623888,0.25769645,0,1,0,0,0,1,0.0,2
0.598339915,0.805203378,0.232969925,0,1,0,0,1,0,1.0,0
0.091552116,0.968339026,0.238963723,1,0,0,1,0,0,0.0,1
0.16685313,0.740738094,0.493881702,1,0,0,1,0,0,1.0,2
0.580710292,0.993215859,0.583225667,0,0,1,0,1,0,1.0,2
0.376008987,0.668498576,0.122509591,0,1,0,0,1,0,0.0,1
0.742714822,0.256587327,0.889356017,1,0,0,1,0,0,0.5,1
0.669677079,0.243628517,0.619973838,1,0,0,1,0,0,1.0,1
0.853324115,0.358336061,0.597251713,0,1,0,0,1,0,0.5,0
0.707868159,0.056773521,0.987278998,0,1,0,0,1,0,0.5,1
0.458434522,0.697613537,0.628143966,1,0,0,0,0,1,0.0,1
0.689318299,0.305234402,0.928959131,0,1,0,0,1,0,0.5,2
0.311612129,0.824424088,0.286256969,0,0,1,0,1,0,0.5,0
0.340997815,0.391214013,0.240129486,1,0,0,0,0,1,1.0,0
0.79953593,0.505958676,0.516518712,1,0,0,1,0,0,1.0,2
0.474098533,0.967404485,0.508608937,0,1,0,0,0,1,1.0,0
0.808461308,0.28006351,0.226483643,1,0,0,0,1,0,0.5,1
0.831301272,0.735191405,0.699655652,0,1,0,0,1,0,1.0,2
0.864684224,0.767361879,0.0296338201,0,0,1,1,0,0,1.0,1
0.920803487,0.259948254,0.690630496,0,0,1,1,0,0,1.0,1
0.45943597,0.525946975,0.457177877,0,0,1,0,0,1,0.0,2
0.352923483,0.38269183,0.689007521,1,0,0,1,0,0,0.5,1
0.603088796,0.78331095,0.477080643,0,0,1,0,1,0,0.0,2
0.402613789,0.64135915,0.977333784,0,1,0,1,0,0,0.0,2
0.621020436,0.502183914,0.334684938,0,1,0,0,1,0,0.0,2
0.720306575,0.790395081,0.982572913,0,0,1,1,0,0,1.0,1
0.703984797,0.273397803,0.0649739429,0,0,1,0,0,1,0.0,0
0.405825257,0.765940785,0.683760762,0,1,0,1,0,0,0.5,1
0.208517194,0.872105598,0.454219192,0,0,1,0,1,0,0.0,2
0.459002882,0.884690523,0.822137654,0,0,1,0,0,1,0.0,2
0.185464442,0.79448992,0.789616048,0,0,1,0,0,1,0.5,2
0.895592213,0.437613457,0.800210178,0,1,0,1,0,0,1.0,2
0.37858358,0.982717633,0.0947386026,0,1,0,1,0,0,0.0,2
0.196736753,0.410613954,0.822365701,0,0,1,0,0,1,0.5,2
0.0741753727,0.656694114,0.21404016,0,1,0,0,0,1,0.0,2
0.663531244,0.203020468,0.0256802645,0,0,1,0,1,0,0.0,0
0.655057192,0.981426477,0.217738718,0,0,1,0,0,1,1.0,1
0.373573959,0.718786597,0.479285091,0,0,1,0,0,1,0.5,2
0.118126296,0.765708685,0.742111385,1,0,0,0,0,1,0.0,2
0.439147443,0.112487867,0.218632475,1,0,0,0,0,1,0.0,0
0.345656633,0.775246918,0.113007545,0,0,1,0,1,0,0.5,1
0.693264604,0.785987258,0.645967245,1,0,0,0,0,1,0.0,1
0.625490308,0.688184083,0.983898044,0,0,1,0,1,0,1.0,1
0.396364033,0.327314138,0.600870311,1,0,0,0,0,1,0.5,0
0.256997913,0.515205562,0.691057384,0,0,1,0,1,0,1.0,0
0.988634169,0.154912651,0.561167419,1,0,0,0,1,0,0.5,0
0.481301546,0.498007715,0.782348454,0,1,0,1,0,0,0.0,0
0.703860521,0.281632662,0.975804448,0,1,0,0,1,0,0.5,1
0.183525324,0.381642133,0.544129252,1,0,0,0,1,0,0.5,2
0.51131022,0.204470381,0.416790515,0,0,1,0,1,0,0.5,0
0.076159887,0.268551648,0.860343039,1,0,0,1,0,0,0.0,2
0.530182362,0.122740209,0.969728351,1,0,0,0,1,0,0.0,1
0.965816557,0.923906326,0.129181638,0,1,0,1,0,0,1.0,0
0.414996386,0.553890169,0.578170955,0,1,0,0,1,0,1.0,1
0.0870462134,0.426904887,0.792459965,0,1,0,0,1,0,0.0,2
0.0794080049,0.558277726,0.533339381,1,0,0,0,1,0,0.0,2
0.418587416,0.646878541,0.409196973,0,1,0,0,1,0,0.5,0
0.202023685,0.925784826,0.655229807,0,1,0,0,0,1,0.0,2
0.0721844882,0.219758302,0.270128101,0,1,0,0,0,1,1.0,2
0.768402934,0.330774873,0.34913373,0,0,1,0,0,1,0.0,1
0.485596865,0.976999879,0.992276669,0,0,1,0,1,0,1.0,1
0.324782521,0.402633339,0.636465311,1,0,0,0,0,1,0.0,0
0.905079007,0.0714335665,0.872927308,0,1,0,1,0,0,0.0,0
0.160332009,0.190261319,0.807768524,1,0,0,0,1,0,0.5,2
0.958122909,0.0750217661,0.652272582,1,0,0,0,0,1,1.0,1
0.34826839,0.990426958,0.840729058,0,1,0,1,0,0,0.0,1
0.893983483,0.31492731,0.287158489,1,0,0,1,0,0,0.5,1
0.622795761,0.927365601,0.637116432,0,1,0,0,1,0,0.5,2
0.835371971,0.996091962,0.590603471,0,1,0,0,1,0,1.0,1
0.984812498,0.619849145,0.622419596,0,0,1,1,0,0,0.5,2
0.323985159,0.0815365016,0.168631926,1,0,0,1,0,0,1.0,0
0.963078737,0.127512053,0.277243048,1,0,0,0,1,0,1.0,0
0.420007795,0.507509589,0.286658317,0,1,0,1,0,0,1.0,0
0.416236311,0.435863405,0.601946175,0,0,1,0,0,1,0.5,0
0.373367757,0.62586844,0.972546875,0,0,1,0,0,1,0.5,1
0.564337254,0.466905415,0.954067528,1,0,0,1,0,0,1.0,1
0.196437791,0.937372983,0.227189556,0,0,1,1,0,0,0.5,2
0.576025903,0.55800271,0.304845244,1,0,0,0,1,0,0.5,2
0.564619601,0.709039748,0.0360618904,1,0,0,0,0,1,1.0,1
0.773806751,0.901661038,0.398815602,0,0,1,0,0,1,1.0,0
0.841967463,0.189528286,0.83467412,0,1,0,0,0,1,0.5,0
0.468419284,0.268247932,0.915751755,1,0,0,0,0,1,1.0,1
0.337216586,0.151952729,0.236496478,1,0,0,0,0,1,1.0,0
0.296368152,0.182656482,0.265794486,1,0,0,0,0,1,0.0,0
0.234892651,0.536954761,0.220849812,1,0,0,0,1,0,1.0,2
0.104765207,0.355120301,0.350103557,0,0,1,1,0,0,0.0,2
0.37532559,0.452014208,0.804759383,0,0,1,0,0,1,0.5,1
0.306735307,0.983365357,0.64685744,0,0,1,0,1,0,0.5,0
0.968096495,0.198869124,0.785940945,0,0,1,0,1,0,0.0,0
0.579823375,0.563771486,0.583031118,1,0,0,1,0,0,0.0,1
0.379913181,0.143927604,0.257733077,0,1,0,1,0,0,0.0,0
0.601444244,0.352571487,0.227994174,0,1,0,1,0,0,0.0,0
0.182236865,0.551149607,0.00900070556,0,0,1,1,0,0,0.0,2
0.471841574,0.94930017,0.780982137,1,0,0,1,0,0,0.0,1
0.644922614,0.421666801,0.847121239,0,0,1,0,1,0,0.0,1
0.514452934,0.11166136,0.768282592,0,1,0,1,0,0,0.5,1
0.431689858,0.418753386,0.0744020566,0,0,1,0,1,0,0.0,2
0.994155943,0.188454121,0.762221634,1,0,0,0,0,1,0.0,1
0.886299014,0.268490136,0.0457674526,1,0,0,0,0,1,0.5,0
0.642235637,0.63718611,0.105593063,1,0,0,1,0,0,0.5,1
0.590908468,0.114052676,0.440475374,0,0,1,0,0,1,0.0,2
0.639627457,0.491487563,0.476146996,0,1,0,0,1,0,0.0,2
0.241246507,0.628988504,0.816118658,1,0,0,0,0,1,1.0,2
0.425380856,0.450765461,0.679526865,0,1,0,0,0,1,0.0,1
0.0874865577,0.0681700334,0.153320178,0,1,0,0,0,1,1.0,0
0.501768708,0.986243367,0.226146787,0,0,1,0,0,1,1.0,0
0.565873384,0.398759991,0.285675198,0,0,1,0,1,0,0.5,1
0.26636225,0.789648354,0.123672634,0,1,0,0,0,1,1.0,2
0.965827405,0.359364182,0.287644893,1,0,0,1,0,0,0.0,1
0.913981855,0.501265943,0.728598177,1,0,0,0,1,0,1.0,1
0.736036062,0.419040471,0.241401464,0,0,1,1,0,0,0.5,1
0.556717277,0.375412256,0.835359633,1,0,0,0,1,0,1.0,1
0.876470685,0.0707588047,0.469516993,0,1,0,0,0,1,1.0,2
0.174119726,0.392019898,0.32293576,1,0,0,0,1,0,1.0,2
0.800984323,0.895015478,0.412418097,0,0,1,1,0,0,1.0,0
0.168579772,0.705873668,0.709496737,0,1,0,1,0,0,1.0,2
0.804500103,0.188151717,0.516792715,0,1,0,0,1,0,1.0,0
0.311979204,0.61159724,0.00727866404,1,0,0,1,0,0,1.0,1
0.883236051,0.897619307,0.922323823,1,0,0,1,0,0,0.5,1
0.946839988,0.715032339,0.0659960061,0,1,0,0,1,0,0.0,0
0.191356167,0.191250175,0.938621342,0,0,1,0,0,1,0.5,0
0.489541829,0.874440849,0.0281528234,0,0,1,0,0,1,1.0,1
0.981938004,0.336466819,0.770979345,1,0,0,0,0,1,1.0,1
0.509237051,0.481372327,0.534674704,0,0,1,1,0,0,0.5,0
0.87037015,0.549835622,0.505726159,0,1,0,1,0,0,1.0,2
0.609294951,0.857981265,0.0727785006,0,0,1,0,0,1,0.5,0
0.406563401,0.935027122,0.238745004,0,1,0,0,1,0,1.0,0
0.321494371,0.933170259,0.7775473,1,0,0,0,0,1,1.0,2
0.24306193,0.0575564727,0.891259849,0,0,1,0,1,0,0.0,2
0.773708284,0.925794065,0.529118657,0,1,0,1,0,0,1.0,2
0.41721347,0.10166762,0.353343397,1,0,0,1,0,0,0.0,1
0.535711706,0.302484959,0.0599432066,0,1,0,0,0,1,0.0,0
0.517709196,0.539238453,0.682178497,0,0,1,0,1,0,0.5,1
0.598415077,0.50592941,0.278446615,0,1,0,0,1,0,0.0,0
0.8722983,0.624474287,0.0550137162,1,0,0,0,0,1,0.5,0
0.981702387,0.505473912,0.665851712,1,0,0,0,1,0,0.5,0
0.437204987,0.937656879,0.4857198,0,0,1,1,0,0,0.0,0
0.836142957,0.278521419,0.0119621493,1,0,0,0,1,0,0.5,1
0.776301384,0.310323447,0.110924043,0,0,1,1,0,0,0.0,0
0.594852507,0.924701035,0.699201941,1,0,0,0,0,1,1.0,2
0.958244801,0.122902535,0.0636713356,0,0,1,0,1,0,0.5,0
0.240450785,0.629082799,0.865963042,1,0,0,0,0,1,0.0,0
0.153800994,0.697649181,0.311326265,0,0,1,0,0,1,0.0,2
0.861263871,0.530264616,0.0886664689,0,1,0,0,1,0,0.0,0
0.467192322,0.70952028,0.7597574,0,1,0,0,1,0,0.0,1
0.854620397,0.214116916,0.524427235,0,0,1,0,1,0,1.0,1
0.898435712,0.86000061,0.306640029,1,0,0,1,0,0,0.5,1
0.109334715,0.183024406,0.406098336,1,0,0,0,0,1,0.0,2
0.889291525,0.430771828,0.0214123949,0,0,1,1,0,0,0.5,0
0.475903094,0.121494718,0.662698567,1,0,0,0,0,1,0.0,0
0.534910858,0.567950547,0.365773678,0,0,1,0,0,1,0.5,2
0.645262897,0.686258495,0.714037597,0,1,0,1,0,0,0.0,1
0.930063486,0.944160581,0.628171146,0,0,1,0,0,1,0.0,1
0.068160288,0.752369404,0.651254177,1,0,0,1,0,0,1.0,2
0.503001273,0.564047754,0.792892694,1,0,0,0,1,0,0.5,0
0.703335941,0.935986161,0.631158054,0,0,1,0,0,1,0.0,2
0.73657161,0.504514992,0.418725938,0,0,1,1,0,0,0.0,1
0.707905829,0.58314538,0.389927566,0,0,1,0,1,0,1.0,2
0.177713379,0.616293609,0.119582109,0,0,1,0,0,1,1.0,0
0.334425807,0.439480752,0.779443443,0,1,0,0,0,1,1.0,0
0.390779763,0.846558571,0.761108458,1,0,0,0,0,1,1.0,1
0.814215362,0.225917146,0.246298373,1,0,0,0,0,1,1.0,0
0.314821869,0.577100098,0.862681925,0,0,1,0,1,0,0.5,1
0.250169724,0.736121595,0.589003265,0,0,1,0,0,1,0.0,0
0.959575593,0.908777356,0.478686839,0,0,1,0,0,1,0.5,2
0.0584201217,0.889722466,0.0174963009,0,1,0,0,1,0,1.0,0
0.997929811,0.533303261,0.382741183,0,1,0,0,1,0,0.0,1
0.69298023,0.661003351,0.640670776,0,0,1,0,0,1,0.5,1
0.837045848,0.424525857,0.0897478387,1,0,0,0,1,0,1.0,0
0.329888433,0.494768888,0.459567308,0,1,0,0,1,0,0.5,0
0.063599512,0.910952508,0.993435979,1,0,0,1,0,0,0.5,2
0.750976026,0.934168816,0.716538608,0,1,0,0,1,0,1.0,2
0.842437387,0.900643349,0.546870887,0,0,1,1,0,0,0.0,0
0.753452301,0.181452319,0.533032894,0,0,1,1,0,0,1.0,2
0.185707778,0.857579827,0.043765083,1,0,0,1,0,0,1.0,2
0.765756547,0.950945556,0.957314432,0,0,1,1,0,0,0.5,1
0.78047663,0.393187195,0.928177655,1,0,0,1,0,0,0.0,1
0.675613463,0.542714,0.682404697,0,0,1,0,1,0,1.0,1
0.777810156,0.79014051,0.0990116522,0,0,1,0,1,0,0.0,0
0.853625357,0.583974242,0.207833901,1,0,0,0,1,0,0.5,0
0.632923901,0.993809342,0.183909535,0,0,1,0,0,1,1.0,1
0.134174481,0.48292771,0.519578457,0,1,0,0,1,0,0.0,1
0.513246417,0.728245556,0.207803875,0,0,1,1,0,0,0.0,2
0.123766869,0.802961588,0.695800543,1,0,0,0,0,1,0.5,0
0.437165886,0.519395411,0.545229912,0,0,1,0,0,1,0.0,0
0.436751157,0.86413461,0.0176581778,0,1,0,0,1,0,0.0,0
0.112709351,0.568846881,0.744057238,0,0,1,0,0,1,0.0,2
0.381379515,0.441068262,0.188828737,0,0,1,0,1,0,1.0,0
0.155448198,0.152432486,0.82488513,0,1,0,0,1,0,1.0,2
0.81782347,0.42374289,0.355045438,0,0,1,1,0,0,0.5,2
0.950303614,0.747239649,0.338619679,0,0,1,0,0,1,0.5,1
0.118700653,0.925222099,0.0118173361,1,0,0,0,0,1,1.0,2
0.957359433,0.289095432,0.987728953,1,0,0,0,0,1,0.0,2
0.546447754,0.387473732,0.61200434,1,0,0,0,1,0,1.0,2
0.334587395,0.196262941,0.422730178,1,0,0,0,0,1,0.5,1
0.123018973,0.706186771,0.0966214016,0,1,0,1,0,0,0.5,2
0.525593042,0.962179005,0.699148059,1,0,0,0,0,1,1.0,1
0.804789782,0.658904612,0.28273046,1,0,0,0,0,1,0.5,1
0.72173214,0.63622272,0.988280833,0,0,1,1,0,0,0.5,1
0.0977147073,0.575815439,0.950547338,0,1,0,0,1,0,0.5,2
0.119256742,0.13403295,0.735296667,0,1,0,0,1,0,0.5,2
0.432729632,0.743028641,0.971071959,1,0,0,0,0,1,0.5,1
0.330525964,0.62194705,0.105633862,0,0,1,1,0,0,0.0,0
0.270765096,0.678402901,0.279915363,0,1,0,1,0,0,1.0,2
0.316954285,0.903870523,0.253243297,0,1,0,1,0,0,0.5,0
0.813308597,0.794762731,0.0720126554,1,0,0,0,1,0,0.5,1
0.932766676,0.791869462,0.97222662,1,0,0,0,1,0,0.5,1
0.434847564,0.930824578,0.0599740855,1,0,0,0,1,0,1.0,0
0.910805464,0.990438223,0.856688917,0,0,1,1,0,0,1.0,1
0.355420917,0.602218568,0.768161416,1,0,0,0,1,0,1.0,1
0.502615154,0.15343754,0.375867099,0,1,0,0,0,1,0.5,2
0.264727563,0.486173421,0.0188073628,0,1,0,0,1,0,0.5,0
0.658452213,0.798221111,0.00609590486,1,0,0,0,0,1,1.0,2
0.980032086,0.0763390586,0.203993842,0,1,0,0,1,0,0.0,0
0.623318434,0.104043067,0.493876576,0,0,1,0,0,1,0.0,1
0.389923394,0.113799892,0.457909971,1,0,0,1,0,0,1.0,1
0.665426552,0.744483948,0.585292578,0,1,0,0,1,0,0.5,2
0.166774645,0.526108325,0.771959305,0,1,0,0,0,1,0.5,2
0.894226134,0.400453061,0.377354622,1,0,0,1,0,0,0.0,1
0.527929783,0.150336191,0.160363689,0,1,0,0,0,1,0.5,1
0.476882249,0.745628238,0.800048888,0,1,0,0,1,0,1.0,1
0.606571555,0.354968816,0.332690686,1,0,0,0,1,0,0.5,0
0.643544674,0.302057862,0.286881894,0,0,1,0,1,0,0.5,0
0.118187018,0.669703245,0.764312029,0,1,0,1,0,0,1.0,0
0.698486388,0.58106035,0.934139431,0,0,1,0,1,0,0.0,1
0.279835105,0.394290119,0.914961278,0,0,1,1,0,0,1.0,1
0.728254974,0.659413099,0.137442425,0,0,1,1,0,0,0.5,1
0.831408083,0.307660431,0.503158152,0,0,1,0,1,0,1.0,0
0.813760579,0.805088758,0.0928702801,0,0,1,0,1,0,1.0,0
0.574875891,0.267852992,0.960975945,0,1,0,0,1,0,0.0,1
0.544161379,0.200895816,0.215227887,0,1,0,0,1,0,0.0,2
0.185732156,0.793317437,0.197429568,0,0,1,0,0,1,0.5,2
0.786578834,0.722497404,0.888885677,1,0,0,0,0,1,1.0,0
0.307838917,0.223507032,0.967850566,0,0,1,0,0,1,0.5,0
0.521860659,0.160433471,0.697632253,1,0,0,1,0,0,1.0,1
0.320060402,0.846479118,0.121005036,0,1,0,1,0,0,1.0,1
0.177136943,0.787768543,0.485855609,1,0,0,0,0,1,0.0,0
0.648079813,0.360894501,0.816605091,0,1,0,0,1,0,1.0,1
0.101615436,0.675287545,0.572477162,1,0,0,1,0,0,0.0,2
0.761212945,0.16795218,0.132594854,0,0,1,1,0,0,1.0,1
0.351707458,0.531695247,0.171887755,0,1,0,1,0,0,0.5,0
0.050127957,0.0677937791,0.864141703,1,0,0,1,0,0,0.5,2
0.535572708,0.422021776,0.527029157,0,0,1,0,0,1,1.0,1
0.094509311,0.121100679,0.705836773,1,0,0,0,0,1,0.0,2
0.312361091,0.501389802,0.373062521,1,0,0,1,0,0,0.0,1
0.721627653,0.450597554,0.532485604,1,0,0,0,1,0,0.0,2
0.10955514,0.472165763,0.977103114,0,1,0,0,0,1,1.0,2
0.847371578,0.0930647403,0.329703033,0,1,0,1,0,0,0.5,1
0.0536289252,0.393535525,0.674788535,0,0,1,0,0,1,0.0,1
0.284482688,0.768659651,0.172505558,1,0,0,1,0,0,0.5,1
0.753858864,0.400468647,0.121739887,1,0,0,0,1,0,0.0,0
0.350456655,0.729413331,0.783640087,0,1,0,1,0,0,1.0,1
0.146797761,0.401004791,0.844108224,0,1,0,1,0,0,1.0,2
0.392222226,0.452077478,0.668311715,1,0,0,1,0,0,0.0,1
0.30687362,0.585697532,0.158195838,1,0,0,0,1,0,0.5,0
0.850576282,0.953147829,0.240587965,1,0,0,1,0,0,0.0,1
0.347680509,0.153417423,0.911175728,0,1,0,1,0,0,0.0,0
0.799485862,0.0812680796,0.288704038,1,0,0,0,0,1,0.0,0
0.897278547,0.627559304,0.818860531,1,0,0,1,0,0,0.5,1
0.462126553,0.951642215,0.285937279,0,1,0,0,0,1,0.0,1
0.914445996,0.990236998,0.939462543,0,1,0,1,0,0,0.0,1
0.408452153,0.509956062,0.91445291,0,1,0,0,1,0,1.0,0
0.965874493,0.494677544,0.0432631746,0,1,0,0,1,0,0.5,0
0.134825051,0.662715554,0.770413995,1,0,0,0,1,0,1.0,0
0.702668309,0.577853024,0.169461757,0,1,0,1,0,0,1.0,1
0.519123316,0.652383626,0.215271622,0,1,0,0,1,0,0.0,0
0.418266356,0.880299449,0.459845215,1,0,0,0,1,0,0.0,0
0.651076257,0.758990884,0.576318145,0,0,1,1,0,0,0.0,0
0.718664229,0.522033513,0.325799733,1,0,0,0,0,1,1.0,0
0.0541451052,0.48877123,0.575383365,1,0,0,1,0,0,0.5,2
0.208605438,0.657621682,0.170658365,1,0,0,1,0,0,0.5,0
0.727393746,0.482920974,0.0223376546,1,0,0,0,0,1,1.0,0
0.68306613,0.484890372,0.571224391,1,0,0,0,1,0,1.0,0
0.967745125,0.0654906034,0.517415285,1,0,0,1,0,0,0.5,1
0.772985876,0.215360925,0.689653993,1,0,0,0,0,1,0.0,1
0.953234076,0.514087975,0.649822056,0,0,1,0,0,1,0.5,0
0.717413485,0.831520796,0.897486389,1,0,0,0,1,0,1.0,1
0.333149612,0.314790666,0.459468633,1,0,0,1,0,0,0.0,1
0.15009667,0.546511233,0.00836947467,1,0,0,0,0,1,0.0,2
0.792732656,0.377713978,0.630652666,1,0,0,1,0,0,0.5,0
0.661941767,0.149563789,0.675132453,1,0,0,1,0,0,0.0,1
0.0957767144,0.960383534,0.521494985,0,0,1,0,1,0,1.0,2
0.392047942,0.861940205,0.689304888,0,1,0,1,0,0,0.5,1
0.958959818,0.124567807,0.323583812,0,1,0,0,1,0,1.0,1
0.525381088,0.733797908,0.1488083,1,0,0,0,0,1,1.0,2
0.461092681,0.380200922,0.664553642,0,0,1,0,1,0,1.0,0
0.484814614,0.995107293,0.245186433,0,0,1,0,1,0,0.5,2
0.248438582,0.337278605,0.456315905,0,0,1,0,0,1,1.0,0
0.400271803,0.276801527,0.491622716,0,1,0,0,1,0,1.0,1
0.401322603,0.589496017,0.477199554,0,1,0,0,1,0,0.0,2
0.0997372717,0.843369842,0.598449171,0,0,1,0,0,1,0.0,1
0.779189229,0.232892931,0.0294537097,0,1,0,0,1,0,1.0,2
0.445679218,0.723932624,0.989682496,0,1,0,1,0,0,0.0,1
0.8310709,0.108336255,0.716310501,1,0,0,0,1,0,0.5,2
0.857830584,0.922987998,0.42538777,1,0,0,0,1,0,0.0,2
0.251394361,0.127021164,0.191330031,1,0,0,1,0,0,0.5,1
0.674485803,0.918519795,0.080177322,0,0,1,0,1,0,0.5,0
0.498667717,0.516266882,0.672190428,1,0,0,0,0,1,0.0,1
0.88614893,0.47568655,0.316955626,0,0,1,0,0,1,0.0,0
0.254953653,0.97464174,0.229478464,1,0,0,1,0,0,0.5,1
0.69392252,0.990864992,0.379954398,0,0,1,0,0,1,1.0,0
0.627364516,0.667669237,0.592923105,0,1,0,0,1,0,1.0,1
0.330536395,0.170763329,0.671705246,0,0,1,0,0,1,1.0,0
0.179770857,0.530861557,0.645170093,0,1,0,0,1,0,1.0,2
0.669057786,0.55270493,0.863265574,1,0,0,0,1,0,0.0,1
0.751667559,0.538724124,0.218757436,0,1,0,0,1,0,0.0,2
0.349845976,0.591017246,0.636746168,0,1,0,0,1,0,0.5,2
0.662590981,0.0677884817,0.101114377,1,0,0,0,1,0,0.5,0
0.425374359,0.725665927,0.547934711,0,0,1,0,0,1,1.0,1
0.727546513,0.726774573,0.583958387,0,0,1,0,1,0,0.5,1
0.239254504,0.159696281,0.216237292,0,0,1,1,0,0,0.0,2
0.895704269,0.591727495,0.391693115,1,0,0,1,0,0,1.0,1
0.323039114,0.589943111,0.827192903,0,0,1,1,0,0,1.0,1
0.399396688,0.698327899,0.148409054,0,1,0,0,0,1,1.0,2
0.105187356,0.131127805,0.434506208,1,0,0,1,0,0,0.5,2
0.155936599,0.645178139,0.932733059,0,0,1,0,1,0,1.0,2
0.540068805,0.316714346,0.504108906,0,1,0,0,0,1,0.0,2
0.304213047,0.531652868,0.725133717,0,1,0,0,0,1,1.0,1
0.843706191,0.784657359,0.826866031,0,0,1,0,1,0,0.5,0
0.0639587194,0.720363617,0.203774378,1,0,0,1,0,0,0.5,0
0.410139352,0.162957862,0.218217239,0,1,0,0,1,0,1.0,2
0.370478272,0.611625552,0.758591473,0,1,0,1,0,0,1.0,1
0.0683612525,0.970660686,0.753306746,0,1,0,1,0,0,0.5,1
0.168149978,0.198930964,0.0601833202,0,1,0,1,0,0,0.0,2
0.442960531,0.860261738,0.322498232,0,0,1,1,0,0,0.0,1
0.518221378,0.717420697,0.39853248,1,0,0,1,0,0,1.0,1
0.434075266,0.785303175,0.829040408,0,1,0,0,1,0,1.0,1
0.554390788,0.317860425,0.421862245,0,1,0,0,0,1,1.0,0
0.615375102,0.323494494,0.925928891,0,1,0,0,0,1,0.5,1
0.0594276302,0.910718501,0.99660778,1,0,0,0,0,1,0.5,2
0.490890414,0.391840428,0.780726194,0,1,0,0,1,0,1.0,1
0.965324283,0.109864622,0.666386664,1,0,0,0,1,0,0.5,2
0.543080688,0.620566845,0.391897172,1,0,0,0,0,1,0.5,0
0.693665147,0.168576792,0.067039445,1,0,0,1,0,0,0.0,1
0.346270651,0.80676645,0.573138773,1,0,0,0,0,1,0.5,2
0.785291791,0.659659147,0.361704916,0,0,1,0,0,1,1.0,2
0.784275413,0.880990207,0.350898087,0,0,1,1,0,0,0.0,2
0.545231223,0.795595407,0.687709272,0,0,1,1,0,0,0.5,0
0.977213144,0.156507969,0.463639349,0,1,0,1,0,0,0.0,0
0.169272706,0.412017137,0.752093852,1,0,0,0,1,0,0.5,2
0.0661002845,0.785832226,0.398173213,1,0,0,1,0,0,0.5,2
0.781650305,0.446474403,0.150863379,0,0,1,0,0,1,0.0,0
0.816797733,0.973747194,0.46134752,0,0,1,0,0,1,0.5,0
0.164196864,0.748953402,0.951012492,1,0,0,0,0,1,1.0,0
0.302303702,0.0647249222,0.801524639,0,0,1,0,0,1,0.5,1
0.0666747466,0.885986388,0.205749258,0,1,0,1,0,0,0.0,2
0.328643173,0.145764545,0.391300499,0,1,0,0,1,0,0.0,0
0.784484804,0.183497533,0.927792072,0,1,0,0,0,1,0.5,1
0.542062521,0.747767806,0.123699062,1,0,0,1,0,0,1.0,2
0.380690813,0.871720135,0.253950238,0,0,1,1,0,0,0.5,0
0.403152317,0.559532166,0.262222648,0,1,0,0,1,0,0.5,0
0.0512859449,0.324597239,0.570932865,0,1,0,0,1,0,0.5,0
0.334810495,0.383749753,0.410733312,0,1,0,1,0,0,0.5,1
0.664135814,0.375744849,0.079870671,0,1,0,0,0,1,1.0,2
0.975484729,0.360344201,0.629181445,0,1,0,0,0,1,0.5,1
0.854707778,0.280764192,0.0990778655,0,0,1,0,1,0,1.0,2
0.0724152178,0.62842375,0.606414914,0,1,0,1,0,0,0.5,2
0.903632581,0.905385077,0.507008374,0,1,0,0,0,1,1.0,2
0.794038475,0.3417283,0.493668675,0,1,0,1,0,0,0.5,1
0.791357338,0.227359578,0.0674962476,1,0,0,1,0,0,0.0,1
0.485095978,0.846648812,0.639220476,0,0,1,0,0,1,0.5,0
0.428105026,0.754694164,0.43132025,0,1,0,0,0,1,0.5,1
0.337769955,0.934295177,0.41110611,0,0,1,0,0,1,0.0,1
0.112410113,0.207243755,0.596451402,0,1,0,0,1,0,0.0,2
0.26682359,0.187038749,0.606248081,1,0,0,0,1,0,0.5,0
0.284273446,0.564357936,0.0150332954,1,0,0,1,0,0,1.0,1
0.509873211,0.633711994,0.125225902,1,0,0,0,0,1,0.0,2
0.760072172,0.506164789,0.236518219,1,0,0,0,0,1,0.0,0
0.500119328,0.619018316,0.677977324,0,1,0,1,0,0,0.0,0
0.104952224,0.221360788,0.576741099,0,0,1,0,0,1,0.0,0
0.95990032,0.505633056,0.757629156,0,1,0,0,0,1,0.0,2
0.945588112,0.675187945,0.740607798,1,0,0,0,0,1,0.0,1
0.795930088,0.461071134,0.853182852,1,0,0,0,1,0,0.5,1
0.991761506,0.695474982,0.376814872,0,1,0,1,0,0,0.5,1
0.567258239,0.478631705,0.345063865,0,1,0,0,0,1,0.0,2
0.964629948,0.366919607,0.831015408,0,0,1,0,1,0,1.0,1
0.121824786,0.338424802,0.237601534,0,0,1,0,1,0,1.0,2
0.397396713,0.44035697,0.461172372,0,0,1,1,0,0,1.0,1
0.264112204,0.0719351396,0.194325656,0,0,1,0,0,1,0.5,0
0.236041427,0.685098886,0.913840771,1,0,0,0,1,0,0.5,2
0.183762804,0.852850378,0.407802999,1,0,0,0,1,0,0.5,0
0.641292989,0.386895746,0.212486893,0,0,1,1,0,0,0.5,2
0.792255759,0.0937314779,0.692013383,0,0,1,0,1,0,0.0,0
0.599383473,0.987436831,0.244644672,1,0,0,0,0,1,0.0,0
0.189614579,0.300513357,0.943503618,1,0,0,0,1,0,1.0,2
0.820567608,0.170290068,0.367617011,1,0,0,0,1,0,1.0,0
0.654156983,0.401264876,0.664640725,0,0,1,0,0,1,0.0,0
0.418757409,0.751629174,0.345244944,0,0,1,0,1,0,1.0,2
0.690423787,0.329220772,0.807245612,1,0,0,1,0,0,0.5,1
0.29690972,0.595968068,0.896922767,1,0,0,0,1,0,1.0,0
0.377932608,0.444781989,0.787918389,0,1,0,1,0,0,0.5,1
0.921611547,0.161875799,0.848499,0,1,0,1,0,0,1.0,1
0.325979292,0.36377266,0.101880826,1,0,0,0,0,1,0.5,0
0.496488869,0.738626957,0.924064696,1,0,0,1,0,0,1.0,1
0.895634055,0.631403685,0.624300718,0,1,0,0,1,0,0.5,1
0.722335279,0.163789466,0.869217515,0,0,1,0,0,1,0.0,0
0.109093063,0.205156296,0.684436738,1,0,0,1,0,0,0.0,0
0.18993789,0.658696711,0.201847672,1,0,0,1,0,0,0.5,2
0.0574495122,0.822744668,0.609555125,1,0,0,1,0,0,0.0,0
0.649375677,0.382000774,0.0909462422,0,0,1,0,1,0,1.0,1
0.475289762,0.615545213,0.695723057,0,1,0,0,1,0,0.0,0
0.177561104,0.212111413,0.409001142,0,0,1,1,0,0,0.5,2
0.96003741,0.345807523,0.151733175,0,0,1,0,0,1,0.0,2
0.553176761,0.0692566931,0.979229808,1,0,0,0,1,0,1.0,1
0.279798627,0.779862165,0.901084423,1,0,0,0,0,1,0.5,1
0.525573373,0.430959314,0.89354372,0,1,0,0,1,0,0.0,1
0.695639312,0.82531929,0.788820326,0,0,1,0,0,1,0.0,0
0.122427255,0.722954333,0.691981137,0,1,0,0,0,1,0.0,1
0.310968637,0.837307036,0.655079484,0,0,1,1,0,0,1.0,2
0.816617191,0.321375728,0.106093839,1,0,0,1,0,0,0.0,1
0.48668164,0.225853294,0.90056622,0,1,0,1,0,0,1.0,1
0.569248259,0.973310411,0.881128371,0,0,1,1,0,0,0.5,0
0.461175203,0.731461406,0.747852623,1,0,0,0,0,1,1.0,1
0.0917049423,0.842340171,0.927314937,1,0,0,1,0,0,0.0,2
0.207462296,0.0624767058,0.553083479,0,0,1,0,1,0,0.5,0
0.473264545,0.386738539,0.447642326,1,0,0,1,0,0,0.0,1
0.248726189,0.755675852,0.967947423,0,0,1,1,0,0,0.0,2
0.0974800736,0.12408369,0.464131176,0,0,1,0,1,0,1.0,1
0.851467192,0.588972926,0.641324461,0,0,1,1,0,0,0.0,2
0.982132912,0.457619131,0.373062134,0,0,1,1,0,0,1.0,0
0.803485751,0.0667356849,0.636326253,1,0,0,1,0,0,0.5,1
0.861095667,0.274176806,0.720098972,0,0,1,0,1,0,0.5,1
0.279878289,0.320552379,0.624655545,0,0,1,0,1,0,0.5,2
0.962595642,0.156266943,0.514562964,0,0,1,1,0,0,0.0,1
0.237079427,0.649960041,0.300110787,1,0,0,0,1,0,1.0,1
0.953858316,0.280277997,0.643845677,0,1,0,0,0,1,0.0,1
0.995078325,0.313738525,0.908428907,0,0,1,0,1,0,0.0,1
0.726136684,0.90332669,0.0069125914,0,1,0,1,0,0,1.0,2
0.982086539,0.493766934,0.133929029,0,1,0,0,1,0,0.0,2
0.591062784,0.42252174,0.119773157,0,0,1,1,0,0,0.5,0
0.296564698,0.737677515,0.923205316,0,1,0,0,0,1,1.0,1
0.465146095,0.914133132,0.662747681,0,1,0,0,0,1,0.5,1
0.613882899,0.0737845227,0.951788127,0,0,1,1,0,0,0.0,1
0.119427487,0.475826919,0.582813263,1,0,0,0,1,0,0.0,2
0.641226113,0.630242288,0.461732894,0,1,0,0,0,1,0.5,1
0.982118964,0.352634937,0.792342901,0,0,1,1,0,0,0.0,1
0.230602264,0.78378731,0.160942271,0,0,1,1,0,0,0.0,2
0.802965343,0.972903192,0.38133812,0,1,0,0,0,1,1.0,2
0.912503839,0.946255982,0.466274232,0,1,0,1,0,0,1.0,2
0.946516514,0.302683413,0.298458397,0,1,0,0,0,1,0.5,1
0.962128818,0.265021354,0.371285617,0,0,1,0,0,1,0.0,1
0.545386672,0.959616005,0.0781051889,0,0,1,0,1,0,0.5,2
0.97844249,0.485697061,0.197983593,1,0,0,1,0,0,0.0,1
0.769444704,0.247882843,0.335496724,1,0,0,0,0,1,1.0,1
0.20358786,0.721647143,0.79589045,0,0,1,0,0,1,1.0,2
0.503055096,0.320199311,0.182497352,1,0,0,0,1,0,0.0,1
0.732414603,0.303884625,0.346640378,0,1,0,0,0,1,1.0,0
0.284973294,0.88528657,0.0649202913,1,0,0,0,1,0,1.0,1
0.658584416,0.204355195,0.557104349,1,0,0,0,0,1,0.0,2
0.683270454,0.111173302,0.611250877,0,0,1,1,0,0,1.0,0
0.20456475,0.305727124,0.865516484,0,0,1,1,0,0,0.0,2
0.586831033,0.62659812,0.819115996,0,1,0,1,0,0,0.5,2
0.78304559,0.166933462,0.285377949,1,0,0,0,1,0,0.0,0
0.523950875,0.498014927,0.136953697,0,0,1,1,0,0,0.5,0
0.0614979602,0.645970225,0.156083182,0,0,1,0,1,0,0.0,2
0.0585865453,0.856300116,0.968963921,0,0,1,0,1,0,0.0,2
0.389177889,0.268376112,0.67322582,0,1,0,0,1,0,0.0,0
0.929884374,0.826479018,0.0425707884,0,1,0,0,0,1,0.0,0
0.267242938,0.273160934,0.136779249,1,0,0,0,1,0,0.0,0
0.652645528,0.692928195,0.485800058,0,1,0,0,0,1,0.5,2
0.260972083,0.459139884,0.207828805,1,0,0,0,1,0,1.0,0
0.355586499,0.158947185,0.803658962,1,0,0,0,1,0,0.0,2
0.855639994,0.728550315,0.573217094,1,0,0,0,0,1,0.5,0
0.742418349,0.256874502,0.612632215,0,0,1,0,0,1,0.5,2
0.140629306,0.217792258,0.462825537,0,0,1,1,0,0,0.0,2
0.457266927,0.390406787,0.256062776,0,0,1,1,0,0,0.0,1
0.0777112767,0.670625746,0.589403629,0,1,0,0,0,1,0.0,2
0.506845653,0.272296667,0.716970026,0,0,1,1,0,0,0.5,2
0.679312289,0.224478468,0.370948076,1,0,0,0,0,1,0.0,0
0.162577495,0.0594559461,0.504943609,0,1,0,0,0,1,0.0,1
0.324440688,0.498060942,0.83968395,0,1,0,1,0,0,1.0,1
0.427944779,0.457213283,0.14868176,0,0,1,0,0,1,0.5,1
0.92355448,0.272174358,0.545224428,0,0,1,0,0,1,0.0,0
0.993592262,0.100969553,0.348412663,0,0,1,1,0,0,0.5,2
0.0926657319,0.457793087,0.702794731,0,0,1,0,1,0,0.0,2
0.772957504,0.798794866,0.0188102424,0,1,0,0,1,0,0.0,1
0.403137863,0.729517996,0.670473278,0,1,0,0,0,1,0.5,1
0.42283529,0.867755175,0.102897733,1,0,0,1,0,0,0.5,1
0.766551733,0.0591035523,0.0647677556,0,1,0,1,0,0,0.5,0
0.92250514,0.968098342,0.724623322,0,1,0,0,1,0,0.5,1
0.953382194,0.374341637,0.640342176,0,0,1,0,0,1,1.0,0
0.598266482,0.990877926,0.894935906,1,0,0,0,1,0,0.5,1
0.38926509,0.289988488,0.51965493,0,1,0,0,1,0,0.0,0
0.798171639,0.497959554,0.530024409,0,0,1,0,0,1,0.0,1
0.288451314,0.386231303,0.707017839,0,0,1,0,0,1,0.5,1
0.585870326,0.387972683,0.323397577,1,0,0,0,0,1,0.5,0
0.390649527,0.85016799,0.0369124562,0,1,0,0,0,1,0.5,2
0.673799515,0.759097993,0.230045825,0,1,0,0,0,1,0.5,1
0.278378963,0.992543876,0.238013417,0,1,0,0,0,1,0.5,1
0.2320133,0.632838964,0.335658848,0,1,0,0,0,1,0.0,0
0.922327161,0.490093768,0.943462729,1,0,0,1,0,0,1.0,1
0.146713495,0.135570168,0.80484277,0,0,1,1,0,0,0.5,2
0.530660033,0.996733367,0.93595624,0,0,1,0,1,0,0.5,1
0.25981015,0.573954105,0.998609602,1,0,0,0,1,0,0.5,1
0.0869834647,0.715453625,0.433779001,0,1,0,1,0,0,0.5,2
0.0842178762,0.436405271,0.227073312,0,0,1,1,0,0,1.0,2
0.21646069,0.570329905,0.560004175,0,1,0,0,0,1,1.0,2
0.873431861,0.945448816,0.881134391,0,0,1,0,1,0,0.0,1
0.318354815,0.208098471,0.465731859,0,1,0,1,0,0,0.5,1
0.952936232,0.327753961,0.505399287,1,0,0,0,0,1,0.5,0
0.602541149,0.194456741,0.134439111,0,1,0,1,0,0,0.0,0
0.46478349,0.802605093,0.420455486,0,1,0,0,1,0,0.0,1
0.601084411,0.108943,0.386994809,1,0,0,1,0,0,0.5,1
0.540863454,0.127550066,0.351688504,1,0,0,1,0,0,1.0,2
0.770837426,0.333569407,0.887298644,0,1,0,0,1,0,0.0,1
0.318371266,0.538478792,0.0593014322,0,1,0,1,0,0,0.5,0
0.385397881,0.435961068,0.972147167,0,1,0,0,1,0,0.5,1
0.899389565,0.0925754979,0.00824682508,0,0,1,0,0,1,0.5,0
0.949133694,0.959616959,0.945594013,0,1,0,0,0,1,0.0,2
0.897930324,0.955226064,0.548047483,0,0,1,1,0,0,0.0,2
0.448475599,0.315388501,0.702445269,0,0,1,0,0,1,0.0,1
0.791347206,0.744949341,0.18713285,0,0,1,0,1,0,0.5,2
0.502518952,0.599646628,0.654211521,1,0,0,0,1,0,0.0,2
0.522662878,0.275602847,0.88195765,1,0,0,1,0,0,0.5,1
0.244446099,0.299062967,0.139480144,0,0,1,0,0,1,1.0,2
0.611573815,0.516595542,0.127081618,0,0,1,0,1,0,1.0,2
0.226829097,0.448275089,0.303977907,0,0,1,0,1,0,1.0,2
0.364986449,0.326667875,0.161725894,1,0,0,1,0,0,0.0,0
0.8622787,0.81713599,0.110645846,1,0,0,0,0,1,0.5,2
0.246722013,0.507389784,0.678319037,1,0,0,0,1,0,0.0,2
0.117600374,0.67210567,0.213826612,0,0,1,1,0,0,1.0,2
0.115557216,0.229809821,0.667014897,0,0,1,1,0,0,0.5,0
0.943745315,0.556832254,0.861929238,0,1,0,0,1,0,1.0,1
0.531574428,0.352077246,0.652024806,0,1,0,0,1,0,0.5,1
0.438941479,0.550092936,0.11936707,1,0,0,1,0,0,0.0,1
0.820334673,0.791784525,0.573577583,1,0,0,0,0,1,0.5,1
0.844034612,0.78046757,0.393628687,0,1,0,1,0,0,1.0,0
0.365581483,0.386509657,0.343370944,1,0,0,0,0,1,0.5,0
0.708937168,0.709563255,0.318531483,0,0,1,0,1,0,0.5,1
0.782566667,0.94422543,0.929432213,0,1,0,0,1,0,1.0,1
0.671918154,0.644385874,0.742507458,0,0,1,0,1,0,1.0,1
0.194015324,0.190989614,0.133848786,0,1,0,1,0,0,1.0,2
0.8820889,0.695723176,0.476005495,0,1,0,0,0,1,1.0,2
0.562139809,0.149659172,0.318223089,1,0,0,1,0,0,0.5,1
0.318348795,0.878504872,0.977938294,0,0,1,1,0,0,0.5,1
0.453966767,0.540827453,0.978028953,0,0,1,1,0,0,1.0,1
0.0856925324,0.41588369,0.319534481,0,0,1,0,0,1,0.5,2
0.171473458,0.104156263,0.352113128,0,0,1,0,0,1,1.0,2
0.777269423,0.411744535,0.599414229,1,0,0,0,1,0,0.5,0
0.0500110537,0.908046305,0.479307026,0,0,1,1,0,0,0.0,2
0.445737541,0.0699338466,0.213100865,1,0,0,0,0,1,0.5,2
0.546384692,0.500915766,0.660412192,0,1,0,1,0,0,1.0,2
0.101902701,0.934600174,0.334128648,0,0,1,0,1,0,0.0,2
0.974424243,0.425098956,0.653716505,1,0,0,0,1,0,0.0,0
0.264819056,0.456766903,0.383681536,0,1,0,1,0,0,1.0,2
0.338988781,0.599632025,0.700209916,0,0,1,0,1,0,1.0,1
0.338745385,0.489790469,0.667799473,0,0,1,0,0,1,0.5,1
0.268895835,0.21017161,0.508812785,1,0,0,0,0,1,0.5,1
0.0514001325,0.0676277652,0.704739988,0,1,0,0,0,1,0.0,2
0.742877543,0.629321098,0.460965663,0,1,0,0,0,1,0.5,2
0.968503237,0.924766243,0.116138302,0,1,0,0,1,0,0.5,0
0.263078809,0.151045933,0.182106256,0,1,0,0,0,1,0.5,0
0.679894805,0.250405073,0.245993137,0,0,1,0,1,0,0.0,2
0.754801512,0.40171802,0.0632289276,0,1,0,0,1,0,0.5,0
0.856004119,0.818305135,0.711381197,1,0,0,1,0,0,0.5,1
0.451497734,0.305797309,0.367390215,1,0,0,0,1,0,1.0,0
0.33778435,0.887951672,0.0935232937,0,0,1,1,0,0,0.0,0
0.359030366,0.102209978,0.81995815,1,0,0,0,1,0,1.0,1
0.726990283,0.943908811,0.683654308,0,0,1,0,0,1,0.0,1
0.82594049,0.58270973,0.452224225,0,1,0,1,0,0,1.0,1
0.222533271,0.675838768,0.247425333,0,0,1,0,1,0,1.0,0
0.402393967,0.399305046,0.151745901,0,1,0,0,1,0,1.0,0
0.906843185,0.792894542,0.458374202,1,0,0,1,0,0,1.0,1
0.816358864,0.208237931,0.88524574,0,0,1,1,0,0,0.5,1
0.985615492,0.0964662358,0.188395321,0,1,0,0,0,1,0.5,0
0.766535819,0.425741106,0.568659246,0,0,1,0,0,1,0.5,2
0.423535436,0.861010909,0.961686015,0,1,0,0,1,0,1.0,1
0.611105919,0.767180502,0.637116551,0,0,1,0,1,0,0.0,2
0.677963555,0.541298151,0.439964741,0,0,1,0,1,0,0.0,0
0.124533027,0.593530834,0.716372967,0,0,1,0,1,0,1.0,2
0.567272127,0.173398182,0.824577928,0,0,1,1,0,0,1.0,0
0.72385478,0.848647416,0.590516269,0,1,0,1,0,0,0.5,1
0.208955243,0.797611713,0.871832371,0,1,0,0,1,0,1.0,2
0.791600108,0.673646867,0.514591753,0,0,1,0,1,0,0.5,2
0.604584157,0.492881477,0.830029011,0,0,1,0,0,1,0.5,2
0.954610705,0.966236293,0.952019215,1,0,0,0,1,0,1.0,1
0.0903011858,0.885080397,0.501243472,0,1,0,0,0,1,0.0,0
0.302059829,0.662208974,0.605001688,0,1,0,0,0,1,0.0,0
0.621476173,0.403210938,0.609467566,0,1,0,0,1,0,1.0,2
0.331731915,0.637121141,0.781434834,0,1,0,1,0,0,0.5,2
0.728702962,0.596668899,0.82296586,1,0,0,0,0,1,0.5,1
0.771055043,0.42452988,0.0272293165,0,0,1,0,0,1,0.0,1
0.147390172,0.341340274,0.733359575,0,0,1,0,1,0,0.5,2
0.538161755,0.43666026,0.783815265,0,0,1,1,0,0,0.0,1
0.533446014,0.595215857,0.70042944,1,0,0,0,0,1,1.0,2
0.400816739,0.456728101,0.713695645,1,0,0,0,1,0,1.0,1
0.936278641,0.300395757,0.0414028578,0,0,1,1,0,0,0.5,0
0.836130977,0.772915125,0.442038655,1,0,0,1,0,0,1.0,1
0.712348938,0.554894149,0.818179667,1,0,0,1,0,0,1.0,1
0.728610277,0.114291407,0.934007168,1,0,0,0,0,1,0.5,2
0.488630325,0.399900675,0.229467914,1,0,0,1,0,0,0.5,1
0.924944818,0.890667796,0.579194963,0,0,1,0,0,1,0.0,1
0.70986563,0.767474711,0.80433023,1,0,0,0,1,0,1.0,2
0.742532015,0.357084453,0.75240767,0,0,1,1,0,0,1.0,0
0.868606329,0.941273987,0.618890107,0,1,0,0,0,1,0.5,2
0.310368001,0.122772761,0.0186911877,1,0,0,1,0,0,1.0,1
0.816717386,0.963172972,0.723885834,0,1,0,0,0,1,0.0,2
0.23547858,0.283419847,0.773242474,0,1,0,0,1,0,0.0,2
0.378074855,0.0586394705,0.722849488,1,0,0,0,0,1,0.5,1
0.368829936,0.462117642,0.765809178,0,0,1,0,1,0,1.0,1
0.979599178,0.391021907,0.430914879,0,0,1,1,0,0,0.0,0
0.863710344,0.562134564,0.993752122,0,0,1,0,0,1,1.0,1
0.716111362,0.806934237,0.770786941,1,0,0,0,1,0,0.5,1
0.74070394,0.850309253,0.578679979,1,0,0,1,0,0,0.5,1
0.583969176,0.431168497,0.934191287,0,0,1,0,1,0,1.0,1
0.949736118,0.45835346,0.908198357,0,0,1,1,0,0,0.0,1
0.521445811,0.190768838,0.814567089,0,1,0,0,1,0,0.5,0
0.411491811,0.0951702297,0.563694894,0,1,0,0,0,1,1.0,1
0.204883575,0.659154236,0.52710104,1,0,0,0,1,0,1.0,2
0.796895385,0.111215748,0.328707933,0,0,1,1,0,0,0.0,2
0.747721732,0.747138619,0.250877976,0,0,1,0,1,0,0.5,0
0.415137291,0.562135637,0.5123595,1,0,0,0,1,0,1.0,1
0.0739337429,0.238653824,0.577781737,0,0,1,0,0,1,0.5,2
0.847047448,0.56254679,0.244526431,1,0,0,1,0,0,0.5,0
0.060847085,0.223847836,0.922601223,0,1,0,1,0,0,0.5,0
0.7185148,0.466800362,0.557273984,0,0,1,0,1,0,1.0,1
0.971744239,0.809582293,0.526505351,0,0,1,1,0,0,1.0,1
0.465778261,0.488823324,0.435638398,1,0,0,1,0,0,0.0,1
0.273224741,0.191264346,0.0580712967,1,0,0,1,0,0,0.0,1
0.71962744,0.737637222,0.882401347,1,0,0,0,0,1,0.5,1
0.826271713,0.227430001,0.31699422,1,0,0,0,0,1,1.0,1
0.569108784,0.751622379,0.642460346,0,1,0,0,0,1,0.5,2
0.968683541,0.505384684,0.607433558,1,0,0,1,0,0,1.0,1
0.0990852863,0.481054664,0.584486842,0,0,1,0,0,1,1.0,2
0.529555798,0.858863294,0.525712192,0,0,1,1,0,0,0.5,0
0.73253125,0.72317332,0.181439832,0,0,1,0,0,1,0.0,2
0.869508445,0.0812652558,0.280605733,0,0,1,0,1,0,1.0,2
0.220292836,0.331365585,0.524188042,0,1,0,1,0,0,0.5,2
0.810003281,0.877374649,0.789342463,0,1,0,0,1,0,0.0,2
0.575071692,0.0674098581,0.431988984,0,1,0,0,1,0,0.0,0
0.426725984,0.56799078,0.203922555,1,0,0,0,1,0,1.0,2
0.175129279,0.741434395,0.0879444256,0,0,1,0,0,1,0.5,0
0.872030973,0.640763283,0.663011014,0,0,1,0,0,1,0.0,1
0.199409544,0.772505581,0.423339963,0,1,0,0,1,0,1.0,2
0.344298452,0.739407241,0.12537089,1,0,0,0,1,0,0.5,0
0.325543255,0.707429171,0.674466908,0,1,0,0,1,0,1.0,2
0.87784332,0.830462873,0.207578734,0,0,1,0,0,1,0.5,1
0.689067841,0.663406134,0.509016037,0,0,1,0,1,0,1.0,2
0.806847334,0.432297558,0.306187987,0,1,0,0,1,0,1.0,2
0.287944496,0.498313665,0.931690037,0,0,1,1,0,0,0.5,1
0.643630385,0.730888546,0.228288069,0,1,0,0,1,0,1.0,1
0.593158662,0.882490754,0.419918507,0,1,0,1,0,0,0.5,1
0.841188848,0.308607846,0.959493577,0,1,0,1,0,0,0.0,2
0.910782695,0.374972969,0.318725169,0,1,0,1,0,0,0.0,0
0.0615489334,0.934202433,0.644593179,0,0,1,0,0,1,1.0,1
0.690318942,0.599586189,0.316727042,1,0,0,0,1,0,0.5,2
0.099244006,0.220013723,0.110674977,0,0,1,0,1,0,0.0,0
0.571415722,0.680510402,0.627547204,0,1,0,1,0,0,0.5,1
0.323251098,0.991224051,0.916031539,0,0,1,1,0,0,0.0,2
0.341437757,0.832280874,0.452564657,1,0,0,1,0,0,0.5,1
0.38531059,0.758454084,0.626176536,0,0,1,1,0,0,0.5,0
0.640227854,0.24764432,0.608898401,0,1,0,0,1,0,0.0,0
0.367347479,0.882332802,0.415089697,1,0,0,0,1,0,0.0,0
0.746064126,0.549499393,0.614896655,0,0,1,1,0,0,1.0,1
0.434301019,0.894825518,0.259318084,1,0,0,1,0,0,0.5,1
0.11493554,0.363336444,0.3780379,0,0,1,1,0,0,1.0,2
0.794571877,0.108948499,0.442318857,1,0,0,1,0,0,0.0,0
0.32147041,0.502177179,0.864008665,0,1,0,0,0,1,0.0,1
0.461128533,0.306345731,0.348332882,0,1,0,0,1,0,0.5,1
0.701171696,0.729467809,0.635137022,1,0,0,0,1,0,0.5,0
0.365833342,0.959251225,0.213403836,0,0,1,0,0,1,0.0,0
0.103756376,0.706425428,0.252569735,0,1,0,1,0,0,1.0,2
0.405225009,0.892587245,0.648428857,0,0,1,1,0,0,0.5,2
0.947226167,0.480372816,0.762309909,1,0,0,0,1,0,0.5,1
0.659647703,0.783058703,0.462117165,0,0,1,0,0,1,1.0,0
0.687905192,0.850891292,0.335099697,1,0,0,1,0,0,0.0,1
0.650668025,0.725331843,0.910271585,0,0,1,0,1,0,0.0,1
0.239042535,0.532388449,0.135807812,1,0,0,0,1,0,0.0,2
0.44741717,0.644572794,0.720714211,1,0,0,0,1,0,0.0,1
0.763392806,0.715481639,0.690170765,1,0,0,0,0,1,1.0,1
0.14630425,0.290430188,0.690245152,1,0,0,0,0,1,0.0,2
0.313960135,0.81910032,0.935420454,0,0,1,0,0,1,0.5,2
0.312503159,0.952808321,0.728190303,0,1,0,0,0,1,0.5,2
0.460417986,0.491977364,0.3015652,1,0,0,0,0,1,0.5,2
0.981350303,0.716013849,0.353409231,1,0,0,0,0,1,1.0,2
0.11412742,0.750174582,0.391110986,0,1,0,0,1,0,1.0,2
0.542765915,0.679135144,0.0308086742,0,1,0,0,1,0,0.5,0
0.220396444,0.569759369,0.913510323,1,0,0,1,0,0,0.0,2
0.972142696,0.887565553,0.073552601,1,0,0,1,0,0,0.0,1
0.157638326,0.476480365,0.699794292,0,0,1,1,0,0,0.0,2
0.433420956,0.108047806,0.730161011,0,1,0,0,0,1,0.0,2
0.750990748,0.852328539,0.843715072,0,0,1,0,0,1,0.5,0
0.719326735,0.690282226,0.55336225,1,0,0,1,0,0,0.0,1
0.451592207,0.856795669,0.72526443,1,0,0,1,0,0,1.0,1
0.379197955,0.181620076,0.302722931,1,0,0,0,0,1,0.0,0
0.427731752,0.0792152956,0.745584011,1,0,0,0,0,1,0.0,1
0.301062465,0.937655807,0.343415737,0,1,0,0,1,0,0.5,2
0.245066285,0.19034189,0.902838469,0,0,1,1,0,0,0.0,2
0.508887708,0.8191697,0.163381815,0,1,0,0,0,1,0.5,0
0.305107057,0.832049429,0.315757304,1,0,0,0,1,0,0.5,2
0.323088586,0.723269939,0.498769462,0,0,1,0,1,0,0.0,1
0.673918247,0.174699098,0.775850534,1,0,0,0,0,1,0.5,1
0.970110476,0.684028685,0.748799086,0,1,0,0,0,1,1.0,0
0.623455346,0.89463228,0.210716873,1,0,0,0,1,0,0.5,2
0.123130493,0.454255074,0.1442357,0,1,0,0,1,0,0.5,2
0.121804431,0.442841023,0.303969592,0,1,0,0,0,1,0.0,2
0.953852057,0.470715404,0.483754158,1,0,0,1,0,0,0.0,1
0.33242625,0.128158301,0.539005041,1,0,0,1,0,0,0.5,1
0.137463644,0.897424281,0.429137588,0,1,0,1,0,0,1.0,2
0.619092345,0.87572372,0.66309011,0,0,1,1,0,0,1.0,2
0.642466366,0.998013854,0.427558929,0,1,0,1,0,0,0.5,0
0.666079581,0.60592401,0.946328998,0,0,1,1,0,0,0.5,1
0.304031938,0.763632059,0.260968834,0,1,0,1,0,0,0.5,1
0.0643551499,0.242538318,0.627372146,1,0,0,0,0,1,0.5,2
0.966764629,0.684152365,0.611377954,0,1,0,0,1,0,0.0,1
0.288348407,0.667246222,0.281574726,0,0,1,0,1,0,0.5,1
0.692224979,0.906148314,0.411687613,0,0,1,0,1,0,0.5,0
0.721298397,0.839253068,0.365473628,0,0,1,0,1,0,1.0,0
0.629507065,0.941543162,0.172499061,0,0,1,1,0,0,0.5,0
0.347262025,0.875391781,0.47729522,0,0,1,0,0,1,0.5,0
0.30754143,0.875259221,0.386662245,0,1,0,0,1,0,0.5,2
0.617784858,0.110537164,0.178317353,1,0,0,1,0,0,0.5,1
0.872790873,0.853663862,0.449880034,1,0,0,1,0,0,0.5,1
0.949397027,0.627104461,0.421843976,0,1,0,1,0,0,1.0,0
0.150610521,0.411422223,0.131365672,1,0,0,0,0,1,0.0,2
0.197087184,0.103688896,0.131187543,0,1,0,0,0,1,0.0,0
0.947499454,0.693790078,0.64750737,0,0,1,0,0,1,1.0,0
0.749708474,0.36179167,0.706580818,0,1,0,0,1,0,0.5,1
0.888844132,0.494387448,0.941180408,1,0,0,0,1,0,1.0,1
0.242501006,0.697642028,0.0870046914,1,0,0,0,0,1,0.5,2
0.60820657,0.916185796,0.117861494,1,0,0,0,0,1,0.0,1
0.716082633,0.834165096,0.0518181287,0,1,0,0,0,1,0.0,0
0.696106315,0.478067279,0.53222841,0,1,0,0,0,1,0.0,0
0.437744111,0.418393999,0.622746587,0,1,0,1,0,0,0.5,0
0.064625144,0.277790755,0.403523445,1,0,0,0,1,0,0.5,1
0.603779733,0.403805405,0.797902226,0,1,0,1,0,0,1.0,1
0.29044646,0.155494064,0.68669945,0,1,0,0,1,0,0.5,0
0.477741539,0.972550213,0.98584044,1,0,0,1,0,0,0.5,1
0.959701955,0.595221579,0.137894988,0,0,1,1,0,0,0.0,2
0.429083556,0.171415552,0.0583156645,0,0,1,1,0,0,0.5,0
0.84781152,0.385165721,0.274803698,1,0,0,0,0,1,1.0,2
0.229113579,0.569687188,0.0190501958,1,0,0,1,0,0,1.0,2
0.688837469,0.556241333,0.932611406,0,0,1,1,0,0,0.0,0
0.978156626,0.0837282017,0.303951651,0,1,0,0,0,1,0.5,0
0.146798447,0.953298986,0.552430153,1,0,0,0,0,1,0.0,2
0.0579039454,0.311606884,0.318069637,0,0,1,0,1,0,0.0,2
0.461903661,0.0653754324,0.245808616,0,1,0,1,0,0,1.0,0
0.137994215,0.122621812,0.152364731,1,0,0,0,1,0,0.0,1
0.760965109,0.601185143,0.320365906,0,0,1,0,1,0,0.0,2
0.918821216,0.180896237,0.615418911,0,1,0,1,0,0,1.0,2
0.462319911,0.0896385536,0.971621215,0,1,0,0,1,0,0.0,1
0.295776069,0.410645157,0.558092058,0,0,1,0,0,1,0.0,1
0.462683141,0.641623139,0.532709062,0,1,0,0,0,1,0.5,1
0.737275422,0.15624781,0.0352630168,0,0,1,1,0,0,0.5,0
0.0586014539,0.347661436,0.840099037,0,0,1,0,1,0,0.5,2
0.609981298,0.446872652,0.0448413752,0,1,0,1,0,0,0.5,2
0.63262713,0.201487094,0.906232297,0,0,1,0,0,1,1.0,1
0.655803859,0.530770183,0.538671732,0,0,1,1,0,0,1.0,1
0.279920965,0.130953386,0.168466598,1,0,0,0,0,1,0.5,0
0.728350103,0.0941925719,0.451707393,0,0,1,0,0,1,0.0,1
0.136821911,0.543843627,0.994984508,0,1,0,0,0,1,0.0,2
0.239306822,0.285502136,0.305082858,0,0,1,0,1,0,0.0,2
0.883596539,0.140605122,0.269459754,0,1,0,0,1,0,0.5,0
0.751787007,0.452716947,0.118005894,1,0,0,0,1,0,0.0,0
0.0630582795,0.919383705,0.597142339,0,1,0,0,1,0,1.0,0
0.285957456,0.73798281,0.0892269984,0,0,1,0,0,1,0.5,1
0.25368616,0.824835122,0.766008079,0,1,0,0,0,1,0.5,2
0.307265997,0.87831831,0.919223487,1,0,0,0,0,1,0.0,1
0.285181791,0.973996341,0.931871116,1,0,0,0,1,0,0.5,1
0.109399982,0.775084257,0.107916251,1,0,0,1,0,0,0.0,2
0.485993505,0.627987504,0.558262587,0,1,0,1,0,0,0.5,1
0.74609679,0.397154599,0.0971098542,0,1,0,0,1,0,0.0,0
0.626395166,0.222561076,0.57201612,0,1,0,0,1,0,0.0,2
0.689228058,0.702326894,0.814980567,1,0,0,0,1,0,0.0,1
0.127091721,0.995202482,0.537790179,0,1,0,0,1,0,0.0,2
0.953916192,0.493990749,0.872053802,1,0,0,0,0,1,0.0,1
0.846567214,0.737495422,0.801674366,1,0,0,0,1,0,1.0,1
0.814835787,0.52033782,0.276548356,0,0,1,0,0,1,1.0,1
0.831834614,0.460336745,0.630102277,0,0,1,0,1,0,0.0,0
0.936074972,0.439790338,0.00741212629,1,0,0,0,0,1,1.0,1
0.567041278,0.529393435,0.39604193,1,0,0,0,0,1,0.0,0
0.240267918,0.398550868,0.237960175,1,0,0,0,0,1,0.0,2
0.635944426,0.761334658,0.937116325,0,0,1,0,1,0,1.0,1
0.755737424,0.880558431,0.405389011,1,0,0,0,0,1,1.0,1
0.751021504,0.888741016,0.654064417,0,0,1,0,1,0,0.0,2
0.545376599,0.266313791,0.731981635,0,0,1,0,0,1,1.0,1
0.11503578,0.901113689,0.773212552,0,1,0,0,0,1,0.5,2
0.402557284,0.374473661,0.735775173,0,1,0,0,1,0,1.0,1
0.924728274,0.343842268,0.28916505,0,1,0,1,0,0,0.0,1
0.605226457,0.740418255,0.6860677,0,0,1,0,1,0,0.5,1
0.561415374,0.339461535,0.549009502,1,0,0,1,0,0,1.0,1
0.305410832,0.100318082,0.597372651,0,1,0,0,1,0,1.0,2
0.40002647,0.40493688,0.00081461732,0,0,1,0,0,1,1.0,0
0.900578797,0.735392332,0.258257598,1,0,0,0,1,0,1.0,1
0.68313992,0.360610485,0.930683672,0,1,0,1,0,0,1.0,2
0.798017681,0.648081124,0.290076077,0,0,1,0,0,1,0.0,0
0.48162815,0.677113473,0.438015521,0,1,0,0,1,0,1.0,0
0.648734868,0.747049212,0.186673984,0,1,0,0,1,0,0.5,0
0.285964429,0.902273953,0.138602555,0,0,1,0,0,1,1.0,1
0.720187783,0.460936278,0.208668962,0,1,0,1,0,0,1.0,0
0.456221253,0.208110467,0.553647339,0,0,1,0,1,0,0.0,1
0.470418245,0.352979422,0.91902864,0,0,1,1,0,0,0.0,1
0.666856229,0.460558891,0.326199174,0,1,0,0,1,0,0.5,2
0.939466596,0.728196919,0.323407948,1,0,0,0,1,0,0.0,1
0.110806026,0.0624660179,0.564140558,1,0,0,0,1,0,0.5,2
0.833506048,0.34999612,0.35674271,1,0,0,1,0,0,1.0,1
0.327763945,0.790850461,0.910416067,0,0,1,0,0,1,0.0,1
0.471723467,0.687314808,0.377848029,0,1,0,0,1,0,1.0,1
0.0708176643,0.74515295,0.490442246,1,0,0,0,0,1,1.0,2
0.335993767,0.821220219,0.53338927,0,1,0,0,1,0,0.0,0
0.527499676,0.794073939,0.782067776,1,0,0,0,1,0,0.0,2
0.103367276,0.698073983,0.563905954,1,0,0,1,0,0,0.0,2
0.516540945,0.467678457,0.239155099,0,1,0,0,0,1,1.0,1
0.930755079,0.984418392,0.123987205,0,1,0,0,0,1,0.0,2
0.150123551,0.590619564,0.937774539,0,1,0,1,0,0,0.5,2
0.776218712,0.24263075,0.801562965,0,1,0,0,0,1,0.5,1
0.439187497,0.328172207,0.0229652096,1,0,0,0,1,0,0.0,1
0.672415018,0.708884358,0.821528971,0,1,0,0,1,0,0.5,1
0.29722476,0.92850256,0.590597808,0,0,1,0,0,1,0.0,1
0.201517656,0.219784126,0.518894255,1,0,0,0,0,1,1.0,2
0.202439487,0.128229171,0.012229179,0,0,1,0,0,1,0.5,1
0.11696735,0.88745451,0.78086406,1,0,0,1,0,0,0.5,1
0.226364374,0.91951406,0.198065013,1,0,0,0,0,1,0.5,0
0.681008399,0.31256038,0.72798121,0,0,1,0,0,1,0.5,1
0.887606084,0.408421427,0.0158682466,1,0,0,0,1,0,0.5,0
0.823419392,0.677178621,0.796353638,0,0,1,1,0,0,1.0,0
0.700877607,0.36343351,0.0230394676,1,0,0,0,0,1,0.5,0
0.154910266,0.883300781,0.235892907,0,1,0,0,0,1,0.0,2
0.324728072,0.152199775,0.268278211,1,0,0,1,0,0,0.5,1
0.344316542,0.0860831067,0.157508641,0,0,1,0,1,0,0.0,1
0.287459105,0.248061895,0.48105821,0,1,0,1,0,0,0.0,2
0.539255381,0.321783394,0.283687949,0,1,0,0,1,0,1.0,0
0.55877614,0.157280266,0.993287981,0,1,0,0,0,1,0.5,1
0.389041662,0.112405911,0.57996881,0,1,0,0,0,1,1.0,1
0.386099696,0.767827332,0.566477835,1,0,0,1,0,0,0.5,1
0.837127805,0.206062734,0.220869631,0,0,1,0,0,1,0.5,2
0.799828231,0.918226063,0.408689439,0,1,0,1,0,0,1.0,0
0.342406034,0.399599671,0.123977996,0,0,1,1,0,0,1.0,1
0.918099046,0.687075496,0.762529254,0,0,1,1,0,0,0.0,1
0.955174267,0.264132023,0.331159234,0,1,0,0,0,1,0.0,2
0.360405415,0.278306633,0.751965821,0,0,1,0,1,0,0.0,2
0.3867037,0.59597373,0.371695995,0,0,1,0,0,1,1.0,1
0.530352473,0.582610786,0.988757253,0,0,1,0,1,0,0.5,1
0.944064796,0.780292749,0.171121627,0,0,1,0,1,0,0.0,0
0.88250345,0.769922614,0.00152389391,1,0,0,0,1,0,1.0,1
0.147439569,0.687153399,0.594825566,1,0,0,0,0,1,0.0,2
0.423094213,0.47667405,0.952953219,1,0,0,0,1,0,0.5,2
0.575702608,0.896108389,0.647054076,0,0,1,0,0,1,1.0,1
0.527975857,0.641449571,0.0857235193,1,0,0,0,0,1,1.0,2
0.234169915,0.990688562,0.540480375,0,1,0,1,0,0,0.5,2
0.865875959,0.828401327,0.909486949,0,0,1,0,0,1,1.0,1
0.693093717,0.0920943171,0.0065060677,1,0,0,0,0,1,1.0,2
0.84601295,0.35456422,0.166912213,1,0,0,0,0,1,1.0,1
0.86582607,0.593281925,0.814561546,0,0,1,0,0,1,0.0,2
0.760938048,0.735396087,0.89390713,0,0,1,0,1,0,0.5,2
0.467250079,0.57281965,0.707160592,0,0,1,0,1,0,0.0,1
0.630019426,0.796823919,0.991560161,0,1,0,0,0,1,0.5,2
0.20234713,0.318522871,0.0902159289,1,0,0,0,0,1,1.0,2
0.689963162,0.224716455,0.545676529,0,1,0,1,0,0,0.5,1
0.220290586,0.101220846,0.684994698,1,0,0,0,1,0,1.0,2
0.709252119,0.594648063,0.702644706,0,0,1,0,0,1,1.0,1
0.268118262,0.704169571,0.793484628,1,0,0,1,0,0,0.5,1
0.16167374,0.359842241,0.917626023,0,0,1,1,0,0,1.0,2
0.207020268,0.632904947,0.361641437,1,0,0,0,0,1,0.0,2
0.0518925302,0.099549368,0.042963393,0,1,0,1,0,0,0.5,0
0.732802629,0.144328684,0.362441927,1,0,0,1,0,0,0.5,1
0.745781004,0.716667056,0.671614766,0,0,1,1,0,0,0.5,2
0.539186656,0.39966622,0.213456094,0,1,0,0,1,0,1.0,1
0.203294665,0.687767327,0.809972942,0,1,0,1,0,0,0.0,2
0.12937662,0.840135038,0.219764456,1,0,0,1,0,0,0.5,2
0.0681725144,0.859991312,0.0100634024,1,0,0,0,0,1,1.0,2
0.207460761,0.21355927,0.508080781,0,1,0,0,0,1,0.0,2
0.896312773,0.511971295,0.726461589,1,0,0,0,1,0,1.0,1
0.279460013,0.747230411,0.34965533,0,0,1,0,0,1,1.0,1
0.386557758,0.785281539,0.748895824,0,0,1,0,1,0,0.0,2
0.150078207,0.795442164,0.438404322,1,0,0,1,0,0,1.0,2
0.261243254,0.266758978,0.171714619,0,1,0,1,0,0,0.0,1
0.543263316,0.23290807,0.0905583948,1,0,0,1,0,0,0.5,1
0.627365053,0.610511839,0.710587144,0,1,0,0,0,1,0.5,1
0.283084691,0.754031479,0.385714799,0,1,0,0,1,0,0.0,0
0.104845554,0.353182554,0.912773788,0,0,1,0,0,1,1.0,2
0.421481222,0.149469897,0.54025507,1,0,0,0,0,1,0.5,2
0.272493213,0.73090905,0.348432422,0,1,0,0,1,0,0.0,2
0.258576214,0.334712952,0.348990917,0,1,0,0,1,0,0.0,1
0.961869657,0.208044589,0.131437868,0,1,0,0,1,0,1.0,1
0.63548547,0.190337345,0.59378916,0,1,0,1,0,0,1.0,0
0.579034507,0.349164069,0.582167149,0,0,1,0,0,1,0.5,2
0.444986343,0.613044143,0.799993694,0,0,1,0,0,1,0.5,2
0.45749712,0.390482128,0.201196969,0,0,1,1,0,0,0.5,0
0.563859761,0.0696287602,0.290789634,0,0,1,0,1,0,1.0,2
0.711608291,0.142063007,0.097237967,0,0,1,0,0,1,0.5,0
0.71703881,0.32597807,0.295342207,1,0,0,1,0,0,0.0,1
0.21310921,0.676719248,0.428102106,1,0,0,0,0,1,0.0,2
0.525107086,0.143589318,0.964028418,0,0,1,0,0,1,0.5,1
0.441360176,0.582624018,0.653065979,0,1,0,0,0,1,1.0,0
0.87700063,0.163891584,0.782873929,0,1,0,0,1,0,0.5,1
0.649847984,0.251034558,0.325509876,1,0,0,0,1,0,0.0,1
0.555878878,0.213579103,0.144512817,1,0,0,0,0,1,0.5,0
0.159624904,0.113867201,0.256719947,1,0,0,0,1,0,0.0,2
0.625356019,0.687763333,0.2564677,0,0,1,1,0,0,1.0,0
0.161343709,0.490233362,0.583115339,0,1,0,1,0,0,0.0,2
0.370346248,0.839500785,0.341471136,0,1,0,0,0,1,0.5,1
0.185699865,0.143946305,0.857398868,1,0,0,1,0,0,1.0,2
0.70746994,0.18749629,0.988544524,1,0,0,0,1,0,1.0,1
0.245939508,0.341134846,0.343298405,1,0,0,0,1,0,1.0,2
0.422266394,0.777572691,0.705060303,1,0,0,1,0,0,0.5,1
0.900891066,0.34047088,0.657486558,0,0,1,0,0,1,0.0,2
0.244100571,0.437997758,0.194462493,0,1,0,1,0,0,0.5,2
0.532414794,0.336523384,0.918008566,0,0,1,0,1,0,0.0,1
0.44830808,0.126213074,0.19944258,0,1,0,0,0,1,1.0,2
0.0672178417,0.942461967,0.736957133,0,0,1,0,1,0,0.0,2
0.803120196,0.571112037,0.347609639,0,1,0,0,0,1,1.0,0
0.115593612,0.798441529,0.367081553,0,0,1,0,0,1,1.0,2
0.500542283,0.675439239,0.455449045,0,1,0,0,0,1,1.0,1
0.582644403,0.538541555,0.864507973,0,0,1,0,1,0,1.0,1
0.647005141,0.135194346,0.140251935,0,1,0,0,0,1,0.5,0
0.704200029,0.660596848,0.0545695797,1,0,0,0,0,1,0.0,2
0.290608764,0.19760184,0.402040809,0,1,0,1,0,0,0.5,0
0.0594798364,0.443664014,0.0555850975,0,1,0,1,0,0,1.0,2
0.737271488,0.647657514,0.687600911,0,0,1,0,1,0,0.0,2
0.558873773,0.793117523,0.760325074,1,0,0,0,0,1,0.0,1
0.844311833,0.700792909,0.854712367,0,0,1,1,0,0,0.0,1
0.830318928,0.68795687,0.743842244,0,1,0,0,1,0,0.5,1
0.851159871,0.191590101,0.916351378,0,1,0,0,0,1,0.0,1
0.510839939,0.378822118,0.748301148,0,1,0,0,1,0,0.0,2
0.366946965,0.0907666609,0.936075628,0,1,0,0,0,1,0.0,1
0.801980317,0.733503044,0.193110794,0,0,1,1,0,0,0.0,1
0.478729397,0.95495671,0.499863148,1,0,0,0,0,1,1.0,0
0.22427009,0.30090487,0.993930578,0,1,0,1,0,0,0.0,2
0.862225294,0.133311868,0.681578159,0,0,1,0,0,1,1.0,2
0.888431907,0.501791596,0.878641129,0,0,1,0,0,1,0.0,1
0.492994279,0.863863289,0.0303937942,0,0,1,1,0,0,0.0,0
0.121914744,0.57437551,0.871757925,0,0,1,1,0,0,0.5,2
0.418434799,0.0944382921,0.697713256,0,0,1,1,0,0,0.5,2
0.813360751,0.975558639,0.170755431,0,1,0,0,1,0,0.5,1
0.906685352,0.837217391,0.0256809555,0,1,0,1,0,0,0.0,1
0.243299112,0.175014377,0.259926587,1,0,0,0,0,1,1.0,1
0.11362493,0.925707877,0.915773332,1,0,0,0,1,0,0.5,2
0.883482933,0.478153884,0.668132961,1,0,0,0,1,0,0.5,2
0.41993469,0.403303087,0.919469118,1,0,0,0,1,0,0.0,1
0.564672887,0.488000661,0.44615078,0,0,1,0,1,0,0.5,0
0.969662547,0.842843354,0.93662709,0,0,1,1,0,0,0.0,1
0.113236494,0.676505685,0.462959826,0,0,1,0,0,1,1.0,1
0.665902078,0.106286027,0.204254732,0,0,1,0,0,1,0.0,0
0.120400153,0.959724128,0.151393458,0,0,1,0,1,0,1.0,2
0.406695485,0.190394923,0.993811786,0,0,1,0,1,0,1.0,1
0.813623846,0.758289576,0.333862662,0,0,1,1,0,0,0.0,2
0.461798608,0.654329717,0.16005303,0,0,1,0,0,1,0.0,2
0.997323215,0.228151649,0.00840843096,1,0,0,1,0,0,1.0,1
0.581106305,0.212195471,0.285569578,0,1,0,0,1,0,0.5,2
0.355104059,0.876811206,0.889116168,1,0,0,0,1,0,0.0,1
0.259105772,0.448710173,0.534009337,0,0,1,0,1,0,0.0,1
0.382994503,0.671847701,0.632435024,0,0,1,0,0,1,0.0,2
0.403906614,0.528867483,0.922391117,0,0,1,0,0,1,1.0,1
0.115277991,0.74098587,0.512839913,0,1,0,0,1,0,0.5,2
0.40109548,0.505280256,0.838279843,0,0,1,0,0,1,0.0,1
0.49102658,0.323010921,0.323833287,0,0,1,0,1,0,0.0,1
0.736600876,0.3952142,0.977101862,1,0,0,0,0,1,0.5,2
0.673893034,0.866123796,0.0788138732,1,0,0,0,0,1,1.0,2
0.723327398,0.494632959,0.724829555,0,0,1,0,1,0,0.0,2
0.0579454973,0.252776861,0.66056627,0,1,0,0,0,1,0.0,0
0.256784022,0.937875092,0.191671506,0,1,0,0,1,0,1.0,2
0.678600073,0.806770444,0.388844013,1,0,0,1,0,0,0.0,1
0.509789884,0.10288284,0.312829107,1,0,0,0,0,1,1.0,0
0.0550478026,0.998995841,0.0944928676,0,1,0,1,0,0,0.5,2
0.8142699,0.710180342,0.584788024,1,0,0,0,1,0,0.5,0
0.784169078,0.202253267,0.993669868,0,0,1,0,1,0,1.0,2
0.570998192,0.275309294,0.559588134,0,0,1,0,0,1,1.0,1
0.113140158,0.707823217,0.545259893,0,0,1,0,0,1,1.0,2
0.778189301,0.790772974,0.0403137058,0,0,1,0,0,1,0.5,1
0.604527891,0.277084142,0.139220223,1,0,0,0,1,0,0.5,0
0.792861998,0.294120401,0.513219118,0,0,1,0,0,1,0.0,1
0.76415962,0.341764659,0.98517859,0,0,1,1,0,0,1.0,1
0.812851965,0.618117452,0.876607716,0,0,1,0,0,1,1.0,0
0.542107642,0.213225365,0.340209126,0,0,1,0,1,0,0.0,2
0.183308288,0.149031043,0.543004274,0,1,0,1,0,0,0.0,0
0.687599599,0.694920897,0.552702248,0,0,1,1,0,0,0.5,2
0.639450073,0.790143073,0.68536061,1,0,0,0,0,1,0.0,0
0.755140543,0.525882959,0.687782049,0,0,1,0,1,0,0.0,0
0.211386949,0.395641088,0.789792478,0,1,0,0,1,0,1.0,1
0.235226437,0.460440576,0.0249710251,0,0,1,0,0,1,0.0,2
0.895889044,0.418987453,0.943680167,1,0,0,0,1,0,1.0,0
0.762478888,0.961985648,0.0700620487,1,0,0,0,0,1,1.0,0
0.912817061,0.779685438,0.476160109,0,1,0,0,1,0,1.0,1
0.77077955,0.247682855,0.919579268,1,0,0,1,0,0,0.0,2
0.61729753,0.414979696,0.487668842,1,0,0,0,0,1,0.0,1
0.671426117,0.566811681,0.0636368319,1,0,0,0,1,0,1.0,0
0.8946715,0.632336557,0.229240015,0,1,0,0,1,0,0.5,1
0.59986639,0.494774699,0.578666747,0,1,0,0,0,1,0.5,0
0.650771737,0.819620311,0.0878616199,0,1,0,1,0,0,1.0,1
0.198652878,0.779225707,0.423677921,0,1,0,0,1,0,0.5,2
0.500225186,0.529900014,0.329093277,0,1,0,0,0,1,0.0,2
0.73057723,0.861707926,0.815207601,0,1,0,1,0,0,1.0,1
0.307395577,0.763535082,0.110131942,0,1,0,0,1,0,0.0,2
0.24214147,0.789652765,0.682798445,0,1,0,0,1,0,0.5,2
0.348135471,0.958580732,0.406589061,0,1,0,0,1,0,0.5,2
0.279425591,0.303143591,0.587750673,0,0,1,0,0,1,0.0,2
0.254166991,0.304265767,0.205531776,0,1,0,0,0,1,0.5,1
0.453608304,0.894504666,0.60970366,0,0,1,0,0,1,0.5,1
0.912446558,0.783615053,0.673977733,0,1,0,1,0,0,0.0,0
0.531706691,0.930218279,0.0702315643,0,1,0,0,1,0,0.0,1
0.228524357,0.109973654,0.824344277,0,1,0,0,1,0,0.0,2
0.123123087,0.646369219,0.861254096,0,0,1,1,0,0,0.0,2
0.711348355,0.187396914,0.063554056,0,0,1,1,0,0,0.5,0
0.413658828,0.528702319,0.603187501,0,1,0,0,0,1,0.0,0
0.830739379,0.197959587,0.594011486,0,1,0,0,1,0,1.0,0
0.676535249,0.171674579,0.012458412,0,0,1,1,0,0,0.5,2
0.806429386,0.0615599267,0.3423464,0,1,0,1,0,0,0.5,1
0.308348745,0.648726881,0.968925774,0,1,0,1,0,0,0.0,1
0.707740963,0.391071498,0.555450737,0,0,1,0,0,1,0.5,0
0.300858885,0.149928868,0.933211803,0,0,1,0,0,1,0.0,2
0.942115068,0.35669589,0.675644636,0,0,1,0,1,0,0.5,1
0.654555559,0.210496888,0.0283905175,0,1,0,0,0,1,0.0,1
0.358286202,0.944610119,0.077713199,0,0,1,0,1,0,0.5,0
0.306036264,0.354004651,0.722178936,0,1,0,0,0,1,1.0,1
0.231380254,0.367255837,0.554567814,1,0,0,0,0,1,0.0,0
0.709908903,0.847865105,0.127151668,1,0,0,0,0,1,0.0,0
0.257779837,0.665367961,0.614062667,0,1,0,1,0,0,1.0,2
0.61553812,0.724663019,0.810287356,0,1,0,0,0,1,0.0,0
0.301403284,0.654201686,0.752982438,0,0,1,0,1,0,0.5,2
0.678870499,0.948886454,0.246162459,0,1,0,0,0,1,0.5,0
0.824192762,0.246650785,0.258194953,0,1,0,1,0,0,0.5,0
0.789123952,0.989587307,0.967837811,0,0,1,1,0,0,1.0,1
0.77280879,0.839408398,0.887404799,0,1,0,0,1,0,1.0,1
0.22833629,0.609523952,0.318337321,1,0,0,0,1,0,0.5,0
0.133965701,0.679253042,0.82405448,0,1,0,1,0,0,1.0,0
0.714001358,0.666384578,0.16173853,0,0,1,0,0,1,0.0,0
0.399929851,0.105476409,0.196841106,0,1,0,0,1,0,1.0,2
0.460728914,0.257115662,0.181196049,0,1,0,0,1,0,0.0,1
0.0795916393,0.963397324,0.0877207741,0,1,0,0,0,1,0.5,2
0.29659763,0.557646215,0.854678094,1,0,0,0,0,1,0.5,1
0.0819925815,0.409435928,0.578806877,0,0,1,0,0,1,0.5,2
0.885226488,0.77393657,0.258956105,1,0,0,1,0,0,1.0,1
0.281226844,0.548292994,0.848655045,1,0,0,1,0,0,0.5,1
0.579470336,0.0625046343,0.802646756,0,0,1,0,0,1,1.0,0
0.0870303512,0.749425709,0.100951515,0,0,1,0,1,0,0.5,2
0.683504999,0.745606661,0.644139349,1,0,0,0,1,0,0.0,2
0.356875986,0.206891283,0.721833587,1,0,0,1,0,0,1.0,1
0.903023243,0.958827078,0.715827346,0,1,0,1,0,0,0.0,2
0.893712282,0.262712717,0.723142684,0,0,1,0,1,0,0.0,1
0.359026074,0.48486191,0.169457778,1,0,0,1,0,0,0.0,1
0.905912876,0.15899916,0.315086454,0,1,0,1,0,0,0.5,2
0.996349812,0.623118222,0.844178498,1,0,0,0,1,0,0.0,1
0.83414489,0.406678557,0.898391724,1,0,0,0,0,1,0.0,1
0.852627754,0.385514796,0.279188901,0,0,1,0,1,0,0.0,2
0.2865583,0.835628033,0.0230195168,1,0,0,1,0,0,1.0,1
0.59786725,0.0590836257,0.85976696,0,0,1,0,0,1,1.0,0
0.113893121,0.80804944,0.377091825,1,0,0,0,0,1,1.0,2
0.140172035,0.592876136,0.329463542,0,1,0,0,1,0,1.0,2
0.998947978,0.986793578,0.346999675,0,0,1,0,0,1,1.0,1
0.360307276,0.609971046,0.415696412,0,0,1,0,0,1,1.0,2
0.760774732,0.102610178,0.378266633,0,1,0,0,1,0,1.0,1
0.816331804,0.09811306,0.566430926,0,0,1,0,0,1,0.5,2
0.86512208,0.888995349,0.0789402798,0,1,0,0,0,1,1.0,0
0.997746885,0.849153459,0.971540213,0,0,1,0,1,0,0.0,0
0.279421657,0.378595561,0.936451018,0,0,1,0,1,0,0.5,0
0.0883332863,0.637130857,0.934406638,0,0,1,1,0,0,1.0,2
0.440631956,0.515111804,0.879277647,0,0,1,1,0,0,1.0,1
0.173576638,0.96880585,0.660326302,1,0,0,0,1,0,0.0,2
0.071304597,0.952462852,0.221108556,1,0,0,1,0,0,0.0,2
0.39240548,0.984647036,0.0494834855,1,0,0,0,1,0,0.0,1
0.794551313,0.873126328,0.0993210673,0,0,1,1,0,0,0.5,0
0.587871671,0.914074004,0.323992491,1,0,0,1,0,0,0.5,1
0.34713909,0.256414831,0.503883004,0,0,1,0,0,1,0.5,2
0.671624899,0.839456439,0.993253052,0,0,1,1,0,0,0.5,1
0.270417273,0.723414242,0.435443491,0,1,0,0,0,1,0.0,1
0.0636623725,0.964647174,0.524646103,0,1,0,1,0,0,0.0,0
0.776135743,0.592698753,0.69515723,0,1,0,0,0,1,0.0,1
0.642555952,0.130908802,0.180733964,0,0,1,1,0,0,0.0,2
0.774187505,0.617528975,0.932826996,0,1,0,1,0,0,0.0,1
0.0869911164,0.702251911,0.529034615,0,1,0,0,0,1,1.0,2
0.84526366,0.259304971,0.276256353,0,0,1,0,0,1,0.0,0
0.638549864,0.424407721,0.93510896,0,0,1,0,1,0,0.0,1
0.585225582,0.618578255,0.625450611,1,0,0,0,1,0,1.0,0
0.643383324,0.405400455,0.483689725,0,0,1,0,0,1,0.5,2
0.871211588,0.40620032,0.580155909,1,0,0,1,0,0,0.0,1
0.607589662,0.176432312,0.748302221,0,0,1,0,1,0,1.0,1
0.601902843,0.943709373,0.154538006,0,1,0,0,1,0,1.0,2
0.991145194,0.762969673,0.864830434,0,0,1,0,1,0,1.0,1
0.768893659,0.0511812679,0.95950681,1,0,0,0,1,0,1.0,1
0.470179111,0.777332604,0.566999674,0,0,1,0,1,0,0.5,1
0.722027123,0.752805233,0.682270825,0,0,1,0,0,1,0.5,0
0.419768959,0.0592444129,0.859833479,0,1,0,0,1,0,0.5,1
0.267431676,0.40112409,0.374810636,0,0,1,0,0,1,0.0,2
0.617009282,0.626410306,0.992831767,0,1,0,0,0,1,1.0,1
0.931773007,0.480113119,0.680501342,1,0,0,1,0,0,0.0,1
0.932682574,0.789086819,0.423998684,0,0,1,0,1,0,1.0,1
0.37481001,0.454185426,0.677338004,1,0,0,0,1,0,1.0,1
0.551293612,0.196169823,0.521680057,0,0,1,1,0,0,0.5,0
0.251054108,0.977594852,0.111641571,0,1,0,0,1,0,0.5,0
0.99584955,0.279937983,0.795865297,0,0,1,0,1,0,0.0,1
0.982062042,0.731807709,0.564375579,0,1,0,0,0,1,1.0,0
0.667033494,0.185998499,0.795845568,1,0,0,0,0,1,1.0,1
0.814193368,0.362561971,0.154911935,1,0,0,1,0,0,0.0,0
0.729345143,0.469926238,0.538357139,0,1,0,0,0,1,0.5,2
0.613500297,0.232620403,0.766624272,0,0,1,0,1,0,1.0,1
0.100680597,0.477461606,0.988304555,0,1,0,0,1,0,1.0,1
0.48202613,0.199304685,0.884397268,0,1,0,1,0,0,1.0,1
0.691047013,0.581056237,0.864349604,0,1,0,0,1,0,0.5,1
0.693655014,0.680527568,0.247460142,0,1,0,1,0,0,0.5,1
0.40446648,0.109312572,0.837984622,1,0,0,0,1,0,0.0,1
0.944607377,0.877575517,0.169281274,0,1,0,1,0,0,0.5,0
0.208989188,0.225883842,0.19810766,0,1,0,0,1,0,0.5,2
0.525341451,0.264094293,0.110116743,1,0,0,0,1,0,0.0,2
0.706339777,0.67828232,0.857596517,1,0,0,0,1,0,0.0,1
0.712279022,0.495313495,0.1082545,1,0,0,0,1,0,1.0,1
0.666207016,0.524425805,0.138111487,0,0,1,0,1,0,0.5,0
0.311523795,0.171747237,0.245887145,0,0,1,1,0,0,0.0,2
0.198396236,0.815449059,0.572662413,1,0,0,1,0,0,0.0,2
0.654143333,0.63620156,0.88018018,0,1,0,0,0,1,1.0,2
0.619337022,0.178612947,0.418228149,0,1,0,1,0,0,0.5,1
0.220388204,0.405299395,0.546285927,1,0,0,0,1,0,1.0,2
0.71988219,0.819889426,0.166489393,1,0,0,1,0,0,0.5,1
0.482413381,0.58993727,0.265945852,0,0,1,0,1,0,0.0,1
0.684372544,0.153216347,0.133925766,1,0,0,0,1,0,1.0,1
0.845498741,0.404138207,0.409918845,0,0,1,0,0,1,0.5,0
0.211242005,0.280559689,0.590335667,1,0,0,1,0,0,0.0,2
0.0681876242,0.5415923,0.28401953,0,1,0,1,0,0,1.0,1
0.790147483,0.85119307,0.845995843,1,0,0,0,1,0,1.0,1
0.629212558,0.464453787,0.981238365,0,1,0,1,0,0,0.0,2
0.714657605,0.461674929,0.12015485,1,0,0,1,0,0,0.5,1
0.846247256,0.910083354,0.0178600568,0,0,1,1,0,0,0.5,0
0.81267041,0.597376168,0.789776921,1,0,0,0,1,0,1.0,1
0.962874115,0.587881505,0.190642685,0,1,0,1,0,0,0.0,0
0.559138298,0.298814386,0.353146583,0,1,0,0,1,0,0.5,2
0.514070868,0.627336621,0.39423123,0,1,0,0,1,0,0.5,2
0.431792825,0.597114921,0.916599393,1,0,0,1,0,0,0.5,1
0.196006492,0.427008897,0.658838212,0,0,1,0,0,1,1.0,0
0.593976855,0.99116081,0.0406094901,0,0,1,0,1,0,1.0,1
0.31316191,0.887796402,0.0148102408,0,0,1,1,0,0,1.0,0
0.925242126,0.762106955,0.199568093,0,1,0,0,0,1,0.5,0
0.604031265,0.56047833,0.318171948,0,1,0,0,1,0,0.0,2
0.613198161,0.488956809,0.484523833,0,0,1,0,0,1,0.0,0
0.387178421,0.225652531,0.837839425,0,0,1,1,0,0,0.0,1
0.0993898809,0.340450615,0.314817756,1,0,0,0,0,1,1.0,0
0.0801565796,0.785262764,0.376537234,1,0,0,0,0,1,0.5,2
0.452168375,0.481061518,0.329337925,1,0,0,0,1,0,0.5,1
0.130337104,0.888156056,0.00896533579,0,0,1,0,1,0,0.0,0
0.6265046,0.190515578,0.955201566,0,0,1,1,0,0,0.5,1
0.886924326,0.532929718,0.138995886,0,0,1,0,1,0,0.0,2
0.88876909,0.664617419,0.287667483,0,1,0,0,0,1,1.0,1
0.676093161,0.541006029,0.129303306,0,0,1,0,0,1,0.0,1
0.250670254,0.894765556,0.490543157,1,0,0,1,0,0,1.0,1
0.869847,0.990085125,0.9321661,1,0,0,0,1,0,0.5,2
0.891788781,0.160042927,0.100700721,0,1,0,0,1,0,0.5,0
0.236820906,0.173457161,0.440896928,1,0,0,1,0,0,1.0,2
0.7505548,0.173807904,0.022374846,1,0,0,0,1,0,0.5,0
0.322193563,0.697118223,0.770898223,0,1,0,0,0,1,1.0,2
0.812508285,0.404042304,0.641226172,1,0,0,1,0,0,0.0,1
0.997376025,0.746648908,0.699698687,0,1,0,0,1,0,1.0,1
0.0785247087,0.43519789,0.472336352,1,0,0,0,0,1,0.0,0
0.90249759,0.646226406,0.907633007,0,1,0,1,0,0,0.5,1
0.641498983,0.781365097,0.409557462,0,1,0,0,0,1,0.0,1
0.974713504,0.570805132,0.514085054,0,0,1,0,0,1,0.0,0
0.491759032,0.562528431,0.695289195,0,1,0,0,1,0,0.5,2
0.855018556,0.133822605,0.520560622,1,0,0,0,0,1,0.5,1
0.109274365,0.440242648,0.189335644,0,0,1,0,1,0,0.0,2
0.368515104,0.5684883,0.317070603,0,0,1,0,0,1,1.0,2
0.113665707,0.488881797,0.0922944695,0,0,1,0,1,0,0.0,0
0.976575971,0.905742884,0.432613492,0,1,0,0,1,0,0.5,1
0.826125205,0.9112041,0.609392107,0,1,0,1,0,0,1.0,2
0.859920025,0.830821514,0.118529946,0,0,1,0,1,0,0.0,1
0.94106698,0.406533182,0.630587101,0,1,0,0,0,1,0.5,1
0.130848318,0.731434166,0.892872155,1,0,0,1,0,0,1.0,2
0.416317701,0.425524026,0.337723732,1,0,0,1,0,0,0.5,1
0.117483146,0.270963907,0.222033098,1,0,0,0,0,1,1.0,2
0.250253439,0.375757515,0.893006086,0,1,0,0,0,1,0.0,1
0.267897487,0.117416404,0.691945255,1,0,0,1,0,0,1.0,0
0.495651841,0.365188628,0.10539487,1,0,0,1,0,0,1.0,1
0.305134058,0.487705112,0.40811196,0,1,0,0,1,0,0.0,2
0.145929202,0.957706869,0.674089611,0,1,0,1,0,0,1.0,2
0.209116533,0.347740054,0.574383855,1,0,0,0,0,1,0.0,2
0.189911783,0.907330871,0.618547142,0,0,1,1,0,0,0.5,2
0.974422932,0.267415375,0.567135155,0,0,1,0,0,1,0.5,0
0.771327853,0.231420457,0.798061371,0,1,0,0,0,1,0.5,1
0.969373405,0.5430457,0.320426971,0,1,0,0,1,0,0.0,2
0.46775347,0.688885808,0.708462358,0,1,0,0,1,0,0.0,1
0.314450055,0.0921156406,0.99107945,0,0,1,0,1,0,0.0,1
0.808378518,0.260012567,0.389958858,1,0,0,0,0,1,0.0,0
0.359941214,0.482899487,0.791048288,0,0,1,0,0,1,0.5,1
0.334414214,0.36445412,0.246109232,0,1,0,0,0,1,0.0,2
0.270880699,0.726990044,0.28189671,0,0,1,0,1,0,0.5,1
0.173195034,0.53560257,0.934863865,0,1,0,1,0,0,1.0,0
0.293639898,0.202341154,0.0259383563,1,0,0,1,0,0,1.0,1
0.387553751,0.899742126,0.217427343,0,1,0,0,1,0,0.5,2
0.690294504,0.328260392,0.482920706,1,0,0,0,1,0,1.0,2
0.109436601,0.744574547,0.401847631,1,0,0,0,0,1,0.5,2
0.249981597,0.790920019,0.629169703,0,0,1,0,0,1,0.0,2
0.818572462,0.964999795,0.192722052,0,1,0,0,0,1,0.5,0
0.189575821,0.523582101,0.070547007,0,0,1,1,0,0,0.0,2
0.375512898,0.63504374,0.369333386,0,1,0,1,0,0,1.0,1
0.871425986,0.368132472,0.524355233,0,1,0,0,1,0,0.5,2
0.197179049,0.694270313,0.562001824,0,1,0,0,1,0,0.0,2
0.128599986,0.490214318,0.601493537,0,0,1,0,0,1,0.5,2
0.510311067,0.465769738,0.548662007,0,0,1,1,0,0,0.5,0
0.337298542,0.862694144,0.245751977,0,1,0,1,0,0,0.5,1
0.58523792,0.0976604,0.764549732,0,0,1,0,1,0,1.0,1
0.813614666,0.887864292,0.0877802595,0,1,0,1,0,0,0.0,2
0.180291057,0.859466374,0.198353887,0,0,1,0,0,1,1.0,2
0.601664126,0.53104794,0.739378035,0,0,1,1,0,0,0.0,2
0.530233324,0.515692711,0.279726148,1,0,0,0,0,1,0.5,2
0.186874852,0.393716991,0.49347344,0,0,1,0,0,1,1.0,2
0.642798543,0.994465113,0.327197731,0,1,0,0,0,1,0.0,0
0.309958398,0.155610859,0.506981194,0,0,1,0,0,1,0.0,2
0.513442576,0.610704482,0.346655786,0,0,1,1,0,0,1.0,0
0.128158703,0.697597504,0.994207978,0,1,0,1,0,0,0.0,0
0.48660484,0.937613487,0.357477576,0,0,1,0,0,1,0.0,2
0.3411403,0.791193306,0.627049446,1,0,0,0,1,0,0.5,0
0.831262171,0.66165483,0.888343215,1,0,0,0,1,0,0.0,1
0.104129791,0.160971701,0.637934983,1,0,0,0,0,1,0.0,0
0.447676897,0.40504685,0.565857232,1,0,0,0,0,1,1.0,0
0.485509843,0.181899562,0.569229484,0,1,0,0,1,0,0.0,0
0.738755763,0.887152076,0.496460706,0,1,0,1,0,0,0.5,0
0.595573187,0.762140095,0.807580411,1,0,0,1,0,0,1.0,1
0.683851719,0.769659936,0.0504240766,0,1,0,0,1,0,1.0,0
0.788196802,0.6696437,0.885129929,0,0,1,0,0,1,0.0,1
0.869092822,0.531691372,0.586292207,0,0,1,0,0,1,1.0,2
0.348181725,0.192472503,0.848873198,0,0,1,1,0,0,1.0,1
0.561121583,0.363210142,0.0103927022,1,0,0,1,0,0,1.0,1
0.848102689,0.180069998,0.869276404,1,0,0,0,0,1,0.5,1
0.989978552,0.738667488,0.12013752,0,1,0,1,0,0,0.5,0
0.895043373,0.20221734,0.72121799,0,1,0,0,1,0,0.0,1
0.402893901,0.717007875,0.4165214,0,1,0,0,1,0,0.5,2
0.235408187,0.707642615,0.681072414,1,0,0,1,0,0,0.0,2
0.514922917,0.486339241,0.628189743,0,1,0,0,0,1,1.0,0
0.754559398,0.178467214,0.163396552,0,0,1,0,1,0,0.5,0
0.51794064,0.349060774,0.514613748,0,0,1,1,0,0,0.5,0
0.509021819,0.354088455,0.277230471,0,0,1,1,0,0,0.5,1
0.846318901,0.715365887,0.560436845,1,0,0,0,0,1,0.5,0
0.393333584,0.158055872,0.738003254,0,1,0,1,0,0,1.0,1
0.866804957,0.837615192,0.0812584162,0,1,0,0,1,0,1.0,0
0.436464548,0.772956908,0.515762448,1,0,0,1,0,0,0.5,0
0.361821443,0.226991579,0.617629826,1,0,0,0,0,1,1.0,1
0.48129043,0.733206153,0.29536745,0,0,1,1,0,0,1.0,0
0.774324596,0.685087502,0.953003466,1,0,0,0,1,0,1.0,1
0.169701934,0.760714769,0.520302832,0,0,1,0,1,0,0.0,2
0.236598253,0.229482129,0.182517096,0,0,1,1,0,0,0.5,2
0.953872561,0.199710801,0.107788265,0,1,0,0,0,1,0.0,0
0.216717049,0.274659783,0.541659534,0,0,1,0,1,0,0.0,2
0.589340925,0.39757812,0.375238389,0,1,0,0,0,1,1.0,2
0.600348771,0.803981721,0.192547098,0,0,1,0,0,1,0.0,1
0.515143216,0.751027763,0.0306984875,0,1,0,0,1,0,1.0,1
0.662508011,0.929179013,0.566600084,1,0,0,1,0,0,1.0,1
0.268335402,0.105698079,0.598600209,0,1,0,0,0,1,0.0,1
0.575029135,0.0609784685,0.141802594,1,0,0,1,0,0,0.5,1
0.403564602,0.7141819,0.601738036,0,1,0,0,0,1,0.5,0
0.67858392,0.315323114,0.951972783,1,0,0,0,1,0,1.0,0
0.184162363,0.367374957,0.978295624,1,0,0,0,0,1,0.0,2
0.592333555,0.569461942,0.888492942,1,0,0,1,0,0,0.5,1
0.226006836,0.147292465,0.8070786,0,0,1,1,0,0,0.0,2
0.314710915,0.660559714,0.209367841,1,0,0,0,0,1,0.0,1
0.257774323,0.358890086,0.156435177,0,1,0,0,0,1,0.0,0
0.223695889,0.651079357,0.4449476,1,0,0,0,0,1,1.0,2
0.83442539,0.842306554,0.619631767,1,0,0,0,1,0,1.0,1
0.321422189,0.212555766,0.850678682,0,1,0,1,0,0,1.0,1
0.930767596,0.93432945,0.231963038,1,0,0,0,0,1,0.5,0
0.971430182,0.55415374,0.479647905,0,1,0,1,0,0,0.0,1
0.592697442,0.926781356,0.647440255,1,0,0,1,0,0,1.0,1
0.185851067,0.247343585,0.445593864,0,1,0,1,0,0,0.0,0
0.405820817,0.624334514,0.454193681,0,1,0,1,0,0,0.0,0
0.807845652,0.433692753,0.225117162,1,0,0,0,0,1,1.0,0
0.399021178,0.785511076,0.986660898,1,0,0,1,0,0,0.5,1
0.132666364,0.625613511,0.475193292,1,0,0,1,0,0,1.0,2
0.578945637,0.519789696,0.532741964,1,0,0,0,1,0,0.0,1
0.852864802,0.917336166,0.218559295,1,0,0,0,0,1,0.0,0
0.806130052,0.40826121,0.514136732,1,0,0,1,0,0,0.5,2
0.216366976,0.258981198,0.255349547,0,0,1,1,0,0,1.0,0
0.689126372,0.627696157,0.202336252,1,0,0,0,0,1,0.0,0
0.259479046,0.642827034,0.275722265,0,0,1,0,0,1,0.0,2
0.257297158,0.4671399,0.00275964849,0,0,1,1,0,0,0.0,2
0.880368173,0.51227957,0.570151091,0,0,1,0,1,0,0.0,0
0.28718552,0.961575747,0.387479991,1,0,0,0,1,0,1.0,2
0.300084978,0.746051431,0.898689032,0,1,0,0,0,1,1.0,1
0.0506207198,0.155071661,0.0407071747,0,1,0,0,0,1,1.0,0
0.877135575,0.251523554,0.0432002991,0,1,0,0,1,0,1.0,0
0.802965045,0.976797819,0.885873497,1,0,0,0,1,0,1.0,2
0.645962477,0.740142286,0.126644641,0,1,0,0,1,0,0.5,0
0.762752473,0.919292867,0.00216010422,0,1,0,0,1,0,1.0,1
0.194446146,0.338668376,0.178913862,1,0,0,0,1,0,0.0,2
0.485407412,0.754773498,0.823876202,1,0,0,0,0,1,1.0,1
0.383658409,0.728302598,0.802714109,0,0,1,0,0,1,0.5,1
0.139087707,0.329955488,0.340132207,1,0,0,0,0,1,0.0,0
0.511823952,0.573275506,0.668030918,0,1,0,0,0,1,0.5,1
0.924702644,0.646044374,0.507249713,1,0,0,1,0,0,0.0,0
0.088056162,0.507075191,0.904734969,1,0,0,0,1,0,0.0,2
0.326887876,0.835819781,0.0564234741,0,1,0,0,1,0,1.0,0
0.247163892,0.841225564,0.813179135,0,1,0,0,0,1,0.5,2
0.276239336,0.858070493,0.170598671,1,0,0,0,1,0,0.5,2
0.913012803,0.813252389,0.391620904,1,0,0,1,0,0,0.0,2
0.494665593,0.513679326,0.191957146,1,0,0,1,0,0,1.0,1
0.492984444,0.41236639,0.702614427,0,1,0,1,0,0,0.0,2
0.772546887,0.839807451,0.67832619,0,0,1,0,0,1,0.5,1
0.196767598,0.5156914,0.547897577,1,0,0,0,1,0,0.0,2
0.512902081,0.284052819,0.698163033,1,0,0,1,0,0,1.0,1
0.458485961,0.531976342,0.639564753,1,0,0,1,0,0,0.5,1
0.617065132,0.184757337,0.776442051,0,0,1,0,1,0,0.0,1
0.999579847,0.707047999,0.239406645,1,0,0,0,1,0,1.0,1
0.780976474,0.369125217,0.42891261,0,0,1,1,0,0,0.5,2
0.427972406,0.29762587,0.151626527,1,0,0,1,0,0,1.0,1
0.836175382,0.958683312,0.429593563,0,1,0,0,1,0,0.0,1
0.21217294,0.788036942,0.701691747,0,0,1,0,0,1,0.5,2
0.0789405033,0.797716022,0.69139117,0,1,0,0,1,0,1.0,2
0.244225949,0.642535865,0.70942688,1,0,0,0,0,1,0.5,2
0.373390973,0.847214162,0.308767527,0,1,0,1,0,0,0.0,0
0.535051703,0.771204352,0.662213981,0,0,1,0,0,1,0.0,1
0.634372711,0.618835032,0.367466331,1,0,0,0,0,1,1.0,2
0.915075421,0.963068187,0.944492042,0,1,0,1,0,0,0.5,1
0.534361303,0.232015207,0.343366355,0,0,1,1,0,0,0.0,1
0.526211858,0.946210742,0.603018224,0,0,1,0,0,1,1.0,2
0.0977308601,0.431366265,0.750145733,0,0,1,0,1,0,1.0,2
0.0831659734,0.551979005,0.906407416,0,1,0,0,1,0,1.0,0
0.573601961,0.166602358,0.437928617,0,0,1,1,0,0,0.5,0
0.466269672,0.563102067,0.360485107,1,0,0,1,0,0,0.0,0
0.847221375,0.630646408,0.43002817,1,0,0,0,1,0,0.0,1
0.2026456,0.997816443,0.323696345,0,0,1,0,1,0,0.5,2
0.0737230778,0.9764328,0.653924465,0,0,1,1,0,0,0.0,2
0.476586819,0.968077421,0.932716787,1,0,0,0,1,0,1.0,1
0.275604635,0.38096866,0.126071006,1,0,0,0,0,1,1.0,1
0.0971336514,0.991703153,0.560922086,0,0,1,1,0,0,0.5,2
0.738368392,0.482704252,0.897648752,1,0,0,0,0,1,1.0,0
0.156013355,0.859244466,0.100114547,0,0,1,0,0,1,0.0,1
0.627903521,0.255503982,0.493865401,0,1,0,0,0,1,0.0,0
0.31699726,0.530541539,0.865229607,0,0,1,0,0,1,0.5,2
0.214821249,0.967711508,0.900452197,0,0,1,0,1,0,1.0,2
0.410763949,0.949679852,0.514352143,0,1,0,1,0,0,0.0,0
0.811373472,0.699548125,0.0249518845,0,0,1,0,1,0,0.0,1
0.422488898,0.807923615,0.105639182,0,0,1,0,0,1,0.0,2
0.763231158,0.217605367,0.586716771,0,1,0,0,0,1,1.0,1
0.169211984,0.735575616,0.123858608,1,0,0,0,0,1,0.0,1
0.784132838,0.637148261,0.149417773,1,0,0,0,0,1,1.0,2
0.275086671,0.136974156,0.772117078,1,0,0,1,0,0,0.0,1
0.693523467,0.157501057,0.75069207,1,0,0,1,0,0,1.0,1
0.587492466,0.15302144,0.842772782,1,0,0,1,0,0,0.0,1
0.932687461,0.738139093,0.105735138,0,1,0,0,0,1,1.0,0
0.417956382,0.184629455,0.198144883,0,1,0,0,0,1,0.5,0
0.112856932,0.494345665,0.83296144,0,0,1,1,0,0,0.5,2
0.0681977123,0.389132708,0.721087635,1,0,0,1,0,0,0.5,0
0.835515618,0.572978914,0.805956125,0,1,0,1,0,0,0.0,2
0.548498869,0.721152663,0.989745677,0,1,0,0,1,0,1.0,1
0.786481857,0.700486422,0.86443162,1,0,0,0,0,1,0.0,1
0.272704333,0.5397439,0.520463228,0,1,0,1,0,0,1.0,0
0.377829552,0.491118133,0.310768187,0,0,1,1,0,0,1.0,1
0.0785986781,0.427924812,0.569676578,0,0,1,0,0,1,0.0,2
0.963417709,0.868814468,0.638586521,1,0,0,0,1,0,1.0,1
0.684474528,0.364309222,0.335312128,1,0,0,0,0,1,0.5,0
0.936544836,0.296397537,0.770937026,1,0,0,1,0,0,0.0,1
0.302221596,0.756149709,0.0927537903,0,0,1,1,0,0,0.5,1
0.630890429,0.39177528,0.779392838,0,1,0,0,1,0,0.5,1
0.694574952,0.85464865,0.0319985189,0,0,1,0,1,0,0.5,0
0.351672202,0.361494273,0.497966051,1,0,0,0,0,1,0.0,2
0.855703771,0.716847599,0.861436486,0,1,0,1,0,0,0.5,1
0.949803412,0.0928535536,0.0864952728,0,0,1,0,1,0,0.0,2
0.890612364,0.41628474,0.517738938,1,0,0,1,0,0,0.0,0
0.75211364,0.376068652,0.159391433,1,0,0,0,1,0,0.5,2
0.31359145,0.825844824,0.894815743,0,1,0,0,1,0,1.0,1
0.317535251,0.968702614,0.832345545,0,0,1,1,0,0,1.0,1
0.965192318,0.487837225,0.933917224,0,1,0,1,0,0,0.0,1
0.0597702712,0.833594441,0.874982357,0,1,0,0,0,1,0.5,2
0.730247498,0.714709938,0.736553311,0,0,1,0,0,1,0.0,1
0.720933855,0.969016671,0.184889197,0,0,1,0,0,1,1.0,2
0.641555071,0.820553064,0.302502602,0,0,1,1,0,0,0.0,0
0.990603387,0.123604164,0.49685517,0,1,0,0,1,0,0.0,0
0.346285462,0.727617621,0.588896811,0,1,0,0,0,1,1.0,0
0.372973263,0.558724701,0.782183409,0,0,1,1,0,0,0.5,1
0.12499243,0.0656142533,0.226959631,0,0,1,0,0,1,1.0,0
0.470658243,0.288747311,0.128277391,0,1,0,0,0,1,0.5,0
0.297996104,0.925667465,0.482610166,0,0,1,0,0,1,0.5,0
0.376217365,0.92975831,0.157841414,1,0,0,0,1,0,1.0,2
0.842843175,0.808907926,0.693736792,0,0,1,1,0,0,0.0,0
0.938710272,0.982690632,0.575630903,1,0,0,0,1,0,0.0,1
0.22644642,0.816217959,0.741107821,1,0,0,0,0,1,1.0,0
0.403883487,0.0596939772,0.0634365603,0,1,0,0,0,1,0.5,0
0.932199061,0.323442638,0.96469754,0,1,0,0,1,0,1.0,2
0.108718038,0.079092972,5.53667587e-06,0,1,0,0,0,1,0.0,2
0.137742504,0.139402568,0.325442404,0,0,1,0,0,1,0.0,1
0.204651445,0.257898778,0.679634809,0,1,0,0,1,0,0.5,2
0.61545217,0.528380632,0.0451420732,0,0,1,1,0,0,1.0,0
0.192948654,0.855155408,0.0833495781,0,1,0,0,0,1,0.0,1
0.969672561,0.868868411,0.0766814351,1,0,0,0,0,1,1.0,1
0.474378794,0.635391772,0.581509709,0,1,0,1,0,0,1.0,1
0.526442051,0.931767166,0.895925343,1,0,0,0,1,0,1.0,1
0.284325689,0.525059223,0.555436969,0,0,1,0,1,0,0.5,2
0.497412235,0.894584239,0.603571355,0,1,0,0,0,1,0.0,0
0.678817928,0.481361985,0.346001655,0,1,0,0,0,1,0.5,2
0.76361829,0.313363761,0.0187411588,1,0,0,0,1,0,0.0,0
0.766174674,0.920592248,0.0216147173,0,1,0,0,0,1,0.0,2
0.59899658,0.418538332,0.888309956,0,0,1,0,1,0,1.0,2
0.909141779,0.528233886,0.102572441,1,0,0,0,1,0,1.0,1
0.82653743,0.362417608,0.999789357,0,0,1,0,1,0,0.0,1
0.769195735,0.679695725,0.164422616,0,0,1,0,0,1,1.0,2
0.102825247,0.99527967,0.674634457,1,0,0,0,1,0,1.0,2
0.0565340631,0.0742378682,0.948955476,0,0,1,1,0,0,1.0,2
0.251824915,0.904855609,0.36228928,0,1,0,1,0,0,0.5,2
0.680347443,0.0537297539,0.734433174,0,0,1,0,1,0,0.5,2
0.440637618,0.396016479,0.350856632,0,1,0,1,0,0,0.0,0
0.432285935,0.210176468,0.304941058,1,0,0,0,1,0,1.0,0
0.890357554,0.769474685,0.201804087,0,1,0,0,0,1,1.0,1
0.900784731,0.0980802998,0.820934892,0,0,1,0,0,1,1.0,1
0.913716495,0.57581073,0.257387072,0,1,0,0,0,1,0.5,2
0.348184168,0.33017984,0.283158153,0,0,1,0,1,0,0.0,2
0.706503034,0.176986739,0.998969734,0,1,0,0,1,0,1.0,1
0.308051527,0.783227324,0.327310443,1,0,0,1,0,0,0.5,1
0.23107934,0.256545991,0.422774494,1,0,0,1,0,0,0.5,2
0.225400835,0.262491465,0.990055442,0,1,0,0,0,1,1.0,0
0.375002235,0.311322957,0.369300336,1,0,0,0,1,0,1.0,0
0.458459735,0.607428432,0.366152018,0,1,0,1,0,0,0.5,0
0.839401722,0.676682651,0.827714443,0,0,1,0,0,1,0.5,1
0.163896546,0.0667224005,0.311930358,0,1,0,0,1,0,0.0,2
0.748179555,0.279776156,0.233786106,0,0,1,1,0,0,0.5,0
0.554882169,0.45942229,0.423210263,0,1,0,1,0,0,0.5,2
0.323548079,0.365378112,0.700640798,0,0,1,1,0,0,0.0,1
0.518178582,0.889962137,0.0432430245,1,0,0,1,0,0,0.5,0
0.334944963,0.798323274,0.37391603,0,1,0,0,0,1,0.5,1
0.616277874,0.644595683,0.346244901,1,0,0,0,0,1,0.0,1
0.462151736,0.371140301,0.244818345,1,0,0,1,0,0,0.0,1
0.206185251,0.715638757,0.654287338,0,0,1,0,1,0,1.0,2
0.160753921,0.851456106,0.289990067,1,0,0,0,1,0,0.5,2
0.569360912,0.61508888,0.606731534,0,0,1,0,1,0,1.0,2
0.907292366,0.795238376,0.504336834,1,0,0,0,0,1,0.0,1
0.376759797,0.761649728,0.217189878,1,0,0,0,1,0,0.5,1
0.74635011,0.593150437,0.266566068,0,1,0,0,1,0,0.0,2
0.675728261,0.346574068,0.170600057,0,1,0,0,1,0,0.5,2
0.934977174,0.758493066,0.0566292144,0,0,1,0,1,0,1.0,0
0.829931974,0.246456549,0.619188488,1,0,0,0,0,1,0.5,0
0.588275015,0.790513933,0.67278868,1,0,0,0,1,0,0.0,2
0.674178958,0.814319372,0.165999994,0,1,0,1,0,0,0.5,0
0.903467119,0.831037641,0.615392387,0,0,1,0,0,1,1.0,0
0.42954284,0.499270171,0.982084751,0,1,0,0,1,0,1.0,2
0.360454977,0.232856736,0.0744020939,1,0,0,1,0,0,1.0,1
0.0602705292,0.144737422,0.49037087,0,0,1,0,0,1,0.0,2
0.835223496,0.756193161,0.733038187,1,0,0,1,0,0,0.5,1
0.810931683,0.891948342,0.0460091978,0,1,0,0,1,0,0.5,0
0.149231791,0.668296456,0.778273523,0,0,1,0,1,0,0.0,2
0.598014534,0.186952055,0.979511261,0,1,0,0,1,0,1.0,1
0.490782619,0.938151598,0.0884878635,1,0,0,1,0,0,0.0,1
0.162773639,0.989646912,0.822229922,1,0,0,0,0,1,0.5,0
0.981539845,0.461709678,0.378581554,0,1,0,1,0,0,0.5,1
0.253961086,0.615084052,0.144116208,1,0,0,1,0,0,0.5,1
0.113872468,0.788367093,0.493193209,0,1,0,1,0,0,0.5,2
0.615105033,0.74957031,0.0715187341,0,1,0,0,1,0,0.5,0
0.751923323,0.969397843,0.522101402,0,0,1,1,0,0,1.0,1
0.0808212757,0.159138933,0.0193567872,1,0,0,1,0,0,0.0,0
0.675781786,0.601688623,0.728611469,1,0,0,1,0,0,1.0,2
0.555677295,0.707334876,0.487969697,0,1,0,0,0,1,0.5,2
0.148101762,0.895593524,0.458939672,0,0,1,1,0,0,1.0,0
0.21389769,0.880404174,0.19619149,0,1,0,1,0,0,0.0,2
0.589575589,0.97909981,0.361263156,1,0,0,0,1,0,0.5,1
0.33153972,0.536474526,0.181869432,0,0,1,1,0,0,1.0,2
0.941399932,0.839222848,0.735390127,0,0,1,1,0,0,0.0,2
0.827803195,0.455917627,0.199025303,0,1,0,0,1,0,1.0,2
0.984388828,0.45119819,0.61675334,0,1,0,1,0,0,1.0,1
0.296687305,0.290680945,0.279607505,0,0,1,1,0,0,0.0,1
0.971237481,0.827325404,0.656982183,1,0,0,0,0,1,0.5,2
0.459672183,0.986524343,0.540454984,1,0,0,0,0,1,1.0,0
0.380142868,0.293524653,0.423438638,0,0,1,1,0,0,0.5,0
0.0978320539,0.103325009,0.673000813,0,1,0,0,0,1,0.0,2
0.100126997,0.824765325,0.415722072,0,1,0,1,0,0,0.5,2
0.707410693,0.639218569,0.821370602,1,0,0,0,0,1,1.0,1
0.485032558,0.96171385,0.729598463,1,0,0,1,0,0,1.0,0
0.265195549,0.289627254,0.540638983,0,0,1,0,0,1,0.0,0
0.633271813,0.117476277,0.877060711,1,0,0,1,0,0,1.0,1
0.290215224,0.51782012,0.828861833,1,0,0,0,1,0,1.0,1
0.598750174,0.131192729,0.531839371,0,1,0,0,1,0,0.0,0
0.391248316,0.298700511,0.0684476942,0,1,0,1,0,0,0.5,0
0.832374632,0.169678971,0.565996349,1,0,0,0,0,1,0.5,0
0.829661369,0.262925565,0.355256975,0,1,0,0,1,0,0.5,1
0.503482878,0.150837421,0.540112972,0,1,0,0,0,1,0.5,0
0.383278161,0.956210673,0.647130489,0,1,0,0,0,1,1.0,0
0.3944318,0.314634591,0.644838572,1,0,0,0,1,0,0.5,2
0.815428793,0.471702695,0.673524022,0,1,0,0,1,0,0.0,2
0.361770511,0.903681219,0.679268599,1,0,0,0,0,1,0.0,0
0.248606399,0.693455517,0.109281421,1,0,0,1,0,0,0.5,2
0.130453929,0.637135625,0.191712335,0,0,1,0,1,0,1.0,2
0.493358463,0.720285058,0.630541027,0,0,1,1,0,0,0.0,2
0.508025467,0.837381124,0.408172399,0,0,1,1,0,0,0.0,0
0.848863304,0.883785784,0.762851655,1,0,0,0,1,0,1.0,2
0.260176748,0.660507679,0.124909282,0,0,1,1,0,0,0.0,2
0.411941707,0.895506918,0.191523001,0,1,0,1,0,0,0.5,2
0.817985475,0.558627665,0.558464646,0,0,1,1,0,0,0.5,2
0.832442403,0.313426316,0.500748038,1,0,0,1,0,0,0.5,1
0.415380508,0.886072874,0.266397148,0,1,0,0,0,1,1.0,1
0.486167818,0.564399183,0.408343256,0,1,0,1,0,0,0.0,1
0.338121593,0.910830736,0.0349812768,0,1,0,1,0,0,0.0,2
0.935927153,0.0881594196,0.0370381065,0,0,1,1,0,0,1.0,2
0.162711576,0.427639961,0.0949270055,0,0,1,1,0,0,0.5,2
0.937061965,0.950414777,0.576792479,0,0,1,0,0,1,0.5,1
0.699673116,0.287167579,0.863716424,0,0,1,0,0,1,1.0,2
0.55499357,0.944459438,0.260223299,0,1,0,0,0,1,0.0,0
0.0810261071,0.956207335,0.033939831,1,0,0,0,1,0,0.5,0
0.501816392,0.888035178,0.708627105,0,0,1,0,1,0,0.5,1
0.437360704,0.585484624,0.855352223,1,0,0,0,0,1,0.0,1
0.203157872,0.664592505,0.13817279,0,1,0,0,1,0,0.5,2
0.67358911,0.876136124,0.385747701,1,0,0,0,0,1,0.0,2
0.972593367,0.787102222,0.15873684,1,0,0,1,0,0,0.0,1
0.584079385,0.648589134,0.106357433,0,0,1,0,0,1,0.5,0
0.729015589,0.983146429,0.648168564,0,0,1,0,0,1,0.5,1
0.115027927,0.701392829,0.967536449,0,1,0,0,1,0,0.0,2
0.446783632,0.976707876,0.678165615,0,0,1,0,0,1,1.0,2
0.160540566,0.104519054,0.984814644,1,0,0,1,0,0,1.0,1
0.632156014,0.182012349,0.434395283,1,0,0,0,0,1,0.5,0
0.941558063,0.478885889,0.897869766,1,0,0,0,0,1,0.0,1
0.678688824,0.415635496,0.20508422,1,0,0,0,0,1,0.0,0
0.1229629,0.793598115,0.117904365,0,0,1,0,0,1,0.0,2
0.386932909,0.202583328,0.702520072,0,1,0,0,1,0,1.0,1
0.57313019,0.977290392,0.371408343,0,0,1,0,1,0,0.5,1
0.433047354,0.349312574,0.317687601,1,0,0,0,1,0,0.5,0
0.841961801,0.45747751,0.671280563,0,1,0,0,0,1,1.0,2
0.823937476,0.311007768,0.333484054,0,1,0,1,0,0,0.0,0
0.631239474,0.600395441,0.572558165,1,0,0,0,1,0,1.0,0
0.404785037,0.105697267,0.299455106,1,0,0,1,0,0,1.0,1
0.292569548,0.192193627,0.783757567,0,0,1,0,1,0,0.5,1
0.1505806,0.758507848,0.312388331,0,1,0,1,0,0,1.0,2
0.387152791,0.227175549,0.534994125,0,1,0,0,0,1,0.0,0
0.442513883,0.273738742,0.0231760833,0,0,1,0,0,1,1.0,1
0.692031801,0.803333104,0.791730762,1,0,0,0,1,0,0.0,2
0.675251842,0.138636112,0.620337784,0,1,0,1,0,0,1.0,0
0.116602734,0.465600133,0.192237064,0,0,1,0,0,1,0.0,2
0.42549634,0.0719102174,0.215373382,0,1,0,0,0,1,0.5,0
0.222689927,0.37946704,0.262492925,0,0,1,0,0,1,0.5,2
0.198972076,0.714032352,0.576530099,0,1,0,0,1,0,1.0,2
0.835937023,0.135598123,0.54831636,1,0,0,1,0,0,0.5,1
0.0898194537,0.893917918,0.273863733,1,0,0,0,1,0,1.0,2
0.44822374,0.914024115,0.694062293,0,1,0,1,0,0,0.0,1
0.209793478,0.14974086,0.889041185,0,1,0,0,1,0,0.0,2
0.885363698,0.991195798,0.0435154773,0,1,0,0,0,1,0.5,0
0.579188466,0.332653075,0.417196631,0,0,1,1,0,0,1.0,2
0.2698116,0.129896581,0.593520105,1,0,0,0,1,0,0.0,0
0.527305901,0.0548137575,0.586435199,0,0,1,0,0,1,1.0,2
0.744912028,0.438096762,0.0195353478,1,0,0,0,0,1,0.5,0
0.960212111,0.648319483,0.210566059,1,0,0,1,0,0,1.0,2
0.259423703,0.365570277,0.0618307218,0,0,1,0,1,0,0.5,1
0.891872704,0.844881475,0.568965077,1,0,0,0,0,1,1.0,2
0.93758893,0.730775952,0.645389915,1,0,0,1,0,0,0.5,1
0.92059952,0.382653445,0.159742162,0,1,0,1,0,0,1.0,1
0.653643668,0.747594178,0.333011121,0,0,1,0,0,1,1.0,0
0.648329616,0.943463326,0.329803735,0,0,1,0,1,0,1.0,0
0.433050096,0.138441205,0.819802344,1,0,0,1,0,0,0.5,1
0.764777958,0.340798765,0.194659412,0,0,1,0,0,1,1.0,1
0.554729342,0.490159631,0.548314095,1,0,0,0,0,1,0.5,2
0.693566144,0.523090601,0.7829355,1,0,0,0,0,1,0.0,1
0.457035005,0.565085888,0.829578221,0,0,1,0,1,0,1.0,1
0.744921625,0.335595548,0.666566074,1,0,0,0,1,0,1.0,0
0.83324796,0.683896661,0.299527764,0,1,0,1,0,0,0.5,2
0.189114437,0.662830293,0.823046565,0,0,1,1,0,0,1.0,2
0.841283202,0.598930418,0.742166042,0,0,1,0,0,1,1.0,1
0.563281715,0.158073634,0.704469144,1,0,0,1,0,0,0.0,1
0.852432609,0.503119469,0.067335397,0,0,1,0,0,1,1.0,0
0.459736615,0.388415545,0.0432648808,0,0,1,1,0,0,1.0,1
0.41008845,0.516486526,0.69536531,0,1,0,0,1,0,0.0,0
0.919307709,0.925773084,0.944794774,0,1,0,0,1,0,0.5,1
0.288610816,0.506504774,0.7737239,0,0,1,0,0,1,0.0,1
0.852001727,0.0632817522,0.831475556,1,0,0,1,0,0,0.0,1
0.509819567,0.466894895,0.544982255,0,1,0,1,0,0,1.0,1
0.538390696,0.829615772,0.304586142,0,1,0,1,0,0,1.0,0
0.343044877,0.791057885,0.677736878,0,1,0,0,0,1,0.5,0
0.594390094,0.537720561,0.711970866,1,0,0,1,0,0,0.5,1
0.358950645,0.28728056,0.675357997,0,0,1,0,1,0,0.5,2
0.0873059407,0.491834223,0.946709037,0,0,1,1,0,0,0.0,2
0.308398664,0.585517108,0.367179036,0,1,0,0,1,0,0.0,0
0.0560600907,0.99987787,0.0396575406,0,0,1,1,0,0,0.0,2
0.979437053,0.661969185,0.908444345,0,1,0,0,0,1,0.5,1
0.967459857,0.709551692,0.160499126,0,1,0,0,0,1,0.5,0
0.425397545,0.516881466,0.697318316,1,0,0,1,0,0,1.0,0
0.7419523,0.386765063,0.87320441,1,0,0,1,0,0,0.0,1
0.37851578,0.822305322,0.310141385,0,1,0,0,1,0,1.0,1
0.687538505,0.520185709,0.830415249,1,0,0,0,0,1,0.5,2
0.815158546,0.994955599,0.332058132,1,0,0,1,0,0,1.0,1
0.949418426,0.484264553,0.794257939,1,0,0,0,0,1,0.0,1
0.43020165,0.114600271,0.0698298663,0,0,1,0,0,1,0.5,0
0.794133067,0.698449254,0.65524298,0,0,1,1,0,0,0.0,1
0.302632034,0.0943093747,0.67713809,1,0,0,1,0,0,0.5,1
0.990815699,0.287976503,0.491425842,0,0,1,1,0,0,0.0,2
0.0744811222,0.386051327,0.687090874,0,1,0,1,0,0,1.0,2
0.623352349,0.752509415,0.92318368,0,1,0,0,1,0,0.5,1
0.676530659,0.519524157,0.73385483,1,0,0,1,0,0,0.0,1
0.703643262,0.0772136375,0.961296022,1,0,0,0,1,0,0.5,0
0.164368197,0.636007369,0.448612303,0,0,1,1,0,0,0.5,2
0.941603303,0.440864414,0.528290749,1,0,0,0,0,1,0.0,1
0.222124115,0.925742805,0.263738692,1,0,0,1,0,0,1.0,2
0.641615748,0.524584174,0.985601664,0,1,0,0,1,0,0.5,1
0.261542261,0.723526418,0.0551367365,0,1,0,1,0,0,0.0,0
0.341855586,0.257925063,0.358620405,0,0,1,1,0,0,0.5,1
0.569135606,0.7729249,0.297697157,0,0,1,0,0,1,1.0,0
0.446333736,0.734907568,0.386511713,0,0,1,0,0,1,1.0,2
0.202214316,0.908877611,0.917717874,1,0,0,0,1,0,0.0,2
0.212389588,0.0821305588,0.368037879,1,0,0,1,0,0,1.0,2
0.447237551,0.47512567,0.916976631,1,0,0,1,0,0,0.5,2
0.769418836,0.695197642,0.42333886,1,0,0,0,0,1,1.0,0
0.903066397,0.1404057,0.854768753,0,1,0,0,1,0,1.0,1
0.129921272,0.440073878,0.521750093,0,0,1,1,0,0,1.0,1
0.423448712,0.945039272,0.311352849,0,0,1,0,1,0,0.5,2
0.145233288,0.464137763,0.449349791,0,1,0,0,1,0,1.0,1
0.0657628551,0.986134529,0.424381077,0,1,0,0,1,0,0.5,1
0.678632736,0.103997111,0.25991407,1,0,0,0,0,1,0.0,2
0.62232697,0.731938303,0.289638728,0,0,1,0,0,1,0.5,1
0.204868153,0.601965427,0.186453924,0,0,1,1,0,0,0.5,2
0.272122204,0.525512695,0.336000562,0,1,0,0,1,0,0.0,2
0.0725223646,0.972305059,0.624405801,0,0,1,0,1,0,1.0,1
0.843199849,0.173167884,0.386558175,0,1,0,0,1,0,1.0,2
0.975956082,0.901198983,0.712323189,0,0,1,1,0,0,0.0,1
0.178686559,0.706678391,0.986978173,0,1,0,1,0,0,1.0,2
0.269901454,0.296046257,0.377101094,1,0,0,0,1,0,1.0,0
0.874989033,0.906585693,0.462639213,0,0,1,0,1,0,0.0,2
0.930140615,0.457830161,0.164110154,1,0,0,0,1,0,1.0,0
0.448646009,0.823515952,0.392215282,0,1,0,1,0,0,0.0,1
0.098091349,0.419394702,0.726832449,0,0,1,0,1,0,1.0,2
0.0874222443,0.858384311,0.217404798,0,0,1,0,1,0,1.0,2
0.595252395,0.654797673,0.182054043,1,0,0,0,0,1,1.0,1
0.423250347,0.183994308,0.376374871,1,0,0,0,1,0,1.0,2
0.0772198066,0.667180002,0.818649471,0,1,0,0,0,1,0.0,2
0.604089797,0.231777519,0.623657167,1,0,0,0,1,0,0.5,0
0.0607374087,0.441326499,0.957579374,0,0,1,0,0,1,0.5,1
0.798003376,0.211780801,0.90454042,0,0,1,0,0,1,0.0,1
0.341111183,0.0709153116,0.151137203,0,0,1,1,0,0,0.0,0
0.0882451013,0.251292199,0.0425527729,0,0,1,0,1,0,1.0,2
0.608934581,0.559553444,0.399094731,1,0,0,0,1,0,1.0,2
0.427800208,0.507482946,0.522079468,1,0,0,0,1,0,0.5,0
0.975110412,0.526422262,0.515570641,0,1,0,0,0,1,0.5,1
0.566988707,0.28530252,0.134107262,1,0,0,1,0,0,0.0,1
0.311477214,0.700903118,0.124817431,0,1,0,0,0,1,0.0,1
0.723966897,0.719050109,0.0468607545,1,0,0,0,0,1,1.0,0
0.307917416,0.390069425,0.85085994,1,0,0,0,0,1,1.0,1
0.909031153,0.887111604,0.947744131,0,0,1,0,1,0,1.0,1
0.405985862,0.661822081,0.115685023,1,0,0,0,0,1,0.5,0
0.572375119,0.727387309,0.213122368,0,1,0,0,0,1,0.5,0
0.0980444476,0.313472927,0.0898628831,0,0,1,1,0,0,0.0,2
0.454815179,0.0505810529,0.877502143,1,0,0,0,1,0,0.5,2
0.840745389,0.87210685,0.958708763,0,0,1,1,0,0,1.0,0
0.815366387,0.831303179,0.261796564,0,0,1,0,1,0,0.0,0
0.263102621,0.167032287,0.303583831,0,0,1,1,0,0,0.5,0
0.264775127,0.405399889,0.362669677,0,1,0,0,1,0,1.0,1
0.826440036,0.678272367,0.502463758,0,1,0,0,1,0,0.0,2
0.933878481,0.669505298,0.682460964,1,0,0,0,0,1,0.5,2
0.140592873,0.867332816,0.504390597,0,0,1,1,0,0,0.0,2
0.477555722,0.183254749,0.951001585,1,0,0,0,1,0,0.0,1
0.370581567,0.458442748,0.0998934582,0,1,0,0,0,1,0.5,0
0.877154052,0.142363191,0.798605502,0,0,1,1,0,0,1.0,0
0.129348665,0.420115501,0.334483087,0,1,0,0,1,0,0.5,2
0.250569642,0.0643520728,0.377547681,0,0,1,0,1,0,1.0,1
0.764844894,0.903359413,0.708829463,0,0,1,0,1,0,0.0,0
0.098729156,0.550691783,0.929377139,0,0,1,0,0,1,1.0,2
0.517908633,0.857312143,0.716200769,1,0,0,1,0,0,1.0,1
0.470001698,0.106909469,0.775860548,0,1,0,0,1,0,0.0,1
0.367681116,0.266085207,0.750779271,0,1,0,0,1,0,0.5,1
0.424843699,0.296411008,0.320978612,0,1,0,1,0,0,0.0,2
0.553443551,0.417356908,0.756930411,0,0,1,1,0,0,1.0,1
0.203298986,0.812723041,0.784520745,1,0,0,1,0,0,0.5,0
0.593396068,0.41722998,0.533400297,1,0,0,1,0,0,0.5,1
0.815160692,0.244420856,0.536756217,1,0,0,0,1,0,0.0,0
0.772152901,0.111740746,0.759720802,1,0,0,0,0,1,0.0,0
0.196204916,0.12551716,0.817030847,0,0,1,1,0,0,1.0,2
0.19178699,0.772044837,0.337195456,0,0,1,0,0,1,0.5,2
0.304765642,0.47256285,0.80156219,1,0,0,0,0,1,0.5,2
0.393020988,0.739872038,0.814208984,1,0,0,0,0,1,0.0,1
0.438032806,0.698172748,0.234125644,0,1,0,1,0,0,0.0,2
0.695712328,0.178594336,0.716950774,0,0,1,0,0,1,1.0,1
0.103846408,0.185743541,0.186533928,1,0,0,0,0,1,1.0,1
0.082939066,0.767574906,0.0930491164,0,0,1,0,1,0,0.5,2
0.422315031,0.735204875,0.574542999,0,1,0,1,0,0,0.0,1
0.712305486,0.409129232,0.908652186,1,0,0,1,0,0,1.0,1
0.233763576,0.123551153,0.035459023,0,0,1,1,0,0,0.5,2
0.659429252,0.0614931211,0.826501608,0,0,1,1,0,0,1.0,1
0.296836734,0.323749095,0.506471217,0,0,1,1,0,0,0.5,1
0.891781807,0.0587611608,0.860895455,0,0,1,0,1,0,1.0,0
0.90090543,0.268568993,0.843476951,0,0,1,0,0,1,0.0,2
0.332422853,0.448525697,0.875286818,0,0,1,0,1,0,0.5,1
0.26849407,0.165344983,0.76887393,0,1,0,0,0,1,0.0,1
0.440738767,0.14906387,0.842992365,0,0,1,1,0,0,0.0,1
0.278504997,0.90161556,0.176025212,0,1,0,0,1,0,0.5,2
0.688764632,0.606196523,0.303853154,0,1,0,1,0,0,1.0,2
0.834761441,0.937732875,0.242486164,0,0,1,1,0,0,1.0,0
0.689437509,0.378534853,0.742428303,1,0,0,0,0,1,0.5,1
0.833132923,0.693287671,0.153643116,0,0,1,0,0,1,0.5,0
0.42714256,0.244457096,0.18222779,0,1,0,0,0,1,0.0,2
0.198501125,0.637423277,0.878964722,0,0,1,0,1,0,0.5,2
0.751053393,0.173106447,0.705882192,0,0,1,0,0,1,0.5,1
0.39245078,0.0519766062,0.87537998,0,0,1,1,0,0,0.5,1
0.687707305,0.934955239,0.139355257,0,1,0,0,0,1,0.0,0
0.30711174,0.57714963,0.398980409,0,1,0,0,0,1,0.0,1
0.127168149,0.93059361,0.28315118,0,1,0,0,0,1,0.0,0
0.992952704,0.367139935,0.00968108512,1,0,0,0,0,1,0.0,2
0.198391438,0.36139676,0.284522951,1,0,0,1,0,0,0.5,2
0.988999963,0.43062225,0.37958324,1,0,0,0,0,1,0.0,2
0.978415906,0.720738947,0.0922196358,1,0,0,1,0,0,0.5,1
0.804127216,0.587518215,0.566487551,0,0,1,0,1,0,0.0,0
0.676451802,0.929087162,0.383172661,1,0,0,0,1,0,0.5,2
0.598916709,0.0741688535,0.0464616604,1,0,0,1,0,0,1.0,2
0.872796476,0.722786129,0.703978837,1,0,0,0,1,0,0.0,1
0.324967533,0.363811314,0.729279816,0,0,1,0,0,1,0.5,1
0.494297147,0.221221969,0.834471464,1,0,0,0,0,1,0.5,1
0.638420463,0.53487587,0.485540599,1,0,0,0,0,1,0.0,1
0.440630943,0.529810607,0.968658805,1,0,0,0,1,0,0.0,2
0.456112117,0.180160478,0.914064169,0,1,0,1,0,0,0.5,1
0.363770425,0.241801247,0.551351607,1,0,0,0,1,0,1.0,2
0.586020231,0.437756419,0.444951922,1,0,0,0,1,0,0.0,1
0.858045816,0.438370854,0.00303442799,1,0,0,1,0,0,1.0,1
0.241451964,0.351680219,0.710994542,0,0,1,1,0,0,0.5,2
0.937711358,0.191117898,0.564954519,1,0,0,0,1,0,0.5,0
0.704633296,0.0541549958,0.937544167,1,0,0,0,1,0,1.0,1
0.832109571,0.971723318,0.594232142,0,1,0,1,0,0,0.0,0
0.578381181,0.946324289,0.992856085,0,1,0,1,0,0,0.5,2
0.790540874,0.50946784,0.853819251,0,0,1,0,1,0,0.0,1
0.0653903782,0.99529916,0.953597963,0,0,1,0,0,1,0.0,0
0.827461421,0.689971626,0.327662766,1,0,0,0,0,1,1.0,2
0.0881319195,0.115414664,0.149335995,0,1,0,0,0,1,0.5,2
0.89541769,0.161832288,0.796872139,0,0,1,1,0,0,0.0,1
0.992364585,0.920305312,0.786197126,0,0,1,0,0,1,0.0,1
0.329364091,0.648549616,0.211448938,0,1,0,0,0,1,0.0,0
0.249802634,0.851024449,0.764744639,1,0,0,1,0,0,0.5,0
0.777095199,0.903356194,0.581973374,0,1,0,1,0,0,1.0,0
0.290375024,0.4755449,0.109525144,1,0,0,1,0,0,1.0,0
0.872284293,0.0960996523,0.501783609,1,0,0,0,0,1,0.5,0
0.147700459,0.228866339,0.931137979,0,1,0,0,0,1,1.0,2
0.169657439,0.113243349,0.506457567,1,0,0,0,0,1,1.0,2
0.980193973,0.229302853,0.788698971,0,0,1,0,0,1,1.0,1
0.690146983,0.440006286,0.0289099868,0,1,0,1,0,0,1.0,2
0.854542851,0.162286967,0.728081405,0,0,1,0,0,1,1.0,2
0.358112901,0.208396584,0.946837366,1,0,0,1,0,0,0.0,1
0.692659557,0.47353068,0.499527782,1,0,0,0,1,0,0.5,0
0.614529729,0.373162389,0.337709904,0,1,0,0,1,0,0.0,1
0.622992635,0.494275212,0.646650493,0,1,0,0,1,0,0.0,2
0.698405862,0.457713425,0.916261196,1,0,0,0,0,1,0.5,1
0.596591234,0.662254095,0.176769644,0,1,0,1,0,0,0.0,1
0.457609236,0.940330088,0.403694212,1,0,0,0,1,0,1.0,0
0.312126547,0.152471125,0.156290278,0,0,1,1,0,0,0.0,0
0.780152261,0.144297138,0.496654242,0,1,0,0,0,1,0.5,0
0.264958799,0.860165834,0.540422022,0,0,1,0,0,1,0.0,0
0.707736611,0.531076849,0.944203615,0,1,0,0,1,0,1.0,2
0.271666169,0.778084755,0.412515163,0,0,1,0,1,0,0.5,0
0.644063652,0.254650801,0.566956639,1,0,0,0,1,0,0.0,1
0.759724379,0.83741945,0.885262549,1,0,0,0,0,1,1.0,1
0.257778198,0.927654266,0.321404994,1,0,0,0,0,1,0.5,1
0.106946133,0.653708875,0.674163878,1,0,0,0,1,0,0.5,2
0.174425051,0.15058507,0.757161856,0,1,0,0,0,1,1.0,2
0.625697136,0.9005301,0.330528229,0,0,1,0,0,1,0.5,2
0.856974065,0.802863359,0.164341182,0,1,0,0,1,0,0.5,0
0.0927469805,0.763333917,0.502909541,0,1,0,0,0,1,0.0,2
0.747443676,0.0848917812,0.356801718,1,0,0,0,0,1,1.0,2
0.374252707,0.80901438,0.266462445,0,1,0,1,0,0,0.0,2
0.504601955,0.18105346,0.973421335,0,0,1,1,0,0,0.0,1
0.932416558,0.261266857,0.502153039,0,1,0,1,0,0,0.0,1
0.365372926,0.598278105,0.856477678,0,0,1,0,0,1,1.0,2
0.492070079,0.301731735,0.195317417,1,0,0,0,0,1,0.5,1
0.0629982948,0.678280771,0.939442754,1,0,0,1,0,0,1.0,2
0.127518788,0.62766695,0.794431448,0,1,0,1,0,0,0.5,2
0.295662016,0.152742118,0.808692157,0,0,1,1,0,0,1.0,1
0.0764596313,0.67321384,0.389764875,1,0,0,0,1,0,0.5,2
0.649806559,0.927757144,0.485636979,1,0,0,1,0,0,0.0,1
0.455078453,0.203054413,0.593354344,0,1,0,1,0,0,0.0,0
0.570737958,0.617208898,0.789765537,0,0,1,1,0,0,0.5,1
0.215914831,0.374772102,0.84905678,1,0,0,0,1,0,0.0,2
0.331135422,0.486631095,0.0780453086,1,0,0,0,1,0,1.0,2
0.680633247,0.322650164,0.90406239,0,0,1,0,0,1,1.0,1
0.967037559,0.386424094,0.937496662,0,1,0,1,0,0,1.0,1
0.0978959352,0.0774662346,0.592887402,0,1,0,1,0,0,0.5,0
0.895865083,0.982474148,0.186750621,1,0,0,0,0,1,0.5,2
0.598037124,0.643559933,0.818414807,1,0,0,1,0,0,1.0,1
0.585723579,0.52567029,0.54858762,0,1,0,0,0,1,0.5,1
0.525264621,0.414529592,0.817196429,0,1,0,1,0,0,1.0,1
0.115924381,0.562405825,0.81480813,1,0,0,1,0,0,0.0,2
0.13538301,0.411100686,0.0867293179,0,0,1,1,0,0,0.0,2
0.620866418,0.39191252,0.607021451,0,0,1,0,0,1,0.0,2
0.373910636,0.49074921,0.483144313,1,0,0,0,0,1,1.0,0
0.92140466,0.312183887,0.946119487,1,0,0,0,0,1,0.5,1
0.436260998,0.221047401,0.29664129,1,0,0,0,0,1,1.0,1
0.186117381,0.578775585,0.206000105,1,0,0,0,0,1,1.0,2
0.728982866,0.850627184,0.897086859,0,1,0,0,1,0,1.0,2
0.32868576,0.195186764,0.148715571,0,0,1,0,0,1,0.0,2
0.54919678,0.0810976252,0.686519444,0,0,1,1,0,0,0.0,0
0.71294117,0.284471154,0.300019801,0,0,1,0,1,0,0.0,2
0.905250907,0.980734587,0.567845762,0,1,0,0,1,0,1.0,0
0.802581608,0.837320149,0.616219461,1,0,0,0,1,0,0.5,0
0.69254303,0.616072774,0.417369276,0,0,1,0,1,0,0.5,2
0.695651531,0.932786465,0.974964976,0,0,1,0,0,1,0.5,1
0.948628426,0.473015159,0.131833166,0,1,0,1,0,0,0.5,0
0.331032902,0.984116554,0.391399086,1,0,0,0,0,1,0.5,0
0.0510564893,0.33148694,0.430395335,1,0,0,0,0,1,0.5,2
0.308356822,0.278290451,0.631046951,1,0,0,0,1,0,1.0,1
0.25699681,0.656145811,0.407259762,0,0,1,0,0,1,0.0,1
0.678742886,0.409246266,0.0970360115,0,1,0,0,1,0,0.5,0
0.652025998,0.645047247,0.947430015,0,0,1,0,0,1,0.0,1
0.613788307,0.33974573,0.416079074,0,1,0,0,1,0,1.0,1
0.0654312745,0.637022316,0.342673719,0,1,0,0,1,0,0.5,2
0.742339134,0.311958939,0.44672212,0,0,1,0,1,0,0.0,1
0.357353896,0.0984234661,0.21659568,0,1,0,0,1,0,1.0,0
0.681803167,0.916529119,0.100221686,0,1,0,0,0,1,1.0,1
0.578749478,0.88904494,0.14857848,0,1,0,0,0,1,0.5,1
0.375594378,0.97225827,0.166654825,1,0,0,1,0,0,0.0,1
0.17784746,0.730700791,0.19767344,1,0,0,1,0,0,0.5,2
0.139697954,0.698585093,0.419960201,1,0,0,0,1,0,0.5,1
0.839942396,0.581052899,0.623899281,1,0,0,1,0,0,0.5,1
0.922477663,0.169645295,0.628887832,0,0,1,1,0,0,0.5,0
0.667298615,0.229773551,9.75695584e-05,0,0,1,0,1,0,1.0,2
0.148262411,0.324996203,0.920957685,0,0,1,0,1,0,1.0,0
0.431925863,0.895648539,0.822847188,1,0,0,0,1,0,1.0,2
0.742492259,0.214321047,0.963938057,0,0,1,1,0,0,0.0,1
0.790829837,0.9267295,0.359986335,1,0,0,0,1,0,0.5,1
0.162307695,0.546646476,0.664799273,1,0,0,1,0,0,1.0,2
0.0500291847,0.729791164,0.168020755,0,1,0,0,1,0,1.0,0
0.726530194,0.154732257,0.817033052,0,1,0,0,1,0,1.0,1
0.388766378,0.305581868,0.161367729,1,0,0,0,0,1,1.0,0
0.291757256,0.960592687,0.3259857,0,1,0,0,0,1,1.0,1
0.062252596,0.302842438,0.490834862,0,1,0,0,1,0,0.0,2
0.563284457,0.331695646,0.594531655,0,1,0,0,0,1,0.0,1
0.858593225,0.237717509,0.559633017,0,1,0,0,0,1,0.0,0
0.959750056,0.172619984,0.102096014,0,0,1,0,0,1,0.5,2
0.587457716,0.271594763,0.42167601,0,1,0,0,0,1,0.0,0
0.538738251,0.66021055,0.92290926,1,0,0,1,0,0,0.0,1
0.13080357,0.482599348,0.872368515,0,1,0,0,0,1,0.5,0
0.571429133,0.576068044,0.590783536,0,1,0,0,1,0,0.0,0
0.410980135,0.166246593,0.572324574,0,0,1,0,0,1,0.0,2
0.626778543,0.812010646,0.11167518,0,0,1,0,1,0,0.0,1
0.419290036,0.794889987,0.200259447,0,0,1,1,0,0,1.0,1
0.278284162,0.0705104172,0.252639741,0,1,0,0,1,0,1.0,1
0.140217006,0.414339334,0.488195717,1,0,0,0,1,0,0.5,2
0.349172533,0.115332074,0.731356025,0,0,1,0,0,1,0.5,1
0.141812593,0.802500486,0.460725367,0,1,0,0,1,0,0.5,2
0.218052104,0.750406206,0.126061037,0,1,0,0,1,0,0.5,2
0.987969339,0.906888664,0.439348876,0,1,0,1,0,0,0.5,1
0.471898377,0.274583757,0.162633255,0,0,1,1,0,0,1.0,0
0.555278182,0.483481079,0.75114733,0,1,0,0,0,1,1.0,2
0.879937589,0.225263476,0.166500866,0,0,1,1,0,0,0.0,0
0.995790482,0.402673185,0.482533991,0,1,0,1,0,0,0.0,2
0.603578746,0.546131074,0.693413615,1,0,0,0,1,0,1.0,1
0.821850121,0.100664251,0.228198066,1,0,0,0,0,1,1.0,2
0.360593975,0.729126871,0.0760301054,0,1,0,0,0,1,0.0,0
0.340456754,0.566128671,0.563299477,0,0,1,0,1,0,0.0,1
0.43256852,0.837511063,0.0542026646,0,1,0,1,0,0,0.5,0
0.688881874,0.308191478,0.587768614,1,0,0,1,0,0,0.0,1
0.698082089,0.908155024,0.753498554,0,1,0,1,0,0,1.0,2
0.34947747,0.998759568,0.32931599,0,0,1,0,0,1,0.5,1
0.176549435,0.923333526,0.488349408,0,0,1,0,1,0,0.5,0
0.650776446,0.788997829,0.92876184,0,0,1,0,1,0,0.5,1
0.171909571,0.821750343,0.471108854,0,0,1,1,0,0,0.5,2
0.59956789,0.595057011,0.996554077,1,0,0,0,0,1,1.0,2
0.708751023,0.230646163,0.157002404,0,0,1,0,1,0,1.0,1
0.71558094,0.693188667,0.70893389,0,0,1,1,0,0,0.0,2
0.765798509,0.727115333,0.652618587,1,0,0,1,0,0,0.0,1
0.879216433,0.986115873,0.872304797,0,0,1,0,1,0,1.0,2
0.524961054,0.564236224,0.0924432129,1,0,0,0,1,0,1.0,0
0.743736744,0.307800561,0.280206591,0,0,1,0,1,0,0.0,2
0.638214111,0.699488878,0.13217923,0,0,1,0,0,1,1.0,2
0.227307945,0.980407,0.933095098,0,0,1,1,0,0,1.0,2
0.0744051635,0.218353212,0.426635325,0,0,1,0,1,0,0.5,0
0.320314318,0.359698027,0.91006583,0,1,0,0,0,1,1.0,1
0.470882028,0.564786911,0.29440698,0,1,0,0,0,1,0.5,0
0.636250675,0.211703897,0.126368105,0,0,1,0,1,0,1.0,1
0.857461393,0.0711096078,0.29653728,0,0,1,0,1,0,0.0,0
0.236433432,0.370133966,0.597174346,0,0,1,0,1,0,1.0,2
0.169272304,0.872102261,0.845232606,0,1,0,0,1,0,1.0,2
0.965305924,0.0912949815,0.385390699,0,0,1,0,0,1,0.0,1
0.152642325,0.457482606,0.914808631,1,0,0,0,1,0,0.0,1
0.504566491,0.774090707,0.244232059,0,1,0,1,0,0,0.0,0
0.606285572,0.955523491,0.693540692,0,1,0,1,0,0,1.0,1
0.564305723,0.986201644,0.735713363,0,1,0,0,1,0,0.0,0
0.131730556,0.450870901,0.273962915,0,0,1,0,1,0,1.0,2
0.104175568,0.952865064,0.026969878,1,0,0,0,0,1,0.0,0
0.150209263,0.083648026,0.365237355,0,1,0,1,0,0,1.0,2
0.606308281,0.758621097,0.0451961458,1,0,0,1,0,0,0.0,1
0.567127645,0.660608709,0.900753796,1,0,0,0,0,1,0.0,1
0.272053748,0.287045777,0.953525245,1,0,0,0,1,0,0.5,0
0.655885458,0.53195256,0.735379934,0,0,1,0,0,1,1.0,1
0.829064131,0.173076048,0.72668457,0,0,1,0,0,1,0.0,1
0.08950001,0.878017306,0.240892664,0,0,1,1,0,0,1.0,2
0.52322346,0.390003175,0.0739255771,0,1,0,0,0,1,0.0,0
0.704844892,0.64474225,0.802104652,0,1,0,1,0,0,1.0,0
0.289696336,0.200837478,0.559161961,1,0,0,1,0,0,1.0,1
0.342382371,0.245856598,0.681627512,0,1,0,0,0,1,1.0,2
0.632956028,0.992358565,0.779641092,0,0,1,0,0,1,0.5,1
0.903038502,0.76543206,0.409434259,0,0,1,0,1,0,1.0,0
0.819428205,0.963873267,0.144546583,0,0,1,1,0,0,0.0,2
0.603973687,0.331058621,0.795036793,0,0,1,0,0,1,0.5,0
0.743710637,0.20633474,0.453765631,1,0,0,1,0,0,1.0,1
0.396581352,0.527915061,0.826924205,0,1,0,0,0,1,0.0,2
0.658917248,0.519934893,0.437699139,0,0,1,0,0,1,1.0,0
0.492872506,0.216199189,0.217016414,1,0,0,0,1,0,0.5,1
0.230439335,0.746558607,0.171005011,0,1,0,0,1,0,0.0,2
0.71665138,0.393688649,0.743921757,1,0,0,0,1,0,0.0,1
0.578641415,0.227046967,0.574889123,0,0,1,0,0,1,0.0,2
0.390690506,0.365384221,0.404602915,0,0,1,0,1,0,0.5,1
0.915772259,0.585475743,0.492116749,0,0,1,1,0,0,0.0,0
0.0698874146,0.740147412,0.549638629,0,1,0,1,0,0,1.0,2
0.349984497,0.507796347,0.239416435,0,0,1,0,0,1,1.0,1
0.10403733,0.549315214,0.378165573,0,1,0,0,1,0,0.0,2
0.778200924,0.18199864,0.292411476,1,0,0,0,0,1,0.5,2
0.717002094,0.918956399,0.38842386,0,1,0,0,0,1,0.0,1
0.364784598,0.932287991,0.500562191,1,0,0,1,0,0,0.0,1
0.691879749,0.699255288,0.173357546,0,1,0,0,1,0,0.0,1
0.426140368,0.066749841,0.39351505,0,0,1,1,0,0,1.0,0
0.768441081,0.56022048,0.385494441,0,0,1,0,1,0,1.0,1
0.481474489,0.647758007,0.286003828,1,0,0,0,1,0,0.5,1
0.441665739,0.994921505,0.998496354,0,1,0,0,0,1,0.5,1
0.937993407,0.996263623,0.0736275092,0,1,0,0,1,0,0.5,2
0.288335145,0.864730656,0.642951131,1,0,0,0,1,0,1.0,0
0.164424971,0.110639445,0.174438611,0,1,0,0,0,1,1.0,2
0.605315983,0.9556126,0.839523971,0,1,0,1,0,0,1.0,1
0.970855713,0.632028162,0.914196551,1,0,0,1,0,0,1.0,1
0.408947259,0.810842454,0.401477993,1,0,0,1,0,0,0.5,1
0.108934924,0.436833203,0.82347846,1,0,0,0,1,0,1.0,1
0.372339994,0.353686005,0.249909446,0,1,0,0,1,0,0.5,0
0.530635059,0.490081936,0.140068501,1,0,0,0,0,1,1.0,0
0.20382686,0.18953079,0.315878272,1,0,0,0,0,1,0.0,2
0.675197124,0.389212817,0.341674,1,0,0,0,0,1,0.5,0
0.997861922,0.864736617,0.397357553,1,0,0,1,0,0,0.5,0
0.479152501,0.0860529616,0.372958928,0,0,1,0,1,0,1.0,1
0.386992127,0.193334147,0.411144465,0,0,1,0,0,1,0.5,1
0.43066895,0.168860346,0.710033357,0,0,1,0,1,0,0.0,2
0.15938887,0.432921767,0.245580137,1,0,0,0,0,1,0.5,2
0.88910991,0.997137547,0.0185755957,0,1,0,0,0,1,0.5,0
0.444084376,0.21469003,0.489680558,0,0,1,1,0,0,0.0,2
0.417910695,0.18820852,0.448291242,1,0,0,1,0,0,1.0,0
0.676705778,0.91930294,0.0600649901,0,0,1,0,1,0,1.0,0
0.469931751,0.887947977,0.133801401,0,0,1,0,1,0,0.0,2
0.665821791,0.0806283504,0.509920895,1,0,0,0,0,1,0.5,0
0.108373977,0.764120638,0.234750763,1,0,0,1,0,0,1.0,1
0.823037148,0.672692418,0.877598286,0,0,1,0,1,0,1.0,1
0.943478763,0.779353797,0.173292488,1,0,0,1,0,0,1.0,1
0.666327119,0.519777358,0.0201226324,0,0,1,0,1,0,0.0,2
0.956837654,0.991810262,0.447563767,0,0,1,0,1,0,0.0,2
0.193860695,0.0916546658,0.986163139,0,0,1,1,0,0,0.5,2
0.503545403,0.272653013,0.633872509,0,0,1,0,1,0,0.0,1
0.62171638,0.426718682,0.354029715,0,1,0,0,1,0,0.0,0
0.602649808,0.477289051,0.016868012,0,1,0,1,0,0,0.0,1
0.431388676,0.925299048,0.484948426,1,0,0,1,0,0,1.0,1
0.371180177,0.58200413,0.206466004,0,1,0,0,1,0,0.0,1
0.170482814,0.092855446,0.647754073,0,1,0,0,1,0,0.0,2
0.422155321,0.43746981,0.583008468,1,0,0,1,0,0,1.0,1
0.20452778,0.445665896,0.265213788,0,0,1,0,1,0,0.0,2
0.747647405,0.967216372,0.0688827336,0,1,0,0,1,0,0.0,1
0.248389393,0.619237244,0.755019188,0,1,0,0,1,0,1.0,2
0.105637044,0.653868496,0.58546412,0,1,0,0,0,1,0.5,2
0.57474786,0.727590382,0.84212625,0,1,0,1,0,0,0.0,1
0.615468264,0.781537354,0.259800017,0,0,1,0,0,1,0.5,2
0.878317416,0.653298497,0.652862072,1,0,0,0,0,1,0.5,2
0.598132551,0.275334626,0.118680499,0,1,0,0,0,1,0.5,0
0.378206819,0.880343616,0.291809916,0,1,0,0,0,1,1.0,1
0.812861264,0.745513797,0.656539083,0,1,0,0,1,0,0.5,2
0.563264966,0.754776955,0.825581312,0,1,0,0,0,1,1.0,2
0.125316277,0.996728897,0.320925504,1,0,0,0,0,1,0.0,2
0.587558031,0.812400222,0.798853576,0,0,1,1,0,0,0.5,1
0.912617624,0.83769381,0.677752435,1,0,0,0,1,0,0.5,2
0.426496983,0.953835249,0.348674774,0,1,0,0,1,0,0.5,2
0.331509501,0.193577304,0.876396954,0,1,0,1,0,0,0.0,0
0.186295986,0.522841036,0.509229064,1,0,0,0,1,0,0.0,2
0.193873242,0.601538658,0.648246825,0,0,1,0,1,0,1.0,2
0.461132914,0.362811953,0.495631337,0,0,1,1,0,0,1.0,0
0.615895808,0.84743315,0.452719957,0,0,1,0,1,0,1.0,1
0.126584634,0.774298668,0.847977698,0,0,1,0,0,1,1.0,2
0.942590177,0.734838903,0.294704407,1,0,0,0,0,1,1.0,2
0.767376959,0.997291982,0.0366292223,1,0,0,0,0,1,1.0,2
0.607292712,0.296412319,0.879782617,0,0,1,1,0,0,0.0,1
0.837016761,0.748684406,0.825023949,1,0,0,0,1,0,0.5,2
0.126177415,0.57383424,0.366560489,1,0,0,0,1,0,0.5,2
0.502996922,0.34733972,0.185451135,0,1,0,0,1,0,0.5,0
0.648588479,0.202557534,0.675533652,1,0,0,0,1,0,0.0,0
0.837220252,0.901089668,0.0787609071,1,0,0,1,0,0,0.0,1
0.794296086,0.615682721,0.423754752,0,0,1,0,1,0,1.0,1
0.313215792,0.833687127,0.0858623236,1,0,0,1,0,0,1.0,1
0.943836153,0.568077743,0.597909689,0,0,1,0,0,1,0.5,2
0.16812855,0.258978218,0.0272083841,0,1,0,1,0,0,0.5,2
0.881376922,0.370671362,0.629238367,0,1,0,0,1,0,0.0,1
0.972393215,0.412461907,0.673205554,1,0,0,1,0,0,0.0,1
0.218295842,0.974288046,0.48714447,1,0,0,0,1,0,0.5,2
0.735962749,0.055351615,0.175007328,0,0,1,1,0,0,0.0,2
0.0882712454,0.986382723,0.101393938,0,1,0,0,1,0,0.5,0
0.435151696,0.981438577,0.313292354,0,0,1,0,0,1,0.5,1
0.54046911,0.996343255,0.465206683,1,0,0,0,0,1,0.5,1
0.601612985,0.502758741,0.642208338,0,1,0,1,0,0,0.5,1
0.939140379,0.965618551,0.00125012756,1,0,0,0,0,1,0.5,2
0.688638151,0.425819218,0.711063921,0,1,0,0,1,0,0.5,0
0.507214069,0.074979715,0.71271193,0,0,1,0,0,1,0.5,1
0.819191277,0.26312983,0.444537818,1,0,0,0,0,1,1.0,2
0.953006208,0.948031425,0.343406439,1,0,0,0,0,1,0.0,2
0.0709628388,0.0630764589,0.842308581,0,1,0,0,0,1,0.0,2
0.983395219,0.568694413,0.784587502,0,0,1,0,1,0,0.5,1
0.131825536,0.121821508,0.983276069,0,1,0,0,0,1,0.0,2
0.823667467,0.322076738,0.371930808,0,1,0,0,0,1,1.0,2
0.316318005,0.133688211,0.906832576,0,1,0,1,0,0,0.0,1
0.175570682,0.866552174,0.0874018893,1,0,0,0,1,0,1.0,2
0.467862844,0.611517191,0.411466062,0,0,1,1,0,0,1.0,2
0.661758721,0.907001138,0.465374112,0,0,1,1,0,0,0.5,1
0.411904246,0.703935564,0.440874308,0,0,1,1,0,0,0.0,1
0.101837136,0.972477674,0.625098169,0,1,0,0,0,1,0.0,2
0.61948806,0.534383774,0.170207843,0,0,1,0,0,1,1.0,2
0.907283127,0.656775057,0.866452157,0,0,1,1,0,0,0.5,1
0.414054602,0.597493351,0.551764011,1,0,0,0,1,0,0.5,2
0.255516142,0.510047436,0.904209554,1,0,0,0,1,0,1.0,1
0.470448464,0.853661418,0.00263164402,1,0,0,1,0,0,0.0,1
0.095944576,0.662298858,0.629988134,0,1,0,0,1,0,0.5,2
0.829463184,0.811246634,0.412457854,1,0,0,1,0,0,1.0,1
0.835023761,0.797045767,0.505099058,0,0,1,0,0,1,0.5,1
0.608600438,0.231492907,0.743804514,1,0,0,0,0,1,1.0,1
0.385447741,0.667655349,0.227151752,0,1,0,0,0,1,0.5,1
0.809794188,0.239665613,0.20489943,1,0,0,0,1,0,0.5,2
0.576952696,0.604154468,0.703007817,0,0,1,1,0,0,0.5,1
0.834635675,0.693562925,0.521365762,1,0,0,0,1,0,0.5,0
0.649885833,0.997373343,0.233639091,1,0,0,0,1,0,1.0,1
0.795185208,0.0790148824,0.484018624,1,0,0,0,0,1,0.5,2
0.61863482,0.136680275,0.459558398,0,1,0,0,1,0,0.0,2
0.443434,0.12317536,0.691444457,0,1,0,1,0,0,0.0,1
0.960048556,0.428443223,0.00266110362,0,1,0,0,1,0,0.0,0
0.564058125,0.830508947,0.586760283,0,1,0,0,0,1,0.5,0
0.624835014,0.85185349,0.605678141,0,1,0,0,1,0,0.0,1
0.259463251,0.750130594,0.745510161,1,0,0,1,0,0,0.5,1
0.644368231,0.902034342,0.88923049,1,0,0,0,1,0,0.5,1
0.593027294,0.356716961,0.440189809,0,1,0,1,0,0,1.0,1
0.225596473,0.133746907,0.342520237,0,1,0,1,0,0,0.0,2
0.106607743,0.105245374,0.102320381,1,0,0,0,0,1,1.0,2
0.624141335,0.859526098,0.336835831,0,0,1,0,0,1,0.5,2
0.775507629,0.743914485,0.068484664,1,0,0,0,0,1,0.5,0
0.547231317,0.713684559,0.802820206,0,1,0,0,0,1,1.0,1
0.265433997,0.372692525,0.807006121,1,0,0,0,0,1,0.5,1
0.683195889,0.410909921,0.417237669,0,1,0,1,0,0,1.0,0
0.126100436,0.96020788,0.25964123,1,0,0,1,0,0,0.0,0
0.46974203,0.110614508,0.118020073,1,0,0,1,0,0,0.5,0
0.205198422,0.785045147,0.851237178,1,0,0,1,0,0,0.5,2
0.225236103,0.344151646,0.877495289,0,0,1,0,1,0,1.0,2
0.242179245,0.0871018842,0.266289622,1,0,0,1,0,0,0.5,0
0.41737169,0.755441606,0.621760547,1,0,0,0,0,1,0.0,1
0.0985926986,0.364366293,0.258653671,0,0,1,1,0,0,0.0,2
0.427903771,0.736040115,0.225126624,1,0,0,0,1,0,0.0,0
0.536122084,0.722271681,0.0212080497,0,0,1,0,1,0,0.5,1
0.509129584,0.558047533,0.577159405,0,0,1,0,0,1,1.0,1
0.41364491,0.788504481,0.149941549,0,0,1,0,1,0,0.0,1
0.847189307,0.601986408,0.0123711824,1,0,0,0,1,0,0.0,2
0.188060358,0.322305024,0.104851164,0,1,0,0,0,1,0.5,1
0.530411899,0.747409523,0.313769192,1,0,0,1,0,0,1.0,1
0.10893935,0.609682798,0.669163167,0,1,0,0,1,0,1.0,2
0.117597893,0.0620909184,0.202623054,0,1,0,0,1,0,0.0,2
0.595172584,0.906561971,0.887590587,0,0,1,1,0,0,1.0,1
0.587717533,0.568361461,0.288488418,0,0,1,0,0,1,0.0,1
0.884131849,0.87519592,0.331226289,0,0,1,0,1,0,0.5,2
0.579980016,0.888599992,0.217977181,0,0,1,0,1,0,0.0,2
0.961801469,0.472718328,0.253805339,1,0,0,0,0,1,0.5,1
0.0962601081,0.532276988,0.0741351172,1,0,0,0,1,0,0.0,2
0.143107295,0.444966674,0.294770569,0,1,0,1,0,0,0.5,0
0.0918625668,0.476964951,0.859617472,1,0,0,0,1,0,0.5,2
0.226013005,0.900389791,0.688424528,1,0,0,0,1,0,1.0,2
0.5642066,0.798736811,0.875268221,0,1,0,0,1,0,0.0,1
0.6632936,0.170199394,0.104859017,1,0,0,1,0,0,0.5,1
0.0933059007,0.629792392,0.455616623,1,0,0,1,0,0,0.0,0
0.948672354,0.996111333,0.229254872,0,0,1,0,1,0,0.5,0
0.850057125,0.615773141,0.721215606,0,0,1,1,0,0,0.0,1
0.331781864,0.79657805,0.970237851,0,1,0,0,1,0,1.0,1
0.123328157,0.780608416,0.815359473,0,0,1,0,0,1,0.0,2
0.211392716,0.382801652,0.0352781676,1,0,0,0,0,1,0.0,2
0.170597196,0.403256834,0.316659689,0,0,1,0,1,0,0.0,2
0.167119592,0.737872601,0.0285796896,0,0,1,0,0,1,0.0,2
0.542633593,0.52498436,0.0401669666,0,1,0,1,0,0,0.5,2
0.283555061,0.592042148,0.0795153007,1,0,0,0,1,0,1.0,0
0.390232742,0.72726053,0.276326925,0,1,0,0,1,0,0.5,1
0.99003005,0.788696289,0.304202765,1,0,0,0,1,0,0.0,2
0.700098515,0.307940751,0.400453508,1,0,0,0,1,0,0.0,2
0.951531649,0.189454079,0.404931098,1,0,0,0,1,0,0.5,2
0.185428724,0.327204913,0.771409035,0,0,1,0,0,1,0.0,1
0.413032502,0.532161415,0.141403243,0,1,0,1,0,0,1.0,1
0.576995194,0.375034243,0.157740623,1,0,0,0,0,1,0.0,2
0.122920156,0.589944601,0.62658906,0,0,1,1,0,0,1.0,2
0.0539780706,0.100792438,0.571742177,0,1,0,1,0,0,0.0,2
0.686912596,0.534262896,0.154004708,0,0,1,1,0,0,1.0,2
0.659728527,0.399585664,0.852264404,0,0,1,1,0,0,0.5,0
0.440249383,0.55793339,0.329059422,1,0,0,1,0,0,0.5,1
0.515161872,0.451406687,0.36696735,0,1,0,0,1,0,0.0,0
0.444670856,0.320014566,0.420460075,0,0,1,0,1,0,0.0,1
0.0728047937,0.908902526,0.322701871,0,0,1,0,1,0,0.5,2
0.368603021,0.225526735,0.557455063,0,0,1,0,1,0,1.0,0
0.218228146,0.697297275,0.388647735,0,0,1,0,0,1,0.5,2
0.14350298,0.928412497,0.25943473,1,0,0,0,0,1,0.0,2
0.958884418,0.561736465,0.904474854,1,0,0,0,1,0,0.5,1
0.619391739,0.882588089,0.308350742,0,1,0,0,1,0,0.5,2
0.742223442,0.168608904,0.698488951,0,0,1,1,0,0,0.0,1
0.349595547,0.519099355,0.347226769,1,0,0,1,0,0,0.0,2
0.423489779,0.484174013,0.435219973,0,1,0,1,0,0,0.0,2
0.27507779,0.0577128679,0.235943526,0,1,0,0,1,0,0.5,0
0.142117381,0.471094489,0.752329648,1,0,0,0,1,0,1.0,2
0.220080063,0.40057826,0.73720324,1,0,0,0,0,1,0.5,2
0.807638347,0.686308801,0.0222399458,0,0,1,1,0,0,1.0,2
0.693668544,0.941413283,0.0601940416,1,0,0,1,0,0,1.0,1
0.569582403,0.131501541,0.922376454,1,0,0,0,0,1,1.0,1
0.501335382,0.361102581,0.888826847,1,0,0,1,0,0,0.0,1
0.926312566,0.471861511,0.506087184,0,1,0,1,0,0,0.0,0
0.119098201,0.482426107,0.49335739,1,0,0,0,1,0,0.0,1
0.316570759,0.786069214,0.812424183,0,1,0,0,0,1,1.0,2
0.382440954,0.471225888,0.138450146,0,1,0,0,0,1,1.0,1
0.793304503,0.0758032352,0.6536991,1,0,0,1,0,0,1.0,1
0.992888868,0.724598885,0.475982994,0,1,0,0,0,1,0.5,0
0.278636992,0.890588224,0.743331015,0,0,1,1,0,0,1.0,1
0.880591989,0.538209498,0.0301027913,0,0,1,1,0,0,0.0,2
0.839091599,0.602053106,0.592725575,0,1,0,0,1,0,0.5,1
0.263424516,0.204789624,0.556728244,1,0,0,0,1,0,1.0,1
0.429365963,0.259613633,0.840848327,1,0,0,1,0,0,0.0,1
0.439189225,0.273411721,0.676836312,0,1,0,0,0,1,1.0,0
0.979309618,0.459204882,0.880160332,1,0,0,0,0,1,0.0,1
0.221847311,0.931737959,0.887273312,0,1,0,0,1,0,0.0,2
0.809200048,0.545695543,0.408163995,0,0,1,1,0,0,0.0,0
0.367483079,0.23249276,0.13743414,0,1,0,1,0,0,1.0,1
0.74432683,0.30278334,0.630283654,0,1,0,0,1,0,0.0,0
0.449010462,0.414814264,0.873746097,0,0,1,1,0,0,1.0,2
0.599441767,0.642096043,0.0749533474,0,0,1,0,1,0,0.0,2
0.840981185,0.468031496,0.557923257,0,1,0,1,0,0,1.0,0
0.813957274,0.422822595,0.114999525,0,0,1,0,0,1,0.5,0
0.873102009,0.586492181,0.0269959923,0,0,1,0,1,0,0.0,1
0.106636457,0.279743254,0.679635346,1,0,0,1,0,0,1.0,2
0.707448006,0.124958105,0.681849599,0,0,1,1,0,0,1.0,1
0.182988003,0.0731936023,0.600658059,0,0,1,0,1,0,1.0,2
0.445027649,0.2886962,0.859222829,0,1,0,1,0,0,0.0,0
0.571159005,0.137012437,0.0808764398,0,0,1,1,0,0,0.5,0
0.432602525,0.369523615,0.10526026,0,1,0,1,0,0,0.0,1
0.543631077,0.784286857,0.864535451,1,0,0,0,1,0,0.0,0
0.996699989,0.730479598,0.503276706,0,1,0,0,0,1,0.5,2
0.178456455,0.630381227,0.273052812,0,1,0,1,0,0,0.5,0
0.691683233,0.859875202,0.738156974,1,0,0,0,1,0,0.5,0
0.426200926,0.317964256,0.894403696,1,0,0,0,1,0,0.0,0
0.176359311,0.890801072,0.689603269,0,0,1,1,0,0,0.5,2
0.200799927,0.429277211,0.791932583,0,1,0,0,1,0,0.5,2
0.951809466,0.430848658,0.282497227,0,1,0,1,0,0,0.5,1
0.885621428,0.435084045,0.288775355,0,1,0,0,1,0,0.0,0
0.911689878,0.143189654,0.864123881,1,0,0,0,0,1,0.5,1
0.991956115,0.976715982,0.614862859,0,1,0,0,0,1,0.0,0
0.247899622,0.181581438,0.234162748,0,0,1,0,0,1,0.5,0
0.387667358,0.373841435,0.524161816,1,0,0,0,0,1,0.5,2
0.685758054,0.353335291,0.685860455,0,1,0,0,0,1,1.0,0
0.509612441,0.120945461,0.218549088,1,0,0,0,0,1,1.0,2
0.447470069,0.194647118,0.654906392,1,0,0,0,0,1,0.0,0
0.389920682,0.0926154181,0.0421448499,1,0,0,1,0,0,1.0,1
0.614091575,0.32778427,0.303691626,0,1,0,1,0,0,1.0,0
0.596813738,0.873324096,0.673971832,0,1,0,1,0,0,1.0,2
0.203384936,0.372470081,0.149349064,0,0,1,0,1,0,0.0,1
0.498152852,0.167507246,0.222199038,1,0,0,0,1,0,0.5,0
0.575798213,0.663409173,0.879093289,0,1,0,0,0,1,0.0,2
0.591772616,0.996770859,0.674321115,0,1,0,0,0,1,1.0,1
0.249601826,0.270707607,0.498918712,0,0,1,0,1,0,0.0,2
0.755157828,0.315592468,0.210893393,0,1,0,0,0,1,0.0,0
0.0739391372,0.973254681,0.341409653,0,1,0,0,1,0,0.0,2
0.387090266,0.219837472,0.574330509,0,1,0,0,0,1,0.5,0
0.791202009,0.535653353,0.155312598,1,0,0,0,0,1,0.5,0
0.585698247,0.277669519,0.481744081,0,0,1,0,0,1,1.0,0
0.298104316,0.935734332,0.408974379,0,0,1,0,1,0,0.5,2
0.710205436,0.982444942,0.476687342,0,0,1,0,0,1,1.0,2
0.589021385,0.823962927,0.105560824,0,1,0,0,1,0,0.5,0
0.806431413,0.349044621,0.106497087,0,1,0,0,0,1,1.0,2
0.748273909,0.433313102,0.96411097,0,1,0,1,0,0,0.0,1
0.629602551,0.280190408,0.979367733,1,0,0,1,0,0,1.0,1
0.513768792,0.896220088,0.426164657,1,0,0,0,1,0,0.5,0
0.176523015,0.918830335,0.788995445,0,0,1,1,0,0,1.0,2
0.298266381,0.447927117,0.655791402,1,0,0,1,0,0,0.5,1
0.448144495,0.673706412,0.116916858,1,0,0,0,0,1,0.0,1
0.61933434,0.207275525,0.296678662,0,1,0,0,0,1,0.0,1
0.538022459,0.463189095,0.313651413,0,1,0,0,0,1,0.5,0
0.323775291,0.649924159,0.595774412,0,0,1,0,1,0,1.0,1
0.0561411381,0.416132957,0.579976737,0,1,0,0,0,1,0.0,1
0.521427274,0.389719546,0.923508704,0,1,0,0,0,1,1.0,1
0.321344703,0.0509490408,0.790036321,1,0,0,0,1,0,0.0,1
0.747877896,0.814078808,0.856847644,0,0,1,0,0,1,0.0,1
0.0727489516,0.894870758,0.891228616,1,0,0,1,0,0,1.0,0
0.60558641,0.97099036,0.801276684,0,0,1,0,0,1,0.5,1
0.944400549,0.733307838,0.332881272,0,0,1,0,1,0,0.5,0
0.21568881,0.57135272,0.215012968,0,1,0,0,1,0,0.5,2
0.498067021,0.305820286,0.57176733,1,0,0,1,0,0,0.5,1
0.136850893,0.999334514,0.689568341,1,0,0,0,0,1,1.0,2
0.644397795,0.610265195,0.38656798,0,1,0,1,0,0,1.0,1
0.57300508,0.697096348,0.848338664,0,0,1,0,0,1,0.0,1
0.436997235,0.698285878,0.96056658,0,0,1,0,1,0,0.0,1
0.545308173,0.852989197,0.569395721,0,0,1,0,1,0,0.0,2
0.901745915,0.0591889136,0.456592053,0,0,1,1,0,0,1.0,0
0.23647958,0.259234607,0.842887104,0,1,0,0,1,0,0.0,2
0.071436286,0.682257295,0.0242695473,0,0,1,0,1,0,1.0,2
0.868581653,0.900388479,0.129012614,1,0,0,0,0,1,1.0,1
0.598261237,0.701071858,0.845657647,0,0,1,1,0,0,1.0,2
0.896125555,0.442816734,0.732028604,0,0,1,1,0,0,0.0,1
0.617097974,0.393477708,0.416136712,0,0,1,0,0,1,0.5,1
0.819653034,0.751050591,0.888851881,0,1,0,0,0,1,1.0,1
0.458189696,0.754175842,0.351458281,0,0,1,1,0,0,0.0,0
0.762366951,0.62670511,0.633845329,0,1,0,0,1,0,0.0,0
0.917389393,0.326893687,0.634334445,1,0,0,1,0,0,0.5,1
0.593516827,0.928897083,0.184331894,0,0,1,0,0,1,1.0,0
0.221745893,0.574285924,0.28485173,0,0,1,1,0,0,1.0,2
0.305357724,0.800967753,0.916006923,1,0,0,0,1,0,0.0,1
0.238712355,0.253592849,0.183414847,0,0,1,1,0,0,1.0,2
0.284514189,0.376838744,0.173574626,0,0,1,1,0,0,0.5,0
0.341094673,0.880850554,0.47961548,0,1,0,0,1,0,1.0,2
0.577377081,0.0976016819,0.0921973661,0,1,0,0,1,0,0.0,2
0.608592033,0.536699533,0.8946262,1,0,0,0,1,0,1.0,1
0.455174774,0.507620215,0.10014914,0,1,0,0,1,0,1.0,1
0.634649754,0.763668656,0.616557479,0,1,0,0,0,1,1.0,1
0.127496183,0.317799091,0.339781851,1,0,0,1,0,0,1.0,1
0.133398831,0.258113474,0.80427289,1,0,0,1,0,0,0.0,1
0.213237986,0.9298262,0.589810729,0,0,1,1,0,0,0.0,2
0.542173624,0.593124151,0.388306141,0,0,1,1,0,0,1.0,1
0.253294945,0.149455085,0.98387301,0,0,1,1,0,0,0.0,2
0.319120169,0.233384356,0.06623099,0,0,1,0,0,1,0.0,1
0.430297196,0.998884737,0.577786326,0,1,0,0,0,1,0.0,1
0.82127279,0.235828549,0.989568293,0,1,0,1,0,0,1.0,1
0.0631690323,0.629951715,0.690952659,1,0,0,1,0,0,1.0,2
0.666909873,0.449121684,0.739769638,1,0,0,1,0,0,1.0,0
0.685432732,0.891319156,0.0320911445,0,1,0,0,0,1,1.0,0
0.808722973,0.767410159,0.0213631634,0,0,1,1,0,0,0.5,2
0.936115265,0.617103815,0.0361101106,0,0,1,0,1,0,1.0,0
0.0691309571,0.0602020323,0.991723895,0,0,1,0,0,1,1.0,2
0.196094513,0.885805428,0.979519784,0,0,1,0,1,0,1.0,2
0.89186275,0.472434103,0.334508926,1,0,0,0,1,0,0.5,1
0.485592633,0.934998751,0.290981829,0,1,0,0,1,0,1.0,1
0.58636111,0.520762086,0.145958751,1,0,0,0,0,1,0.5,1
0.679875851,0.709513247,0.329140306,0,1,0,0,1,0,0.5,2
0.695113301,0.115828015,0.37014994,0,0,1,1,0,0,1.0,2
0.935153365,0.757894099,0.74828279,1,0,0,1,0,0,1.0,1
0.997101963,0.371096224,0.86629355,0,1,0,0,1,0,0.5,0
0.734149575,0.383791059,0.746735096,0,1,0,0,0,1,0.0,1
0.322860152,0.16272305,0.646475077,0,1,0,1,0,0,0.5,2
0.885764778,0.189514294,0.765900075,0,1,0,0,0,1,0.5,1
0.0967598706,0.226471096,0.738497496,0,0,1,1,0,0,1.0,0
0.269526809,0.361795872,0.475749701,0,0,1,0,0,1,1.0,2
0.902516425,0.897371411,0.335851401,0,1,0,1,0,0,0.0,0
0.293381929,0.399847239,0.282780707,0,1,0,0,1,0,0.5,0
0.259618521,0.738144577,0.679355443,0,1,0,0,1,0,0.5,1
0.181219026,0.128610134,0.959304154,0,0,1,0,1,0,0.0,0
0.866156161,0.611543834,0.581054747,1,0,0,0,0,1,0.0,1
0.525055349,0.507796645,0.912526488,0,1,0,0,1,0,0.5,1
0.69114852,0.979060054,0.0142293712,1,0,0,0,0,1,0.5,2
0.27711305,0.853897393,0.794470668,0,0,1,1,0,0,0.0,1
0.770138383,0.482088298,0.853602648,0,0,1,1,0,0,1.0,1
0.77200526,0.786385655,0.630993843,0,0,1,0,0,1,0.5,2
0.346968114,0.2333868,0.934060991,0,0,1,0,1,0,0.5,1
0.440148503,0.584219515,0.589913011,0,0,1,0,0,1,0.5,2
0.249205768,0.120888099,0.240536898,1,0,0,0,0,1,0.5,2
0.977732956,0.380684584,0.215717226,1,0,0,0,0,1,0.0,0
0.663322449,0.264569074,0.55583626,1,0,0,1,0,0,0.0,1
0.937816679,0.732964337,0.906483948,1,0,0,1,0,0,0.0,1
0.338216275,0.515586138,0.0723679438,0,1,0,1,0,0,0.0,2
0.792796373,0.763516963,0.604390502,0,0,1,0,1,0,0.0,2
0.777565718,0.539530694,0.769803464,1,0,0,1,0,0,1.0,0
0.707072854,0.132160217,0.115402073,1,0,0,1,0,0,1.0,1
0.967357039,0.748599291,0.116769694,0,1,0,0,0,1,1.0,1
0.423877567,0.841567814,0.366127998,0,1,0,0,1,0,1.0,2
0.174181461,0.90835464,0.273881167,0,0,1,0,0,1,0.0,0
0.688123405,0.593392372,0.19831416,0,0,1,0,0,1,0.0,0
0.742844284,0.765906096,0.19869417,0,1,0,0,0,1,1.0,1
0.596307516,0.764442146,0.130669028,0,1,0,0,0,1,0.0,1
0.246476993,0.197962269,0.61085403,0,1,0,1,0,0,0.0,0
0.529233158,0.206009656,0.68812561,0,0,1,0,1,0,0.5,1
0.346580237,0.117341228,0.702936232,0,1,0,1,0,0,0.5,1
0.456093192,0.353917956,0.532353997,1,0,0,0,0,1,1.0,1
0.662957668,0.499833167,0.952906251,0,0,1,1,0,0,0.0,1
0.757954001,0.998002946,0.880532801,0,0,1,0,1,0,0.5,2
0.270613462,0.459443688,0.957631171,1,0,0,1,0,0,0.0,1
0.4350591,0.739930451,0.388795465,1,0,0,1,0,0,0.5,2
0.305703491,0.708727181,0.877783179,0,0,1,0,1,0,1.0,1
0.238700032,0.244257852,0.762874722,0,0,1,0,0,1,0.0,2
0.794217885,0.10558179,0.339972913,0,1,0,0,0,1,0.0,1
0.913790047,0.568706393,0.106593259,0,1,0,0,0,1,0.5,0
0.401720583,0.715290308,0.682621241,1,0,0,0,1,0,1.0,0
0.763714969,0.998339176,0.136452317,1,0,0,1,0,0,0.5,2
0.902145505,0.390680492,0.293775797,1,0,0,0,0,1,1.0,1
0.853817999,0.901546359,0.500364602,1,0,0,0,1,0,1.0,0
0.223672718,0.412835836,0.679882526,0,1,0,0,1,0,1.0,2
0.958477259,0.704941094,0.926227629,0,0,1,0,1,0,0.0,1
0.407842606,0.618340313,0.593240023,0,1,0,0,0,1,0.5,0
0.372278631,0.100329854,0.671413124,1,0,0,0,1,0,0.0,2
0.109309763,0.124469005,0.31001386,0,1,0,0,0,1,0.0,2
0.51186496,0.069725886,0.687292635,1,0,0,1,0,0,0.0,2
0.153562933,0.402292371,0.437790126,0,1,0,0,1,0,1.0,2
0.286112815,0.758511007,0.85693121,0,0,1,0,1,0,1.0,1
0.351095498,0.214117631,0.392450511,1,0,0,0,0,1,1.0,0
0.818385005,0.625560343,0.46827203,0,1,0,0,0,1,1.0,2
0.881714225,0.324386388,0.432587743,1,0,0,0,0,1,1.0,2
0.337343007,0.807142973,0.811122835,0,0,1,1,0,0,1.0,1
0.865763187,0.808476329,0.953699172,1,0,0,0,0,1,0.0,1
0.864369392,0.786643803,0.327276289,0,0,1,0,1,0,1.0,2
0.776418388,0.548591852,0.475027889,0,1,0,1,0,0,0.5,0
0.189360365,0.320338368,0.705926239,0,0,1,0,0,1,1.0,0
0.705806732,0.818971813,0.895381629,1,0,0,0,0,1,0.0,2
0.947772861,0.226795539,0.493700683,0,1,0,0,1,0,0.5,2
0.698413432,0.325271636,0.108893506,1,0,0,0,1,0,0.0,0
0.365036011,0.224750325,0.368671387,1,0,0,0,0,1,0.0,2
0.525550365,0.690499663,0.550361872,0,1,0,1,0,0,0.5,2
0.663438797,0.701924205,0.417524606,0,0,1,0,0,1,1.0,0
0.535041869,0.669884503,0.186555728,0,0,1,1,0,0,0.0,0
0.163955301,0.444821388,0.0369894952,0,1,0,0,1,0,0.0,0
0.346460849,0.145162463,0.687408686,0,1,0,0,1,0,0.5,0
0.812276244,0.915611088,0.992737174,1,0,0,1,0,0,1.0,1
0.868347168,0.532344401,0.919206619,1,0,0,1,0,0,0.5,1
0.180435032,0.436623573,0.683270931,0,1,0,0,1,0,0.5,2
0.954767406,0.609383643,0.841529787,0,1,0,1,0,0,0.0,1
0.362381488,0.233150914,0.255727619,1,0,0,0,1,0,1.0,2
0.679198027,0.175921336,0.622434437,1,0,0,0,0,1,0.0,2
0.764233887,0.435248971,0.0606042147,0,0,1,1,0,0,1.0,1
0.821348906,0.265859663,0.707183957,0,1,0,1,0,0,0.5,1
0.948462188,0.282075793,0.969872355,1,0,0,0,1,0,1.0,1
0.347273558,0.897885919,0.860797286,0,0,1,1,0,0,0.0,1
0.865581155,0.554221213,0.534440875,1,0,0,1,0,0,1.0,0
0.175102562,0.509295583,0.788740218,0,1,0,0,0,1,1.0,0
0.719788849,0.705005586,0.943898797,0,0,1,0,1,0,0.0,2
0.754878819,0.95397073,0.216017574,1,0,0,1,0,0,0.0,0
0.693837106,0.156588629,0.793258488,0,1,0,0,0,1,0.0,1
0.289698988,0.841857851,0.269846946,0,1,0,0,0,1,0.5,1
0.879391015,0.604818225,0.876947403,0,1,0,0,0,1,0.0,1
0.210415542,0.188857093,0.0983545035,0,1,0,1,0,0,0.5,2
0.10095305,0.332291842,0.178218424,0,0,1,0,1,0,1.0,0
0.731591761,0.508243322,0.72061646,1,0,0,0,0,1,1.0,0
0.501701951,0.706618309,0.174777508,1,0,0,1,0,0,0.0,2
0.85664314,0.28047666,0.158054307,0,1,0,0,1,0,0.5,0
0.414227277,0.558134854,0.55546689,1,0,0,0,1,0,0.5,1
0.209864661,0.700438023,0.834987223,0,1,0,0,0,1,0.5,1
0.844620109,0.476303726,0.268467426,1,0,0,1,0,0,0.0,1
0.571464121,0.869874656,0.841138184,1,0,0,0,0,1,0.0,1
0.229736,0.875986159,0.807953417,1,0,0,0,1,0,0.5,2
0.734364808,0.49715665,0.579105377,0,0,1,1,0,0,1.0,2
0.535557985,0.974279404,0.646562755,0,1,0,0,0,1,1.0,2
0.624097347,0.121805839,0.0404411852,0,0,1,0,1,0,0.0,0
0.487853408,0.0531942584,0.367135555,1,0,0,1,0,0,0.0,2
0.837273538,0.411634862,0.263394922,0,0,1,1,0,0,0.5,2
0.838084579,0.621042192,0.150003865,0,0,1,0,0,1,0.5,0
0.723919392,0.647740126,0.389659315,0,0,1,0,0,1,0.5,0
0.150131315,0.502623439,0.354904205,1,0,0,0,1,0,1.0,2
0.846911192,0.168639153,0.728891671,0,0,1,0,0,1,0.5,1
0.68746233,0.211972639,0.598096311,1,0,0,1,0,0,0.5,1
0.712172985,0.859540582,0.913100064,0,1,0,0,0,1,0.0,1
0.394833684,0.874515593,0.145407587,1,0,0,1,0,0,0.0,1
0.885315597,0.690203607,0.0597486049,1,0,0,0,1,0,0.5,0
0.739103019,0.681007087,0.534607768,1,0,0,0,0,1,0.0,2
0.156960949,0.61779803,0.00102713855,0,1,0,1,0,0,0.5,2
0.437389135,0.242779598,0.787718952,0,1,0,0,1,0,0.5,2
0.892061353,0.456838161,0.505972862,1,0,0,1,0,0,0.5,1
0.0948368683,0.711099923,0.488065571,1,0,0,0,1,0,0.0,2
0.963345766,0.560389638,0.362495989,0,1,0,0,0,1,0.5,1
0.695204437,0.0676513165,0.374973834,0,1,0,0,1,0,0.0,1
0.649807155,0.955878973,0.431133687,1,0,0,1,0,0,1.0,1
0.307031304,0.852575243,0.0160323437,0,1,0,1,0,0,1.0,0
0.286352187,0.297517776,0.0835457891,1,0,0,0,1,0,0.0,2
0.944955289,0.635635972,0.505048037,1,0,0,0,0,1,1.0,2
0.333358824,0.927077413,0.15012227,1,0,0,1,0,0,1.0,1
0.786730051,0.141210467,0.778762579,0,1,0,0,0,1,1.0,1
0.423465699,0.527877986,0.274485171,0,1,0,0,1,0,0.5,0
0.182291374,0.483430862,0.0978996381,0,1,0,0,1,0,1.0,2
0.0601795316,0.439694762,0.235209927,1,0,0,1,0,0,0.5,2
0.567044497,0.843809187,0.357098222,1,0,0,1,0,0,0.0,1
0.976989865,0.411613852,0.0353166088,0,0,1,0,0,1,0.0,0
0.40067938,0.110480167,0.141675517,1,0,0,0,1,0,1.0,0
0.389332712,0.112545855,0.323846757,1,0,0,0,0,1,0.5,1
0.376887023,0.0906073749,0.310480475,0,0,1,0,0,1,0.0,2
0.544516623,0.438688159,0.800386667,1,0,0,0,0,1,0.0,1
0.468631625,0.73248595,0.84325546,1,0,0,0,1,0,0.5,1
0.885918915,0.243536338,0.193418592,0,1,0,0,1,0,1.0,1
0.530244768,0.664145112,0.123939887,0,0,1,0,0,1,0.0,1
0.532369971,0.702734053,0.634162486,0,1,0,0,0,1,1.0,1
0.181453019,0.292442024,0.804623544,0,0,1,0,0,1,1.0,2
0.983602583,0.620529771,0.963723123,1,0,0,0,1,0,0.5,2
0.287474245,0.700624943,0.00679628458,0,0,1,0,1,0,1.0,0
0.119695865,0.493282944,0.41367811,0,1,0,0,1,0,0.0,0
0.679988921,0.369880766,0.733987808,1,0,0,0,0,1,0.5,2
0.615598023,0.638193965,0.828559279,0,1,0,0,1,0,1.0,1
0.44438836,0.978954732,0.0622859485,0,0,1,0,0,1,0.5,0
0.451082617,0.455499351,0.680614531,0,0,1,1,0,0,0.5,0
0.795810699,0.422148347,0.288938731,0,0,1,0,0,1,0.5,0
0.235927016,0.491053551,0.0745969564,0,1,0,0,1,0,1.0,2
0.82924068,0.122407474,0.489102572,1,0,0,1,0,0,0.5,1
0.666309774,0.575505137,0.15815334,1,0,0,1,0,0,1.0,0
0.448021293,0.362262517,0.737007499,0,1,0,1,0,0,0.5,2
0.485127181,0.165351018,0.74126178,0,1,0,1,0,0,1.0,1
0.293814838,0.492943913,0.842067778,0,1,0,0,0,1,0.5,1
0.764508605,0.0532147884,0.377568692,1,0,0,0,0,1,1.0,1
0.537231028,0.431695998,0.0133097973,0,0,1,0,1,0,0.0,0
0.354811817,0.150448501,0.259735942,0,1,0,0,1,0,0.0,1
0.616247594,0.0730780661,0.467811704,0,1,0,0,1,0,0.5,0
0.995947719,0.833251297,0.694011271,0,0,1,0,1,0,0.0,1
0.463499159,0.920436382,0.38204059,1,0,0,1,0,0,1.0,1
0.924656808,0.247290909,0.536048412,0,1,0,0,1,0,0.0,1
0.377765983,0.562333345,0.524263561,0,1,0,0,1,0,1.0,1
0.101996072,0.314060241,0.164982349,0,1,0,0,0,1,1.0,1
0.244029999,0.518898547,0.623049498,0,0,1,1,0,0,0.0,2
0.447760373,0.464799762,0.439251721,0,0,1,0,1,0,0.0,0
0.258653194,0.305598497,0.807918727,0,0,1,1,0,0,1.0,1
0.0502156876,0.715373874,0.690611184,0,0,1,0,1,0,0.0,2
0.919251442,0.170166418,0.111469187,1,0,0,1,0,0,0.0,1
0.851685464,0.100419141,0.488758415,0,0,1,1,0,0,0.5,0
0.755177617,0.779291689,0.702494383,0,1,0,0,0,1,1.0,2
0.20942387,0.682633519,0.0870117247,0,1,0,0,1,0,0.5,2
0.164345399,0.523599803,0.792497039,0,1,0,0,1,0,1.0,2
0.114224508,0.494400293,0.222004518,0,1,0,1,0,0,0.0,2
0.737827718,0.522540808,0.503084779,1,0,0,0,1,0,1.0,1
0.932367563,0.465172887,0.940561295,1,0,0,0,0,1,0.0,1
0.459009022,0.423247695,0.571334243,1,0,0,1,0,0,0.5,1
0.163183644,0.524706066,0.424054444,1,0,0,1,0,0,1.0,0
0.536773205,0.552089393,0.00679492718,1,0,0,0,0,1,0.5,0
0.381390303,0.70730722,0.133413628,1,0,0,0,1,0,1.0,1
0.406083673,0.725646794,0.578663886,0,0,1,1,0,0,0.5,2
0.640264094,0.408747613,0.493825048,1,0,0,1,0,0,0.0,0
0.732782185,0.442863494,0.363829166,1,0,0,0,1,0,1.0,1
0.155073419,0.40501231,0.923215866,0,1,0,0,1,0,0.5,2
0.0838107169,0.559709013,0.332482547,0,1,0,0,0,1,0.0,2
0.994613767,0.48068586,0.537150741,1,0,0,1,0,0,0.0,1
0.271091938,0.895116627,0.568713427,0,0,1,0,0,1,1.0,1
0.101139002,0.711543202,0.527468383,0,0,1,0,1,0,1.0,2
0.230381563,0.903723538,0.477585405,0,0,1,0,1,0,1.0,2
0.0870099515,0.723680139,0.33706373,0,0,1,0,1,0,0.5,1
0.422220349,0.972442567,0.908763647,1,0,0,0,0,1,0.0,1
0.812281668,0.653949916,0.45080325,0,0,1,0,0,1,0.0,1
0.374182224,0.965372622,0.52844888,1,0,0,0,1,0,1.0,0
0.471974224,0.200261399,0.656477988,1,0,0,0,0,1,0.0,2
0.691807449,0.0998537987,0.0676560402,1,0,0,1,0,0,0.0,1
0.533449352,0.600168943,0.781288147,1,0,0,0,0,1,1.0,1
0.868373394,0.984318554,0.512507319,1,0,0,0,0,1,0.0,2
0.872733891,0.446724981,0.657176912,0,1,0,1,0,0,0.0,1
0.0594151616,0.251441181,0.772012055,1,0,0,0,0,1,1.0,0
0.78914398,0.545464396,0.874099374,1,0,0,0,0,1,0.5,2
0.487696916,0.666358709,0.392220408,1,0,0,1,0,0,1.0,1
0.989398539,0.349419773,0.811429918,0,1,0,0,0,1,0.0,2
0.509070456,0.729030907,0.258836895,0,1,0,0,0,1,1.0,2
0.987551153,0.976358771,0.66033566,1,0,0,0,0,1,1.0,0
0.766840875,0.902114987,0.102707304,0,0,1,0,0,1,0.0,2
0.286174655,0.327006102,0.0200304668,1,0,0,1,0,0,0.0,0
0.561475217,0.360387504,0.0957631245,0,0,1,1,0,0,0.5,0
0.992528856,0.402964175,0.319382489,0,0,1,0,0,1,0.5,0
0.864654064,0.424825132,0.0310946144,1,0,0,0,0,1,0.0,0
0.142498553,0.145303518,0.630491257,0,0,1,1,0,0,0.5,2
0.721053421,0.773864686,0.316544533,0,1,0,1,0,0,0.5,2
0.378300607,0.397072315,0.736376047,1,0,0,0,1,0,1.0,1
0.0566331483,0.885828972,0.045915138,0,1,0,1,0,0,1.0,2
0.433306932,0.93059361,0.216701567,0,1,0,0,0,1,0.5,2
0.273016691,0.0732097402,0.40800342,1,0,0,1,0,0,1.0,1
0.827925801,0.989077926,0.382651567,1,0,0,0,0,1,1.0,0
0.370464087,0.724521577,0.130998671,1,0,0,1,0,0,0.0,0
0.836147487,0.544372618,0.99413681,0,1,0,1,0,0,0.5,1
0.0505680405,0.420051217,0.284439594,1,0,0,1,0,0,0.5,2
0.342428207,0.542592227,0.721032083,0,1,0,0,0,1,0.0,2
0.279106945,0.35839349,0.220026702,0,0,1,1,0,0,0.0,1
0.271889001,0.641553402,0.877851188,1,0,0,1,0,0,0.0,1
0.114777289,0.138331264,0.387758315,0,1,0,0,1,0,1.0,2
0.227768064,0.640066445,0.90090251,1,0,0,0,1,0,0.0,2
0.577772081,0.311577618,0.341834933,0,1,0,1,0,0,0.0,2
0.326793015,0.0667530894,0.00864382181,0,1,0,1,0,0,0.0,1
0.446525037,0.5750705,0.517020404,0,0,1,0,0,1,0.0,0
0.408023536,0.599525392,0.524787962,1,0,0,0,0,1,1.0,2
0.882109702,0.455240548,0.119834185,0,1,0,0,1,0,0.5,2
0.91003406,0.118671924,0.234963566,1,0,0,0,0,1,0.0,1
0.518309116,0.898675799,0.783495605,0,1,0,1,0,0,0.0,1
0.363648146,0.630859256,0.0367558263,0,0,1,0,1,0,0.5,2
0.151460662,0.159927636,0.489526689,0,1,0,0,0,1,0.5,2
0.955732763,0.535384059,0.530408144,0,1,0,0,0,1,0.0,2
0.107215598,0.522391617,0.68871206,1,0,0,1,0,0,0.0,2
0.332767755,0.107381776,0.0374562666,0,0,1,0,0,1,0.5,0
0.333162904,0.6265167,0.585646331,0,1,0,0,0,1,0.0,2
0.354381233,0.817910075,0.00309803663,1,0,0,0,1,0,1.0,2
0.206072494,0.761557639,0.265178353,0,1,0,0,0,1,0.0,1
0.794003367,0.242820948,0.499684244,1,0,0,1,0,0,0.0,1
0.16637297,0.869177878,0.911281347,0,0,1,0,0,1,1.0,2
0.653161347,0.375415057,0.12658982,0,0,1,1,0,0,0.5,0
0.167653725,0.949182987,0.169289127,1,0,0,1,0,0,0.5,2
0.117008857,0.118160568,0.669250071,0,0,1,0,1,0,0.5,2
0.913958013,0.511898279,0.374861687,1,0,0,0,0,1,0.0,1
0.230622321,0.617268145,0.623421431,1,0,0,1,0,0,0.5,1
0.830187619,0.285267591,0.997454166,0,0,1,1,0,0,1.0,1
0.567399323,0.782811165,0.98687166,0,0,1,1,0,0,1.0,1
0.123963691,0.645550907,0.353713572,1,0,0,1,0,0,0.0,2
0.957675755,0.0672039688,0.503925383,1,0,0,0,1,0,0.5,0
0.284613103,0.627950132,0.904690146,0,0,1,1,0,0,0.5,1
0.866663098,0.516904294,0.0921676606,0,0,1,1,0,0,1.0,0
0.210369512,0.236227736,0.452303916,1,0,0,0,1,0,0.5,2
0.861245751,0.995960832,0.377577335,1,0,0,0,1,0,1.0,1
0.0625673756,0.902304113,0.294882774,1,0,0,0,1,0,0.0,2
0.536191463,0.32788232,0.994204223,0,0,1,1,0,0,1.0,1
0.780970454,0.564017355,0.733549297,0,1,0,1,0,0,0.5,1
0.938055754,0.350677043,0.388747007,1,0,0,0,0,1,1.0,2
0.913742006,0.786720991,0.829021871,0,1,0,0,0,1,0.5,2
0.82864362,0.933814883,0.489666104,0,0,1,0,0,1,0.0,0
0.893781781,0.390887171,0.87282443,0,1,0,0,1,0,1.0,1
0.239258707,0.815305054,0.266379833,0,1,0,0,0,1,0.0,2
0.319975078,0.523487151,0.223600224,1,0,0,0,0,1,0.0,2
0.324520111,0.426749647,0.247286677,0,1,0,0,1,0,1.0,1
0.408201247,0.941500783,0.53848058,0,0,1,1,0,0,1.0,1
0.423654646,0.534884453,0.29131338,1,0,0,0,1,0,1.0,1
0.567327559,0.494039983,0.147119686,0,1,0,0,0,1,0.0,2
0.201885775,0.688812673,0.994627893,0,1,0,0,0,1,1.0,2
0.706684351,0.298172504,0.900433242,0,1,0,0,1,0,0.5,1
0.209188208,0.358553231,0.635012448,0,1,0,0,1,0,0.5,2
0.344793051,0.935443521,0.891542852,1,0,0,0,0,1,0.5,0
0.528177857,0.694603324,0.935462713,1,0,0,0,1,0,0.5,1
0.806618512,0.835305274,0.676108301,1,0,0,0,0,1,0.0,0
0.752495766,0.307556182,0.518679798,0,0,1,0,0,1,0.0,1
0.663257658,0.56660068,0.882001817,0,0,1,0,0,1,0.0,1
0.197984591,0.972826481,0.567797005,1,0,0,1,0,0,0.5,2
0.569693089,0.352768689,0.126800537,1,0,0,0,1,0,0.0,2
0.133074179,0.20245266,0.366856009,0,0,1,0,1,0,0.0,2
0.408495009,0.53534168,0.445920944,0,1,0,0,0,1,0.5,2
0.442840695,0.41843003,0.935369015,1,0,0,1,0,0,1.0,0
0.0878208652,0.201598376,0.659185469,1,0,0,0,1,0,0.0,2
0.310288697,0.894123793,0.875277579,0,1,0,0,1,0,0.0,1
0.957866967,0.991187692,0.757591724,0,0,1,1,0,0,1.0,1
0.955950975,0.590153098,0.309860885,0,0,1,0,1,0,0.0,2
0.384710699,0.785942912,0.718708992,1,0,0,0,1,0,0.5,1
0.0909451023,0.866086423,0.19529973,0,1,0,0,1,0,1.0,2
0.220140189,0.715932906,0.408145815,0,0,1,1,0,0,0.0,2
0.422606915,0.0919482484,0.806091845,0,1,0,1,0,0,0.0,1
0.950390697,0.199752524,0.611929178,0,1,0,0,0,1,0.0,0
0.184139118,0.117439732,0.825412512,1,0,0,0,0,1,0.0,1
0.77534008,0.0593856275,0.254703581,0,1,0,0,0,1,0.5,1
0.153248414,0.340696603,0.749748826,0,1,0,0,1,0,1.0,2
0.982194722,0.422738165,0.202324361,0,1,0,0,0,1,0.5,0
0.412535667,0.278978258,0.545304179,0,1,0,0,0,1,0.5,1
0.786472797,0.111374415,0.433534592,0,1,0,0,0,1,0.0,0
0.375461519,0.553369939,0.556475878,1,0,0,0,0,1,0.0,1
0.646285415,0.309653342,0.135533422,0,0,1,0,0,1,0.0,1
0.232415274,0.806235313,0.36122787,0,0,1,0,1,0,1.0,0
0.188719973,0.0576499924,0.666903853,0,1,0,1,0,0,0.5,0
0.941160917,0.850400686,0.558530807,1,0,0,0,1,0,0.5,1
0.92176491,0.957015991,0.548969746,1,0,0,1,0,0,0.5,2
0.893095493,0.730328321,0.510830104,0,1,0,0,0,1,1.0,2
0.644161761,0.746961892,0.943884909,0,1,0,0,1,0,0.0,1
0.817854822,0.936884224,0.934569716,0,0,1,0,0,1,0.0,1
0.115585089,0.248617724,0.360144973,0,0,1,0,1,0,1.0,2
0.368049592,0.994837284,0.351895005,0,0,1,0,1,0,1.0,2
0.348017961,0.784807146,0.554898441,0,1,0,0,0,1,0.0,0
0.653863072,0.740242183,0.0956062824,0,0,1,0,0,1,0.5,0
0.388159871,0.393036038,0.303006709,1,0,0,1,0,0,0.0,1
0.191081449,0.568488598,0.230867565,1,0,0,0,0,1,1.0,2
0.616643727,0.671221912,0.22338967,0,1,0,1,0,0,1.0,0
0.823664725,0.639325738,0.638505518,0,1,0,0,0,1,0.0,2
0.413017333,0.719735384,0.38435033,0,0,1,1,0,0,0.5,0
0.175655276,0.128262654,0.171164379,1,0,0,0,1,0,1.0,2
0.236853793,0.38786602,0.887571871,0,0,1,0,1,0,1.0,2
0.275609136,0.462300003,0.874148667,1,0,0,0,0,1,1.0,0
0.334902704,0.297597826,0.862462938,0,0,1,0,1,0,0.0,1
0.66065532,0.213995904,0.390744954,0,1,0,0,0,1,0.0,2
0.620898187,0.181981102,0.0569824539,1,0,0,0,0,1,1.0,1
0.711275876,0.398064226,0.106742017,1,0,0,0,0,1,0.0,1
0.394376874,0.518769622,0.276048094,1,0,0,1,0,0,0.5,1
0.832797766,0.109827615,0.219970003,0,0,1,1,0,0,0.0,0
0.243883282,0.949135184,0.873985648,0,0,1,0,0,1,1.0,2
0.49558872,0.776981175,0.986358166,0,0,1,0,1,0,0.5,1
0.810891807,0.744309187,0.816673636,1,0,0,0,1,0,0.0,2
0.221150711,0.214217499,0.729848921,0,1,0,0,1,0,1.0,0
0.154369965,0.623610735,0.58862412,0,0,1,1,0,0,1.0,2
0.889499784,0.55323869,0.769908309,1,0,0,1,0,0,0.5,1
0.375783175,0.983345389,0.947033286,0,0,1,1,0,0,0.0,1
0.699676633,0.760288179,0.601344645,1,0,0,0,1,0,0.0,0
0.074081175,0.596973777,0.154613242,1,0,0,0,1,0,0.0,2
0.705544531,0.858272016,0.163858324,0,0,1,0,1,0,0.0,2
0.350296259,0.197339565,0.583862782,1,0,0,0,1,0,0.5,2
0.102953814,0.0644557029,0.333468527,0,0,1,1,0,0,1.0,0
0.629322112,0.705721676,0.910247386,1,0,0,0,0,1,1.0,1
0.278763622,0.143395886,0.611642361,0,1,0,0,1,0,1.0,2
0.417466879,0.159661964,0.676492631,0,1,0,0,1,0,0.0,1
0.126551777,0.757446706,0.00582071021,0,1,0,1,0,0,0.0,2
0.18980509,0.307008088,0.498848557,0,1,0,1,0,0,0.0,2
0.333078384,0.647199631,0.431164712,0,0,1,0,1,0,0.0,1
0.135271519,0.921536565,0.70587188,1,0,0,0,0,1,1.0,2
0.915284932,0.350650817,0.382638663,1,0,0,1,0,0,1.0,1
0.0557446927,0.256286949,0.976575017,0,1,0,1,0,0,0.5,2
0.509667218,0.151234746,0.670203209,0,1,0,1,0,0,0.5,1
0.167085081,0.173939243,0.659918308,1,0,0,1,0,0,0.0,2
0.34229514,0.109111562,0.919341147,1,0,0,0,1,0,0.5,2
0.929756582,0.133260265,0.995204806,1,0,0,0,1,0,1.0,2
0.203609824,0.460404366,0.197820693,0,1,0,0,1,0,1.0,0
0.967540681,0.354821801,0.810533166,1,0,0,0,0,1,1.0,0
0.245504662,0.721232772,0.162319496,0,1,0,1,0,0,1.0,2
0.754487813,0.876729548,0.457043439,0,1,0,1,0,0,0.0,2
0.569343388,0.795534551,0.100185402,0,1,0,1,0,0,0.0,0
0.890254796,0.554105401,0.623371005,1,0,0,0,1,0,0.5,1
0.576293588,0.147320017,0.468518168,0,1,0,1,0,0,0.0,1
0.557831287,0.724278927,0.628698945,0,0,1,0,1,0,0.5,2
0.235685095,0.394687295,0.677960753,1,0,0,0,1,0,1.0,1
0.207917899,0.131367877,0.619432271,1,0,0,0,0,1,0.5,2
0.920664668,0.850343108,0.294029117,1,0,0,1,0,0,0.0,1
0.361446291,0.371305704,0.836959183,1,0,0,0,1,0,0.0,1
0.403478146,0.257336378,0.551686227,0,1,0,1,0,0,1.0,0
0.771832466,0.877879441,0.489851177,0,0,1,0,1,0,0.0,2
0.371882319,0.907027185,0.987063825,0,1,0,0,1,0,1.0,2
0.95445931,0.372022301,0.283507913,0,0,1,0,1,0,0.0,2
0.751031399,0.387061357,0.528030276,1,0,0,0,1,0,1.0,2
0.617557764,0.600647092,0.682324588,0,1,0,0,0,1,0.5,0
0.886850417,0.746769428,0.125225931,0,1,0,1,0,0,0.5,1
0.0971256122,0.109991744,0.354239732,0,1,0,1,0,0,1.0,2
0.29420957,0.613676488,0.801688731,0,0,1,0,1,0,0.5,0
0.491784513,0.955179036,0.236758232,0,0,1,1,0,0,0.0,1
0.265629619,0.298989207,0.493290365,1,0,0,1,0,0,1.0,1
0.756709933,0.913385868,0.630630612,0,1,0,1,0,0,0.5,2
0.923247635,0.952659905,0.671162367,1,0,0,0,0,1,0.5,0
0.452581614,0.305695951,0.728310466,0,0,1,0,1,0,0.0,1
0.375025958,0.766491771,0.865977287,1,0,0,0,0,1,0.5,1
0.963473201,0.276836246,0.392859429,0,1,0,1,0,0,0.5,0
0.472609818,0.750730574,0.706631899,0,1,0,1,0,0,1.0,1
0.514595985,0.807549,0.732174635,0,0,1,0,0,1,0.0,1
0.384067386,0.284845412,0.300274134,0,0,1,0,1,0,0.5,2
0.914071023,0.730076075,0.968157947,1,0,0,1,0,0,1.0,2
0.590507686,0.821499288,0.865219176,0,1,0,0,0,1,0.5,1
0.774065852,0.390649915,0.289861321,1,0,0,0,0,1,1.0,0
0.821216404,0.209317639,0.675068676,0,0,1,0,1,0,0.0,0
0.374756604,0.13736634,0.717800617,0,0,1,0,0,1,0.0,2
0.462009609,0.596612632,0.431483626,1,0,0,0,0,1,0.0,1
0.856048167,0.979193211,0.863743305,0,1,0,0,0,1,0.5,1
0.395092577,0.831802785,0.690229356,0,0,1,1,0,0,0.5,1
0.804238379,0.46404767,0.658154666,1,0,0,1,0,0,1.0,1
0.943942726,0.559789836,0.22084038,0,1,0,0,1,0,0.0,0
0.642049849,0.31555149,0.407842308,1,0,0,0,0,1,0.0,2
0.754545927,0.204912573,0.433922499,0,0,1,0,0,1,1.0,1
0.814842463,0.507977128,0.733661115,0,1,0,1,0,0,1.0,1
0.852787673,0.490326494,0.618394554,0,0,1,1,0,0,0.5,2
0.425300658,0.545833468,0.0858605877,0,0,1,1,0,0,0.0,0
0.098700285,0.955164373,0.307697952,0,0,1,0,1,0,0.5,2
0.431782454,0.623700559,0.473047495,0,0,1,1,0,0,1.0,0
0.690068424,0.625483274,0.73673296,0,0,1,0,0,1,0.0,2
0.477832854,0.171623528,0.743569136,1,0,0,0,0,1,1.0,1
0.761515021,0.996664405,0.490543306,0,0,1,0,0,1,1.0,0
0.389133304,0.784202695,0.116932385,0,0,1,0,1,0,0.0,2
0.653006911,0.88334316,0.292903394,0,0,1,0,0,1,0.5,2
0.227098808,0.443585396,0.254692376,0,1,0,0,0,1,1.0,2
0.761900961,0.527021706,0.781026423,0,0,1,0,0,1,1.0,2
0.568411171,0.545979619,0.179986313,0,1,0,1,0,0,1.0,2
0.243861169,0.234389812,0.464921236,1,0,0,0,0,1,0.5,2
0.327315629,0.705014706,0.670718789,0,0,1,1,0,0,0.5,2
0.761178255,0.907827914,0.964786172,1,0,0,1,0,0,0.5,1
0.508471191,0.205520526,0.999240577,1,0,0,0,1,0,0.0,1
0.255229861,0.132002354,0.952922165,0,0,1,0,1,0,0.5,2
0.968907654,0.751307964,0.718242347,1,0,0,0,0,1,1.0,1
0.729368746,0.309541732,0.746440828,0,0,1,0,1,0,1.0,1
0.959278107,0.642669439,0.75921011,1,0,0,1,0,0,0.0,1
0.45574978,0.710970402,0.862604856,0,1,0,1,0,0,0.5,1
0.501345336,0.355815232,0.951785445,0,1,0,0,0,1,0.0,0
0.903057456,0.824387372,0.445706159,0,1,0,0,0,1,1.0,0
0.548796892,0.57248956,0.41651088,0,0,1,0,0,1,0.5,2
0.721914947,0.875549436,0.460464448,1,0,0,1,0,0,0.0,0
0.289564222,0.775128901,0.659817159,0,1,0,1,0,0,0.5,2
0.474390149,0.875146866,0.775445402,0,0,1,0,0,1,0.5,1
0.167277366,0.0691533163,0.870544374,0,1,0,0,0,1,1.0,2
0.245681033,0.281330943,0.456210762,0,1,0,1,0,0,1.0,2
0.050896246,0.135507539,0.363372624,0,0,1,0,1,0,1.0,2
0.0873017982,0.469978869,0.983352602,0,1,0,1,0,0,0.0,2
0.978419662,0.895462096,0.231887624,0,0,1,0,1,0,0.0,0
0.280236006,0.494163245,0.222004831,0,1,0,0,0,1,0.0,1
0.680145144,0.857227385,0.715407431,0,0,1,1,0,0,0.5,1
0.847144723,0.36081934,0.179657295,0,1,0,0,0,1,0.5,2
0.573127449,0.372591555,0.399408996,1,0,0,0,0,1,1.0,2
0.195487276,0.900783658,0.29238683,1,0,0,0,0,1,0.5,2
0.741710603,0.454526275,0.168710455,0,0,1,1,0,0,0.5,2
0.620238841,0.800277233,0.579707265,0,0,1,1,0,0,1.0,0
0.744688034,0.274811357,0.373511493,1,0,0,0,1,0,0.0,0
0.781259298,0.951360762,0.462234169,0,0,1,1,0,0,1.0,1
0.976639867,0.595849335,0.195863008,0,1,0,0,1,0,0.5,0
0.594885111,0.771357417,0.76786679,0,1,0,0,1,0,1.0,0
0.374559045,0.135039911,0.314712077,0,1,0,1,0,0,0.5,0
0.666041315,0.518031001,0.342718184,0,1,0,1,0,0,1.0,2
0.115018673,0.905986547,0.252153963,0,1,0,0,0,1,0.5,2
0.902527452,0.883186698,0.434403569,0,1,0,0,0,1,0.5,2
0.16341196,0.0944732577,0.463576615,0,1,0,1,0,0,1.0,2
0.361450702,0.338513553,0.529666901,0,0,1,0,1,0,0.5,2
0.824958086,0.471154004,0.967568278,1,0,0,1,0,0,0.5,1
0.61744678,0.213651568,0.904691815,0,1,0,0,0,1,0.5,1
0.423953742,0.743498385,0.609392643,0,1,0,0,1,0,1.0,1
0.499763876,0.225286394,0.0389034674,0,0,1,0,0,1,0.0,1
0.861820042,0.379307717,0.612260342,0,0,1,1,0,0,0.0,0
0.373004168,0.680116594,0.0896686092,1,0,0,1,0,0,1.0,2
0.876167178,0.507984877,0.710344255,1,0,0,1,0,0,1.0,2
0.133727714,0.751642466,0.390077651,0,0,1,0,0,1,0.0,2
0.787958503,0.963147521,0.837696493,0,1,0,1,0,0,1.0,0
0.85517025,0.16071935,0.942529261,0,1,0,1,0,0,0.5,2
0.222726777,0.724089324,0.417110354,0,1,0,1,0,0,1.0,2
0.458829194,0.268826962,0.460555285,0,1,0,0,0,1,0.0,1
0.207224786,0.443752885,0.590147555,0,1,0,0,0,1,0.5,2
0.721273899,0.0812195912,0.197132722,0,0,1,1,0,0,0.0,0
0.558580399,0.179112017,0.927332819,1,0,0,0,0,1,0.0,2
0.653557181,0.353788435,0.432999939,1,0,0,0,1,0,0.5,1
0.236662611,0.374886513,0.166820332,0,0,1,0,1,0,0.0,2
0.251158565,0.904605985,0.76273185,0,1,0,0,1,0,0.0,1
0.0894224569,0.754722238,0.219151378,0,0,1,0,1,0,0.0,2
0.355964154,0.973573804,0.143529281,1,0,0,1,0,0,0.0,1
0.581757426,0.619117916,0.562872052,1,0,0,0,1,0,1.0,1
0.865038157,0.279628038,0.671495259,1,0,0,1,0,0,0.0,2
0.683581054,0.361272275,0.569562733,1,0,0,1,0,0,1.0,1
0.463626504,0.353844136,0.656510651,0,0,1,0,0,1,0.0,2
0.955464125,0.360169619,0.115524009,0,1,0,0,1,0,0.0,0
0.733282924,0.689315975,0.476018041,0,1,0,1,0,0,1.0,1
0.933656931,0.554267526,0.35701865,0,0,1,0,0,1,0.5,2
0.551208556,0.416152984,0.973368645,0,1,0,1,0,0,0.5,0
0.295959055,0.191635281,0.0496239327,0,1,0,1,0,0,0.5,0
0.10018535,0.0710322037,0.298294216,0,1,0,0,0,1,0.0,2
0.739780605,0.257892936,0.941862166,0,1,0,1,0,0,0.5,0
0.165237844,0.152097836,0.983496189,1,0,0,0,0,1,0.0,1
0.337636381,0.796172798,0.824901581,0,1,0,0,1,0,0.0,1
0.555847347,0.156873062,0.0759982467,0,0,1,1,0,0,0.5,0
0.586195767,0.738016844,0.561355054,1,0,0,1,0,0,1.0,1
0.62055403,0.416375756,0.400123,1,0,0,0,1,0,1.0,1
0.20794256,0.119709469,0.806452572,0,0,1,1,0,0,1.0,2
0.410750538,0.822093546,0.0550242364,0,1,0,0,0,1,1.0,1
0.636334538,0.600649059,0.197128758,1,0,0,0,0,1,0.5,0
0.971327901,0.273973435,0.489195079,0,0,1,0,0,1,0.5,2
0.741249561,0.899947107,0.157647669,0,0,1,1,0,0,0.5,0
0.926473558,0.0929953977,0.692715168,0,1,0,0,1,0,0.5,2
0.774101436,0.241728634,0.820767224,0,1,0,1,0,0,1.0,1
0.612131119,0.76444459,0.704519868,0,0,1,0,1,0,0.0,1
0.232422203,0.72390902,0.440283716,0,1,0,0,1,0,0.5,2
0.683351398,0.324808121,0.87838769,0,0,1,1,0,0,0.5,1
0.642210603,0.108923629,0.137686133,0,1,0,0,1,0,1.0,2
0.622345686,0.865174174,0.260338575,0,1,0,1,0,0,1.0,2
0.515296578,0.348012745,0.489539683,0,0,1,1,0,0,0.5,0
0.552223802,0.235927746,0.0613385998,0,0,1,1,0,0,0.0,0
0.367720395,0.540258706,0.09568578,0,1,0,1,0,0,0.5,0
0.543347061,0.914715827,0.397443384,0,0,1,0,0,1,1.0,1
0.237678111,0.0913692489,0.94388628,1,0,0,1,0,0,1.0,2
0.814915657,0.777513862,0.908413708,0,1,0,0,0,1,1.0,2
0.226488113,0.59384954,0.465974867,1,0,0,1,0,0,1.0,2
0.130717978,0.454176664,0.142158538,1,0,0,0,1,0,1.0,2
0.46443373,0.756876409,0.178107649,1,0,0,0,0,1,1.0,2
0.675392091,0.967533231,0.377546042,0,0,1,1,0,0,0.5,0
0.465830982,0.267745912,0.210074201,0,1,0,1,0,0,0.0,1
0.312916428,0.186464995,0.0829755962,0,1,0,0,1,0,0.0,2
0.580262601,0.917237639,0.673777461,1,0,0,0,1,0,1.0,1
0.379652232,0.68550545,0.581448615,0,0,1,1,0,0,0.5,1
0.936224282,0.466086715,0.29129675,0,1,0,0,1,0,0.5,2
0.926512897,0.594596565,0.778948367,0,1,0,0,1,0,1.0,1
0.527253211,0.758333206,0.775948882,0,1,0,0,0,1,1.0,1
0.361489803,0.784380317,0.491001964,1,0,0,0,1,0,1.0,1
0.750275791,0.923899472,0.0965325534,1,0,0,0,1,0,0.5,2
0.0848772973,0.455500662,0.918469429,1,0,0,0,0,1,0.5,0
0.501030564,0.328740358,0.668660522,1,0,0,1,0,0,0.0,1
0.369507223,0.657681048,0.247050822,1,0,0,0,0,1,0.0,2
0.924509108,0.444941491,0.610454559,0,1,0,0,1,0,0.0,1
0.0614028759,0.614868522,0.405021489,1,0,0,0,0,1,0.0,0
0.575174153,0.448986501,0.635349631,0,0,1,0,1,0,0.0,1
0.7536304,0.195345998,0.473870903,1,0,0,0,0,1,1.0,1
0.510767102,0.495955408,0.485472143,1,0,0,0,0,1,0.5,2
0.131132886,0.706371903,0.735882103,1,0,0,1,0,0,0.0,2
0.973838329,0.809319615,0.613725722,0,1,0,0,1,0,1.0,1
0.542109907,0.518659949,0.0799526945,0,1,0,0,0,1,0.5,0
0.633476913,0.206975996,0.0653735697,0,0,1,0,0,1,0.0,1
0.27477929,0.443953335,0.305009246,0,1,0,0,1,0,1.0,1
0.50932318,0.796979249,0.430245996,1,0,0,0,0,1,0.0,2
0.457692027,0.442216307,0.27522257,0,0,1,1,0,0,0.0,1
0.121151052,0.711704254,0.651459873,0,0,1,0,1,0,0.5,2
0.150852337,0.53185302,0.195107937,0,0,1,1,0,0,1.0,2
0.845598876,0.27916196,0.70414108,1,0,0,0,1,0,0.5,1
0.277828962,0.806342959,0.773150742,0,1,0,1,0,0,0.0,2
0.235210359,0.130002782,0.124319308,0,1,0,0,1,0,0.0,2
0.529665887,0.548645794,0.650806248,1,0,0,0,0,1,0.0,2
0.780309796,0.248446479,0.961435974,0,1,0,0,1,0,0.5,0
0.10884919,0.113712348,0.192823812,1,0,0,0,0,1,0.0,2
0.597967505,0.527787268,0.909302831,1,0,0,1,0,0,1.0,1
0.163249925,0.524584055,0.606047928,0,0,1,0,0,1,0.0,2
0.0846379995,0.721555829,0.590944886,0,1,0,1,0,0,0.5,2
0.100106753,0.757513165,0.0519226827,0,0,1,0,0,1,0.0,2
0.842455924,0.741401911,0.748300254,0,1,0,1,0,0,1.0,0
0.162073866,0.439080805,0.478273064,1,0,0,0,1,0,1.0,0
0.0928937942,0.650105298,0.721174419,0,0,1,0,1,0,0.5,2
0.466004878,0.59809798,0.809181094,1,0,0,0,0,1,0.0,1
0.851793826,0.45048368,0.52379638,1,0,0,0,1,0,0.5,0
0.299287945,0.617352068,0.263644308,0,0,1,0,0,1,1.0,2
0.450626999,0.949885488,0.14157249,0,0,1,1,0,0,0.5,0
0.0879264027,0.233249053,0.160503134,0,1,0,1,0,0,0.0,1
0.476624578,0.910483479,0.866934657,0,1,0,0,1,0,0.0,1
0.598732412,0.100782737,0.123578094,0,0,1,0,1,0,1.0,1
0.592361689,0.342969745,0.38469407,0,1,0,0,0,1,1.0,2
0.365805358,0.323737979,0.33427465,1,0,0,0,0,1,1.0,0
0.349756509,0.64504683,0.865455687,1,0,0,1,0,0,1.0,1
0.151292443,0.174663708,0.477693498,1,0,0,1,0,0,1.0,2
0.398458391,0.888230205,0.996446431,1,0,0,0,0,1,0.0,2
0.14451994,0.837123811,0.737054765,1,0,0,0,1,0,0.0,2
0.778266132,0.669462502,0.850923598,1,0,0,0,1,0,0.0,1
0.967960596,0.485493153,0.0986722633,0,1,0,0,0,1,0.5,2
0.97157073,0.936308265,0.253102243,0,0,1,0,0,1,0.5,1
0.871817529,0.839209199,0.135446191,0,0,1,0,1,0,1.0,2
0.620752513,0.524349391,0.463621974,0,1,0,0,1,0,0.0,1
0.715822399,0.716779709,0.718287468,0,1,0,0,1,0,1.0,1
0.320945501,0.588583469,0.169063568,0,1,0,0,1,0,0.0,1
0.649231911,0.608545125,0.130168542,0,0,1,0,0,1,0.0,1
0.482867062,0.364427269,0.614608765,0,1,0,1,0,0,0.0,0
0.507916451,0.488980383,0.23031275,0,1,0,0,1,0,0.0,1
0.769887745,0.124215357,0.479325086,0,0,1,1,0,0,0.0,0
0.317822427,0.389481246,0.0511177294,0,1,0,1,0,0,0.0,0
0.352137625,0.711037099,0.680612803,1,0,0,0,1,0,0.0,1
0.928409696,0.955555201,0.54131639,0,0,1,0,0,1,0.5,2
0.103413083,0.964910924,0.64742291,0,0,1,1,0,0,0.5,2
0.511352599,0.577936709,0.27540639,0,0,1,1,0,0,1.0,0
0.917160749,0.626291156,0.278602988,0,1,0,0,0,1,0.0,2
0.629844844,0.226435125,0.801360548,0,0,1,0,1,0,1.0,1
0.56908673,0.710542679,0.718562305,1,0,0,0,1,0,0.5,2
0.287256956,0.117125854,0.579728663,1,0,0,0,0,1,0.0,2
0.376111716,0.320451409,0.628143489,0,0,1,0,0,1,0.5,0
0.859445989,0.684945166,0.0940441787,1,0,0,1,0,0,0.5,1
0.581257224,0.344794631,0.85617131,0,1,0,0,1,0,1.0,1
0.539005101,0.0973545313,0.769907057,0,0,1,0,1,0,0.0,1
0.144600734,0.840276897,0.590491533,1,0,0,0,0,1,1.0,0
0.0652267486,0.344813496,0.918595135,0,1,0,0,0,1,0.0,2
0.965500951,0.109949961,0.168637902,0,0,1,0,1,0,0.0,1
0.408136845,0.121048756,0.686657369,0,0,1,0,1,0,0.0,2
0.623052418,0.289170861,0.962981761,0,0,1,0,1,0,0.5,1
0.125729322,0.219115153,0.310008973,1,0,0,1,0,0,0.5,2
0.698958576,0.785585105,0.0152923139,0,0,1,1,0,0,1.0,0
0.935938358,0.35559985,0.734867454,1,0,0,1,0,0,1.0,1
0.596881986,0.814460993,0.00698032463,0,1,0,0,1,0,1.0,0
0.16980955,0.215153694,0.872533619,0,1,0,0,1,0,0.5,2
0.602635443,0.518235207,0.0563012511,0,1,0,0,1,0,0.5,2
0.778029859,0.703635275,0.652764738,0,0,1,0,1,0,0.0,0
0.436095715,0.669391334,0.377184153,0,1,0,0,1,0,0.0,1
0.88584584,0.621072948,0.20334065,1,0,0,0,0,1,1.0,0
0.666248798,0.928580523,0.898258388,1,0,0,1,0,0,0.0,1
0.904286444,0.267098904,0.746245861,1,0,0,0,1,0,0.0,2
0.64233005,0.519033253,0.340440571,1,0,0,0,0,1,0.5,2
0.17472358,0.889792919,0.284153104,1,0,0,1,0,0,0.5,0
0.344207138,0.123999074,0.73601228,1,0,0,0,0,1,0.5,1
0.241705194,0.103093855,0.83657074,0,1,0,0,1,0,1.0,2
0.913385153,0.271637172,0.715850472,0,0,1,0,0,1,0.5,0
0.772380054,0.651370168,0.639989197,1,0,0,0,0,1,1.0,1
0.692578435,0.296885639,0.227924719,0,1,0,0,0,1,0.0,2
0.335918009,0.230727896,0.852804005,0,1,0,1,0,0,0.0,1
0.224842533,0.485862195,0.749661982,1,0,0,0,0,1,0.0,2
0.768628538,0.632918179,0.517274261,0,1,0,1,0,0,0.0,1
0.500450075,0.286129832,0.511587739,1,0,0,0,1,0,0.5,2
0.264500082,0.335656613,0.569173038,0,0,1,0,1,0,0.0,0
0.635790884,0.632881343,0.828276396,1,0,0,1,0,0,0.5,1
0.0883171558,0.948451519,0.742259562,0,0,1,0,1,0,0.0,2
0.359861732,0.691004634,0.856244981,0,1,0,1,0,0,0.0,2
0.495129138,0.793758929,0.507282794,0,1,0,1,0,0,0.5,1
0.190560415,0.398469597,0.624649048,1,0,0,0,0,1,1.0,2
0.985421777,0.308641642,0.854571819,0,1,0,1,0,0,0.5,2
0.248642489,0.481554359,0.232320055,0,1,0,0,1,0,1.0,2
0.173835471,0.816776216,0.444020689,0,0,1,1,0,0,0.5,2
0.243358135,0.483484656,0.620652258,1,0,0,1,0,0,1.0,0
0.780608058,0.854389131,0.915146232,1,0,0,1,0,0,1.0,1
0.454230368,0.989333391,0.0158360116,0,0,1,0,0,1,0.5,0
0.58714515,0.118425332,0.212573156,0,0,1,1,0,0,1.0,1
0.0699587017,0.0931396484,0.234450504,0,0,1,0,1,0,0.5,1
0.0827097446,0.192110211,0.326612681,1,0,0,0,0,1,1.0,2
0.473534286,0.415151179,0.281786621,0,0,1,0,1,0,0.0,2
0.825822473,0.174490094,0.590138793,1,0,0,0,0,1,0.0,2
0.890976906,0.877131283,0.885620236,0,0,1,0,0,1,0.0,1
0.132371232,0.0719889402,0.636977851,0,1,0,0,1,0,0.5,2
0.561444938,0.350003093,0.241526559,1,0,0,0,1,0,1.0,0
0.917568207,0.225459903,0.863752842,1,0,0,0,0,1,0.0,1
0.418574125,0.934962392,0.632045805,1,0,0,0,0,1,0.5,0
0.838087559,0.686006963,0.218962118,0,1,0,0,1,0,0.5,1
0.177010879,0.916428745,0.36166653,0,1,0,0,0,1,1.0,0
0.93862474,0.973712265,0.789964795,1,0,0,0,0,1,0.5,2
0.763852179,0.522243321,0.738931179,0,0,1,0,0,1,0.5,0
0.94426769,0.272603154,0.576582372,1,0,0,0,0,1,1.0,2
0.692786396,0.234042346,0.144767508,1,0,0,0,0,1,0.0,1
0.395233721,0.261772931,0.803289294,0,1,0,1,0,0,1.0,1
0.94127214,0.723163664,0.307542533,0,1,0,1,0,0,0.0,1
0.31178844,0.0884234384,0.771597922,0,0,1,0,0,1,0.0,1
0.365563899,0.0987930223,0.647566378,0,0,1,1,0,0,0.0,0
0.71576798,0.627735794,0.264170289,1,0,0,0,0,1,0.0,0
0.777050495,0.659954309,0.212369233,1,0,0,0,0,1,0.5,0
0.932933331,0.681999803,0.13090992,0,0,1,0,0,1,0.0,1
0.244562283,0.403286487,0.241946235,1,0,0,1,0,0,0.5,2
0.808098137,0.815647662,0.157829016,1,0,0,0,0,1,1.0,0
0.751618743,0.556943357,0.617051244,0,0,1,1,0,0,0.0,1
0.11060483,0.15019235,0.598783135,0,0,1,0,0,1,0.0,2
0.417861998,0.80724436,0.586172044,0,0,1,1,0,0,0.0,1
0.318627179,0.955414414,0.641889811,0,1,0,1,0,0,0.0,0
0.339265913,0.107034497,0.814784527,0,0,1,0,1,0,0.0,2
0.983799517,0.421783775,0.913552701,0,1,0,0,0,1,1.0,1
0.660638571,0.513140261,0.230375543,0,0,1,1,0,0,0.0,2
0.731792331,0.189147219,0.587774515,0,0,1,0,1,0,1.0,2
0.977786779,0.874323487,0.078336224,0,1,0,0,0,1,1.0,0
0.408341706,0.319942176,0.120142438,0,1,0,1,0,0,1.0,0
0.811748147,0.793858111,0.654339314,1,0,0,0,1,0,0.5,1
0.462804407,0.687444746,0.486580551,1,0,0,0,1,0,0.5,1
0.876056969,0.618143559,0.758332074,1,0,0,0,1,0,0.0,2
0.221624658,0.232535705,0.425677478,0,1,0,1,0,0,1.0,0
0.950301886,0.25966835,0.127598405,0,0,1,0,0,1,1.0,2
0.257833123,0.0949809849,0.872053683,0,1,0,0,0,1,0.0,1
0.359909475,0.278676808,0.0828884691,0,0,1,0,1,0,0.0,1
0.768382609,0.378171414,0.188964635,0,0,1,0,0,1,1.0,0
0.424067378,0.841488063,0.276976854,0,0,1,0,1,0,0.5,2
0.627800822,0.398073047,0.995280623,1,0,0,1,0,0,1.0,0
0.472344816,0.766890705,0.416859806,0,1,0,1,0,0,0.0,0
0.755251467,0.467470169,0.501708508,0,1,0,0,0,1,1.0,1
0.266914696,0.795624912,0.769696772,1,0,0,0,1,0,0.0,2
0.10553509,0.977458,0.636415601,0,0,1,1,0,0,0.5,2
0.334932923,0.277849466,0.84142071,1,0,0,0,0,1,1.0,2
0.500593245,0.869224548,0.486433446,0,0,1,0,1,0,0.0,1
0.209619045,0.640732884,0.972177684,1,0,0,1,0,0,1.0,2
0.387057424,0.826429546,0.796812356,0,1,0,0,0,1,0.5,1
0.429983854,0.669006586,0.401365399,1,0,0,0,1,0,1.0,1
0.104522251,0.452752024,0.381271809,0,1,0,0,1,0,0.0,2
0.604141891,0.266671181,0.929491162,0,0,1,1,0,0,0.0,1
0.890126228,0.116533466,0.684415638,1,0,0,0,0,1,1.0,0
0.194155768,0.558742464,0.621433616,1,0,0,0,0,1,1.0,2
0.617917597,0.990809798,0.75783062,1,0,0,0,1,0,0.0,2
0.681502223,0.7511397,0.560833812,1,0,0,1,0,0,0.0,1
0.448367953,0.360978276,0.159166768,0,1,0,1,0,0,1.0,2
0.716042697,0.835844576,0.319215477,0,1,0,0,0,1,0.5,2
0.440194964,0.780534804,0.557944834,1,0,0,0,1,0,0.0,2
0.529405415,0.317553997,0.0181678217,0,1,0,0,0,1,0.5,1
0.0569853932,0.0635921136,0.43735069,1,0,0,0,0,1,0.5,2
0.707134128,0.162254512,0.75580287,0,1,0,0,1,0,0.5,1
0.678275526,0.883440852,0.164233997,0,1,0,1,0,0,0.0,2
0.0864808336,0.844734907,0.064558953,0,1,0,0,0,1,0.5,2
0.399837613,0.330448538,0.836029112,1,0,0,0,1,0,1.0,1
0.980080247,0.320935667,0.617273867,1,0,0,1,0,0,1.0,1
0.44969973,0.803221762,0.176578969,0,1,0,0,1,0,1.0,0
0.526848137,0.940850616,0.806304991,0,0,1,0,1,0,0.0,2
0.914433658,0.790180385,0.658129454,0,1,0,0,1,0,0.5,2
0.731398761,0.625299752,0.33411926,1,0,0,1,0,0,1.0,1
0.602966607,0.280537784,0.376196265,0,0,1,1,0,0,0.5,2
0.807914436,0.54946053,0.15588817,1,0,0,1,0,0,0.0,1
0.871147931,0.271836251,0.835255623,0,0,1,0,0,1,1.0,1
0.484043658,0.81761086,0.509006679,0,0,1,0,0,1,0.0,0
0.501352966,0.417613029,0.557019055,1,0,0,1,0,0,0.5,1
0.416748375,0.842012346,0.883491933,0,1,0,0,0,1,0.5,1
0.968370855,0.412528753,0.0158306155,1,0,0,0,1,0,0.0,1
0.71230793,0.832941949,0.0669230595,1,0,0,0,1,0,0.5,1
0.129061908,0.366651922,0.161578983,0,1,0,0,1,0,0.5,2
0.869811654,0.468126059,0.0300378129,0,1,0,0,0,1,0.5,0
0.506531954,0.634714007,0.658156157,0,0,1,1,0,0,0.5,2
0.115316212,0.116773233,0.633879483,0,0,1,0,0,1,0.0,2
0.572231412,0.950796723,0.210801899,0,1,0,0,0,1,0.0,0
0.44630608,0.594925523,0.149406448,1,0,0,1,0,0,0.5,0
0.883861959,0.532429039,0.145684704,0,1,0,0,1,0,0.5,0
0.243794873,0.847424269,0.953241408,0,1,0,1,0,0,0.0,2
0.835141361,0.872474611,0.693504512,0,1,0,0,1,0,1.0,0
0.579804242,0.546147406,0.585428834,1,0,0,1,0,0,1.0,1
0.10187979,0.930899203,0.322486877,1,0,0,0,0,1,0.5,2
0.973253012,0.111500874,0.433043212,0,0,1,1,0,0,0.5,2
0.536984503,0.157564506,0.0894058794,0,1,0,1,0,0,1.0,1
0.326333016,0.616948843,0.998151898,0,1,0,0,1,0,1.0,0
0.495936513,0.386362582,0.755085468,1,0,0,1,0,0,0.0,1
0.864964902,0.491013914,0.621453166,0,1,0,1,0,0,0.5,0
0.339657962,0.361675262,0.587767184,1,0,0,1,0,0,0.0,1
0.233042583,0.434489042,0.504314363,0,0,1,1,0,0,0.5,2
0.172617689,0.831514001,0.257427424,0,0,1,0,0,1,0.5,2
0.332966417,0.613802373,0.226390406,0,0,1,1,0,0,0.0,2
0.791045666,0.997477293,0.549532473,1,0,0,1,0,0,0.5,1
0.498045057,0.797535241,0.0702008158,1,0,0,0,1,0,1.0,2
0.266107529,0.309982955,0.0744707957,0,1,0,1,0,0,1.0,2
0.207875744,0.301127851,0.560813606,0,0,1,0,0,1,0.0,2
0.36609301,0.369103342,0.919812024,1,0,0,0,1,0,1.0,1
0.942928135,0.851096511,0.914271832,0,0,1,0,1,0,0.5,1
0.375875384,0.0759232715,0.0108283004,0,0,1,1,0,0,0.0,2
0.988717854,0.268672228,0.107394218,0,0,1,0,1,0,1.0,0
0.510968924,0.909672499,0.583077669,0,1,0,0,1,0,0.0,1
0.220205724,0.657901585,0.848475695,1,0,0,1,0,0,0.0,2
0.89658308,0.265504748,0.954449058,1,0,0,0,0,1,0.5,2
0.487337619,0.258187711,0.860582232,1,0,0,0,0,1,0.5,1
0.724187791,0.869487226,0.677613139,0,1,0,1,0,0,0.0,0
0.984525979,0.899069607,0.200525075,0,1,0,0,1,0,1.0,2
0.097666584,0.29332453,0.0726214722,0,1,0,1,0,0,1.0,1
0.141859829,0.449484855,0.0475157835,0,1,0,1,0,0,0.0,2
0.734433889,0.842865944,0.612076759,1,0,0,0,1,0,0.0,2
0.317733765,0.782457054,0.0361886024,0,1,0,0,1,0,1.0,1
0.225086331,0.823220313,0.739239931,1,0,0,1,0,0,0.5,2
0.087393783,0.542478263,0.71247071,0,0,1,0,1,0,0.0,1
0.070754379,0.915971577,0.0796108246,1,0,0,0,1,0,0.5,1
0.785761297,0.35965398,0.90662235,0,0,1,0,0,1,0.5,1
0.177711755,0.198838532,0.521929264,0,1,0,0,0,1,0.5,0
0.494334579,0.723295689,0.904438555,0,0,1,1,0,0,0.0,1
0.625601947,0.562386692,0.901610076,0,1,0,1,0,0,1.0,2
0.456934214,0.861856461,0.197034061,1,0,0,1,0,0,0.5,2
0.0757513195,0.127101287,0.380577624,1,0,0,0,0,1,0.5,2
0.794326425,0.851507783,0.134626329,0,1,0,0,1,0,1.0,1
0.0599875636,0.328629911,0.774977982,1,0,0,1,0,0,1.0,2
0.773795426,0.672112882,0.504124939,0,0,1,0,0,1,0.5,2
0.898639262,0.088122353,0.928807557,0,0,1,1,0,0,0.5,1
0.461197913,0.62910223,0.208215222,0,0,1,0,0,1,0.0,2
0.558765352,0.731408119,0.688367665,0,1,0,0,0,1,0.0,2
0.503134251,0.400312692,0.989236832,0,0,1,0,1,0,1.0,2
0.419748187,0.254640162,0.665381253,0,0,1,0,0,1,0.5,0
0.893053293,0.560749114,0.0687739328,0,0,1,0,1,0,1.0,1
0.899236858,0.841531277,0.588424325,0,0,1,1,0,0,1.0,2
0.369025558,0.357369989,0.179842755,0,0,1,0,1,0,0.0,0
0.634316266,0.289845824,0.0305027775,0,0,1,1,0,0,1.0,1
0.930562198,0.314988554,0.334960699,0,1,0,1,0,0,0.0,2
0.963955581,0.951675534,0.266104072,0,0,1,0,1,0,0.0,1
0.533511102,0.391313076,0.788770914,0,1,0,1,0,0,1.0,1
0.480183572,0.0534240268,0.373680532,0,1,0,1,0,0,0.0,2
0.314759612,0.792597175,0.732958794,0,1,0,1,0,0,0.5,1
0.960928261,0.714311063,0.0162389912,0,0,1,1,0,0,0.5,0
0.185673594,0.172139853,0.0148121333,0,0,1,0,0,1,0.0,2
0.600838125,0.985659063,0.0293134581,0,1,0,0,0,1,0.5,0
0.318422765,0.627659142,0.219358444,0,1,0,0,1,0,1.0,2
0.315057874,0.525740504,0.373987794,0,0,1,0,0,1,0.0,1
0.434720159,0.413108319,0.607845783,1,0,0,0,0,1,0.5,0
0.998853266,0.903739095,0.985913873,1,0,0,0,0,1,0.0,1
0.102217995,0.281765312,0.354409575,1,0,0,0,0,1,1.0,2
0.599614739,0.321480453,0.0556589067,0,0,1,0,0,1,0.0,2
0.128443554,0.166290268,0.194900155,0,1,0,0,0,1,0.5,2
0.196794793,0.771163166,0.897851825,1,0,0,0,1,0,1.0,2
0.467584789,0.61577183,0.699379206,0,1,0,0,1,0,1.0,0
0.534937143,0.628612876,0.79020083,0,0,1,0,1,0,1.0,1
0.29585278,0.257546902,0.124168202,0,1,0,0,0,1,1.0,2
0.350634277,0.668609977,0.134986982,1,0,0,0,0,1,1.0,2
0.132618666,0.7771855,0.112246007,0,0,1,0,0,1,1.0,2
0.3380588,0.389994115,0.857169151,0,1,0,1,0,0,1.0,1
0.968230546,0.811279774,0.209967613,0,0,1,0,0,1,0.5,0
0.947472036,0.381351054,0.64315176,1,0,0,0,1,0,0.0,0
0.368134379,0.770231545,0.516166389,1,0,0,1,0,0,0.0,2
0.592311263,0.0820436031,0.544389904,1,0,0,1,0,0,0.0,1
0.914115608,0.573606372,0.19543536,0,0,1,0,0,1,1.0,2
0.0558746308,0.971050203,0.635246098,0,0,1,0,0,1,0.0,2
0.820149362,0.982182384,0.0431005359,1,0,0,0,1,0,0.0,0
0.950951099,0.317664951,0.993472278,0,0,1,0,1,0,0.0,2
0.136759445,0.469329149,0.0267589074,0,0,1,0,0,1,1.0,2
0.203375295,0.109829016,0.0501565412,1,0,0,0,1,0,1.0,2
0.96270901,0.879674256,0.324647427,1,0,0,0,1,0,0.0,1
0.560663164,0.590143561,0.831625342,0,1,0,0,0,1,0.5,1
0.0634867996,0.415845633,0.257189214,1,0,0,0,1,0,0.5,2
0.294750392,0.15713203,0.471935004,0,0,1,1,0,0,0.0,0
0.477446496,0.949428916,0.0179773308,0,1,0,1,0,0,0.0,1
0.708263457,0.553708076,0.0788793191,0,0,1,0,1,0,0.5,0
0.74650234,0.318781525,0.607966065,0,1,0,1,0,0,0.0,2
0.995650411,0.382704377,0.194358468,0,0,1,0,1,0,0.0,2
0.323135644,0.307162315,0.694254577,0,1,0,1,0,0,1.0,2
0.561309099,0.621719301,0.785391152,0,1,0,0,1,0,1.0,2
0.556657374,0.933465421,0.850334227,0,0,1,0,0,1,0.5,1
0.435362995,0.863859117,0.133799344,0,1,0,0,1,0,0.0,0
0.210703805,0.487361819,0.45550856,0,0,1,0,0,1,1.0,2
0.978583753,0.835174382,0.947081447,0,0,1,0,1,0,0.0,2
0.860651314,0.451950192,0.772083521,0,1,0,0,1,0,1.0,1
0.5234164,0.289691776,0.116960384,1,0,0,0,0,1,0.5,0
0.623083174,0.984244347,0.502500236,1,0,0,1,0,0,0.0,1
0.265897989,0.338693202,0.922380567,1,0,0,0,0,1,0.5,1
0.5665977,0.357538015,0.4400388,0,0,1,1,0,0,1.0,1
0.710221648,0.990208209,0.837417603,0,0,1,0,1,0,1.0,1
0.539408684,0.177231118,0.495843709,1,0,0,1,0,0,1.0,1
0.990770936,0.77250731,0.10681168,0,0,1,0,1,0,1.0,1
0.630774558,0.939022124,0.147854924,1,0,0,0,0,1,0.0,2
0.402425021,0.536205232,0.0466757528,0,0,1,1,0,0,1.0,2
0.783544421,0.0523956753,0.195314735,0,0,1,0,1,0,0.0,1
0.21193938,0.406305999,0.893614113,0,0,1,1,0,0,0.5,0
0.415290028,0.155990541,0.650198042,1,0,0,0,0,1,1.0,0
0.379611015,0.445378274,0.738856912,0,1,0,0,1,0,0.0,1
0.460216731,0.800525427,0.621661484,0,0,1,0,0,1,0.0,2
0.792690814,0.466775984,0.38653928,0,0,1,0,1,0,0.0,0
0.509964406,0.460328877,0.216861129,1,0,0,1,0,0,1.0,1
0.804313719,0.578949988,0.925614595,1,0,0,1,0,0,0.0,1
0.597664475,0.602606058,0.514829755,0,0,1,1,0,0,0.5,1
0.374965966,0.863481522,0.481099874,0,0,1,1,0,0,0.5,2
0.819479823,0.342937678,0.996104062,0,1,0,0,0,1,0.5,0
0.276375175,0.830587685,0.383929998,0,0,1,0,1,0,0.5,2
0.263163835,0.587637067,0.854125321,0,0,1,1,0,0,0.5,0
0.529277802,0.335503072,0.862344086,0,0,1,1,0,0,0.0,0
0.29780677,0.330369741,0.232670218,0,1,0,1,0,0,1.0,2
0.058632683,0.393080652,0.0948396921,0,0,1,1,0,0,0.5,2
0.665882647,0.641558588,0.975620091,0,1,0,0,1,0,1.0,1
0.53553915,0.269271135,0.425896853,1,0,0,1,0,0,1.0,1
0.473241925,0.924316883,0.00222032191,0,0,1,0,1,0,0.0,0
0.968620062,0.596166968,0.499017835,0,0,1,0,0,1,1.0,0
0.592639208,0.924014986,0.619300365,0,0,1,1,0,0,0.5,2
0.87026,0.0940841436,0.776088238,0,0,1,1,0,0,1.0,1
0.182477728,0.375480801,0.942942142,0,1,0,0,0,1,0.0,1
0.590746164,0.0716672763,0.91517061,1,0,0,0,0,1,1.0,1
0.874580622,0.308639228,0.940135837,1,0,0,1,0,0,1.0,1
0.603950441,0.86890614,0.0321251489,0,1,0,1,0,0,1.0,0
0.732113481,0.0847792327,0.711774111,0,1,0,0,0,1,0.5,1
0.403441399,0.464339733,0.225857958,0,1,0,0,1,0,0.5,1
0.137827039,0.161688715,0.187552691,0,1,0,0,1,0,1.0,2
0.485005289,0.445998639,0.800318539,0,0,1,0,0,1,1.0,1
0.424755424,0.846908987,0.417129695,0,0,1,1,0,0,0.0,0
0.873707175,0.641917467,0.916600049,0,1,0,1,0,0,1.0,0
0.281795532,0.74991852,0.042435091,0,0,1,1,0,0,0.0,0
0.968397498,0.381648898,0.802180827,0,0,1,0,0,1,0.0,2
0.960231185,0.947177827,0.136834413,1,0,0,0,0,1,1.0,1
0.285250068,0.72379899,0.176577196,0,0,1,0,1,0,0.5,0
0.380649358,0.450708866,0.477351725,1,0,0,0,0,1,0.0,0
0.900777936,0.455141574,0.395589948,0,0,1,1,0,0,0.5,1
0.968291104,0.922749996,0.486172318,1,0,0,0,0,1,0.5,0
0.471267134,0.597584486,0.940026522,1,0,0,0,0,1,0.5,1
0.35494718,0.721060276,0.657388926,1,0,0,1,0,0,0.0,1
0.54978931,0.446183473,0.29030937,1,0,0,1,0,0,0.0,1
0.703380764,0.262508124,0.172908708,0,1,0,0,0,1,1.0,2
0.309800804,0.737381339,0.42004627,0,0,1,0,0,1,0.0,1
0.749649525,0.627432585,0.451641023,0,1,0,1,0,0,1.0,0
0.0990744904,0.526275754,0.601294398,0,0,1,1,0,0,0.0,2
0.0968297645,0.642819881,0.266002715,0,1,0,0,0,1,0.5,2
0.416973323,0.24787131,0.767509222,0,0,1,0,0,1,0.0,1
0.385799527,0.804241776,0.0984602422,0,1,0,0,1,0,0.5,0
0.349851549,0.950754642,0.560453355,0,1,0,1,0,0,0.0,2
0.516468763,0.896547973,0.62353164,1,0,0,0,0,1,0.5,1
0.3546969,0.355363965,0.206831574,0,1,0,1,0,0,1.0,0
0.23264502,0.435705483,0.82601136,1,0,0,1,0,0,0.5,2
0.343996078,0.817982197,0.615432143,1,0,0,1,0,0,0.5,1
0.976159036,0.615361273,0.64572221,0,1,0,1,0,0,0.0,0
0.440557748,0.570518732,0.497743517,0,0,1,0,0,1,1.0,2
0.472477138,0.930309892,0.909594238,0,1,0,0,1,0,0.0,2
0.597717762,0.559223711,0.693927586,1,0,0,0,1,0,0.5,2
0.984173715,0.539191723,0.38183555,1,0,0,0,0,1,0.5,0
0.279521227,0.0899176598,0.238605887,0,1,0,0,1,0,0.5,1
0.697218001,0.115946114,0.0710616782,0,1,0,1,0,0,0.5,0
0.730185449,0.0570492931,0.165360838,0,1,0,0,0,1,0.0,0
0.626958191,0.917582035,0.992682934,0,1,0,0,0,1,0.0,1
0.134149417,0.43796733,0.406766891,0,0,1,0,0,1,0.0,2
0.693028688,0.495133311,0.898687243,1,0,0,1,0,0,1.0,1
0.110889979,0.853117585,0.17056936,0,1,0,1,0,0,0.5,2
0.616335511,0.628784001,0.425360858,0,1,0,1,0,0,1.0,1
0.7526021,0.629026532,0.960518479,0,1,0,0,0,1,0.5,2
0.250421405,0.331707716,0.0911322534,1,0,0,1,0,0,0.0,1
0.849540889,0.842212975,0.593984306,1,0,0,0,0,1,0.5,1
0.0788361132,0.207538471,0.919171929,1,0,0,1,0,0,0.5,2
0.851622224,0.100492112,0.949683368,0,1,0,1,0,0,1.0,1
0.487312585,0.232023194,0.846007466,1,0,0,1,0,0,0.0,1
0.256708533,0.304350346,0.855934441,0,1,0,1,0,0,0.5,0
0.177089244,0.318195492,0.652182937,0,1,0,0,1,0,0.0,2
0.955641806,0.686987936,0.220423102,0,0,1,1,0,0,1.0,1
0.119032308,0.256933361,0.730678558,0,0,1,0,1,0,0.5,2
0.239138752,0.692825377,0.978384435,0,0,1,0,0,1,0.5,2
0.380431235,0.136575565,0.525933504,1,0,0,0,0,1,0.5,1
0.639223099,0.189842343,0.260697365,0,0,1,0,1,0,0.5,0
0.56756103,0.533380389,0.573471069,1,0,0,0,0,1,0.0,0
0.169361323,0.925801039,0.690610349,0,1,0,1,0,0,1.0,2
0.325241596,0.866589189,0.20828031,0,0,1,0,1,0,1.0,0
0.276814193,0.970315754,0.719189346,0,0,1,0,1,0,0.5,1
0.252865702,0.667955101,0.587432861,1,0,0,0,0,1,1.0,1
0.440587133,0.692024112,0.612349927,1,0,0,0,0,1,1.0,1
0.71882987,0.643771827,0.305987924,0,0,1,0,1,0,0.0,0
0.256580293,0.641677976,0.155266806,1,0,0,0,0,1,0.0,1
0.398344934,0.189764321,0.623449922,1,0,0,0,1,0,0.0,0
0.421371549,0.566551983,0.58623296,1,0,0,0,1,0,0.0,0
0.977633715,0.416764528,0.338012189,0,1,0,0,1,0,0.5,0
0.956933022,0.470410347,0.295893669,0,0,1,1,0,0,0.0,2
0.810130715,0.547420561,0.347244471,1,0,0,1,0,0,0.5,1
0.279575974,0.171976358,0.489883333,1,0,0,0,0,1,1.0,0
0.114635445,0.391513348,0.97481972,0,1,0,0,1,0,1.0,2
0.35105893,0.110277086,0.763564646,0,1,0,0,0,1,0.0,1
0.303454816,0.980684698,0.851739764,0,1,0,1,0,0,0.5,1
0.530629516,0.16260162,0.505649567,0,1,0,0,0,1,0.5,0
0.788841486,0.295598507,0.526123583,0,0,1,0,1,0,0.5,1
0.865406811,0.896728277,0.204324663,0,0,1,0,1,0,1.0,1
0.8526209,0.508574545,0.721045852,1,0,0,1,0,0,0.0,1
0.391691774,0.178855345,0.42158401,0,0,1,0,1,0,1.0,1
0.702872634,0.415019006,0.74244684,1,0,0,0,0,1,0.5,2
0.347192496,0.160074592,0.409055382,0,0,1,0,1,0,1.0,0
0.107860267,0.240205199,0.108517185,0,0,1,1,0,0,0.0,2
0.71648699,0.0994283557,0.173053682,0,0,1,0,1,0,0.0,0
0.0593361743,0.466316134,0.811570048,1,0,0,1,0,0,0.0,2
0.438723445,0.816304326,0.258616477,1,0,0,0,1,0,0.5,2
0.3629103,0.606670737,0.264354408,0,1,0,1,0,0,1.0,0
0.708708644,0.626028061,0.929368079,1,0,0,1,0,0,0.5,1
0.77793318,0.240554824,0.657635629,0,1,0,0,1,0,0.0,2
0.338889897,0.37669915,0.114307553,1,0,0,0,0,1,0.5,0
0.821045637,0.852980018,0.143585265,1,0,0,1,0,0,0.0,1
0.329220921,0.133463368,0.272367448,0,0,1,0,1,0,1.0,1
0.47401005,0.865034103,0.59399569,1,0,0,0,0,1,0.0,0
0.740667582,0.50950551,0.752825499,0,0,1,0,0,1,1.0,0
0.708274245,0.845290065,0.274496436,1,0,0,0,0,1,1.0,2
0.988000035,0.352106094,0.870642066,0,1,0,0,0,1,0.0,1
0.263902962,0.371900797,0.109180182,1,0,0,1,0,0,1.0,1
0.67920202,0.764024615,0.207599163,0,0,1,1,0,0,1.0,1
0.629197836,0.795746386,0.970464945,0,0,1,1,0,0,0.0,2
0.919343531,0.268162429,0.134744868,0,0,1,0,0,1,0.0,0
0.19854404,0.974227786,0.888111293,0,0,1,1,0,0,0.0,2
0.764208257,0.130265594,0.703935087,1,0,0,0,1,0,0.5,1
0.589855194,0.115077816,0.0730870888,0,0,1,0,0,1,0.0,1
0.310932577,0.615729034,0.483706832,0,0,1,0,1,0,0.0,2
0.50071317,0.736603737,0.518979371,1,0,0,0,0,1,1.0,1
0.367087781,0.962841809,0.932139635,0,0,1,0,1,0,1.0,1
0.600347757,0.434698492,0.42110458,0,1,0,0,1,0,1.0,1
0.894550562,0.0740268379,0.446763605,0,1,0,0,1,0,0.5,0
0.590839744,0.622751534,0.112483755,0,0,1,1,0,0,0.5,0
0.650136292,0.325211227,0.639172554,0,1,0,1,0,0,0.0,0
0.54281044,0.461299777,0.210896969,0,0,1,0,0,1,1.0,0
0.0986072347,0.514046013,0.07753326,1,0,0,1,0,0,1.0,2
0.271215618,0.111286983,0.996918976,0,1,0,1,0,0,1.0,1
0.517401636,0.511682689,0.269629627,0,1,0,1,0,0,0.5,1
0.344723523,0.455003679,0.14105317,1,0,0,0,0,1,0.0,2
0.222675413,0.726917028,0.699490368,0,1,0,0,0,1,0.5,2
0.528926194,0.66338259,0.821682155,0,0,1,1,0,0,1.0,2
0.356669307,0.225954935,0.0640774965,0,0,1,0,0,1,0.5,0
0.295202255,0.245831966,0.105393305,0,1,0,0,0,1,0.0,2
0.490786135,0.288455874,0.0901738256,1,0,0,0,0,1,0.0,0
0.176620051,0.220002919,0.0469593033,0,0,1,1,0,0,1.0,2
0.931358457,0.674352527,0.659456491,0,0,1,1,0,0,0.5,1
0.87431699,0.994708657,0.588313162,0,1,0,0,1,0,1.0,2
0.722239554,0.669502914,0.66280663,1,0,0,0,1,0,1.0,0
0.150903136,0.626347482,0.50566715,0,0,1,0,1,0,0.0,2
0.787083387,0.439431548,0.817507684,1,0,0,0,0,1,1.0,1
0.817559481,0.346951246,0.546668291,0,1,0,0,1,0,1.0,1
0.779376388,0.915520072,0.918746948,0,1,0,0,1,0,0.0,0
0.158267587,0.970551789,0.485648543,0,0,1,0,0,1,0.5,2
0.661712587,0.52193737,0.790658653,1,0,0,0,0,1,0.5,1
0.842608571,0.325690478,0.407360345,1,0,0,1,0,0,0.5,0
0.598485708,0.781616092,0.435223907,0,1,0,0,1,0,0.0,0
0.664086998,0.175833955,0.84899205,0,1,0,1,0,0,1.0,2
0.485445291,0.777308822,0.107659832,0,1,0,0,0,1,0.5,0
0.552271962,0.828000963,0.564917743,0,1,0,0,1,0,0.0,0
0.0826580152,0.168658748,0.726336479,0,1,0,0,1,0,0.5,0
0.657014847,0.978018403,0.75042063,0,0,1,0,1,0,0.5,1
0.127374858,0.986236691,0.591493547,0,0,1,1,0,0,0.5,2
0.463263869,0.93988353,0.448064476,1,0,0,0,1,0,1.0,1
0.328022331,0.521233082,0.26078245,0,0,1,1,0,0,0.0,2
0.56815654,0.283770442,0.909426212,0,0,1,1,0,0,0.5,1
0.176745519,0.60290879,0.369787961,0,0,1,0,0,1,0.5,2
0.707061231,0.448937148,0.798992097,1,0,0,0,1,0,0.0,2
0.805260956,0.245651215,0.031665612,0,0,1,1,0,0,0.0,2
0.205186725,0.452492595,0.232169211,1,0,0,0,1,0,0.0,2
0.149097428,0.680695355,0.34558478,1,0,0,0,1,0,0.0,2
0.188239709,0.117367648,0.671574056,0,0,1,0,0,1,0.0,2
0.883271158,0.366747111,0.319330812,0,0,1,1,0,0,1.0,0
0.551779807,0.0669051483,0.0413638018,0,0,1,1,0,0,0.0,0
0.493897945,0.762020707,0.173867509,0,1,0,0,0,1,0.5,0
0.151376233,0.658656716,0.259165347,1,0,0,1,0,0,1.0,2
0.667078197,0.109538525,0.176047474,1,0,0,1,0,0,0.5,1
0.874599636,0.9665007,0.203724563,0,1,0,1,0,0,1.0,0
0.836776555,0.0714904815,0.768956959,0,1,0,0,0,1,0.0,1
0.644751966,0.610462606,0.412033647,0,0,1,1,0,0,1.0,0
0.121514782,0.787549078,0.405179232,0,1,0,0,1,0,0.5,2
0.156777173,0.798501492,0.966606319,0,1,0,0,0,1,1.0,1
0.0968435407,0.0825708807,0.446701825,0,1,0,0,0,1,1.0,2
0.294605255,0.911094368,0.927658141,1,0,0,0,0,1,0.0,1
0.178878397,0.922529101,0.299063087,0,1,0,1,0,0,0.5,2
0.297045648,0.583320856,0.400626272,0,0,1,0,0,1,1.0,0
0.415805161,0.507979035,0.396283358,1,0,0,1,0,0,0.5,1
0.945833623,0.0926240906,0.546078861,1,0,0,0,1,0,1.0,2
0.629857242,0.583856463,0.584247291,0,1,0,0,0,1,0.5,2
0.843225121,0.438910127,0.248125032,0,1,0,0,0,1,0.5,2
0.724833906,0.784166098,0.793584228,0,1,0,0,0,1,0.5,1
0.15687798,0.433689386,0.496525943,0,1,0,0,1,0,0.0,2
0.749124408,0.699401796,0.00704355352,0,0,1,1,0,0,0.0,2
0.311343938,0.146337733,0.591340661,0,1,0,0,0,1,0.5,0
0.657152474,0.176304653,0.798059464,0,0,1,0,1,0,0.5,2
0.373913884,0.182724684,0.250466734,0,1,0,1,0,0,0.0,2
0.997788668,0.0932492241,0.0378710106,0,1,0,0,0,1,1.0,2
0.300373912,0.56426239,0.807178676,0,0,1,1,0,0,0.5,0
0.315173954,0.804269314,0.976276696,0,1,0,0,0,1,0.5,1
0.934138656,0.629890621,0.0765636116,1,0,0,0,1,0,0.0,1
0.0734121874,0.596207142,0.938036799,0,0,1,1,0,0,1.0,2
0.711854517,0.696592748,0.359274417,0,0,1,0,1,0,0.5,1
0.739060044,0.372663051,0.941439629,1,0,0,0,0,1,0.5,1
0.844559669,0.393856376,0.648839295,0,0,1,0,1,0,0.5,1
0.975717366,0.348556608,0.890244305,0,1,0,1,0,0,0.5,1
0.97682184,0.726503491,0.785833001,0,0,1,1,0,0,0.0,1
0.112012923,0.203558326,0.0279977433,0,0,1,0,0,1,1.0,2
0.830747366,0.0623740181,0.0654425025,1,0,0,1,0,0,1.0,1
0.663994431,0.616386652,0.525744617,0,0,1,0,0,1,0.5,2
0.664975047,0.945262313,0.129619017,0,1,0,0,1,0,1.0,2
0.171932429,0.628937542,0.461034238,0,0,1,0,1,0,1.0,2
0.66767782,0.793775558,0.954630315,0,0,1,0,1,0,1.0,2
0.983358443,0.689151168,0.294757277,1,0,0,0,0,1,0.5,1
0.916227639,0.522564828,0.488912702,1,0,0,0,1,0,1.0,1
0.467174143,0.732472777,0.384259641,0,0,1,0,0,1,1.0,2
0.0879505724,0.832898915,0.629826963,0,1,0,0,1,0,0.5,0
0.394178808,0.263495058,0.193844929,1,0,0,0,1,0,0.0,1
0.835070789,0.369323969,0.259939283,1,0,0,1,0,0,0.0,1
0.716424167,0.262539446,0.858767867,0,1,0,0,1,0,0.0,1
0.486376464,0.479564309,0.811336219,1,0,0,0,1,0,0.0,1
0.102346458,0.890811324,0.789189696,0,0,1,0,0,1,1.0,2
0.455549985,0.377946734,0.770919621,1,0,0,1,0,0,0.5,1
0.495573699,0.405743539,0.45943749,0,1,0,0,0,1,0.0,1
0.932127774,0.86734885,0.728890777,0,0,1,0,1,0,0.5,2
0.659031808,0.539605618,0.387204826,0,1,0,0,1,0,0.0,1
0.34607026,0.558676541,0.10070958,0,1,0,1,0,0,1.0,1
0.549052358,0.867761135,0.393374652,0,1,0,0,1,0,0.5,2
0.112752542,0.51600039,0.158663049,0,1,0,0,0,1,0.0,2
0.973939836,0.697479665,0.390851676,1,0,0,0,0,1,1.0,0
0.392056912,0.131362438,0.29742521,1,0,0,1,0,0,1.0,0
0.503973961,0.219700128,0.599160671,1,0,0,0,1,0,1.0,1
0.387519777,0.434157401,0.361540407,1,0,0,1,0,0,0.0,1
0.698386133,0.520097136,0.705589652,0,0,1,0,1,0,0.5,1
0.679120541,0.967447042,0.512146652,1,0,0,0,1,0,0.0,0
0.729556203,0.972119033,0.919492304,0,1,0,0,1,0,1.0,1
0.304736078,0.858637214,0.0910254344,0,0,1,0,0,1,1.0,1
0.349885046,0.349818885,0.687709212,1,0,0,1,0,0,0.0,2
0.168988675,0.965826869,0.672396898,1,0,0,0,0,1,0.5,2
0.672734499,0.7048738,0.950626552,0,0,1,0,0,1,0.0,0
0.0878072679,0.423293114,0.371551871,1,0,0,0,0,1,0.5,2
0.617798209,0.716591179,0.305437982,0,1,0,1,0,0,0.5,1
0.876211107,0.0656965896,0.172393441,0,1,0,0,0,1,0.0,0
0.896290541,0.188846946,0.265288502,0,1,0,0,0,1,0.5,0
0.476585865,0.838201404,0.501890779,0,1,0,0,1,0,0.5,0
0.486338496,0.663294971,0.837712944,1,0,0,0,1,0,1.0,2
0.123120725,0.395984977,0.284286618,0,1,0,0,0,1,1.0,2
0.687226772,0.525633335,0.157742113,1,0,0,1,0,0,1.0,2
0.83019644,0.909885049,0.272128463,1,0,0,0,0,1,1.0,2
0.282422304,0.649999201,0.100926973,1,0,0,1,0,0,0.5,1
0.450235844,0.428241819,0.926695406,1,0,0,0,1,0,0.5,1
0.846897364,0.164310321,0.872624159,0,0,1,1,0,0,1.0,1
0.883264422,0.329059452,0.308491707,0,0,1,0,0,1,0.0,0
0.281020969,0.979423225,0.24698782,0,0,1,0,1,0,1.0,2
0.573042095,0.465494901,0.905397296,0,1,0,1,0,0,0.0,1
0.232868493,0.498247504,0.00177195133,1,0,0,0,0,1,0.0,1
0.146784827,0.52366811,0.600577533,1,0,0,0,0,1,1.0,2
0.915564477,0.889898837,0.916003764,0,1,0,1,0,0,0.0,1
0.829482138,0.623731852,0.508557498,0,0,1,1,0,0,0.0,2
0.772033155,0.708993196,0.0029669595,1,0,0,1,0,0,1.0,1
0.0963280052,0.419942856,0.21887143,0,1,0,0,0,1,0.5,2
0.851542354,0.0776332393,0.922441602,0,0,1,0,1,0,0.0,1
0.46614188,0.934424281,0.0170224234,0,1,0,0,1,0,1.0,2
0.375275373,0.951671302,0.394779772,0,1,0,0,0,1,0.5,2
0.569152534,0.951695383,0.789744735,1,0,0,1,0,0,0.5,1
0.136785582,0.946502745,0.838091016,0,0,1,0,0,1,0.5,2
0.768814206,0.824479818,0.477607936,0,0,1,0,0,1,0.5,1
0.603313327,0.700366259,0.232483745,1,0,0,0,0,1,0.5,0
0.22726059,0.852284431,0.599704742,0,0,1,0,0,1,0.0,2
0.228820592,0.620518923,0.263778031,0,1,0,0,1,0,0.5,2
0.225036219,0.177651137,0.255264252,0,1,0,1,0,0,0.0,2
0.10415227,0.421657264,0.807599783,0,1,0,0,0,1,1.0,2
0.608408511,0.97273016,0.154265836,1,0,0,0,0,1,1.0,2
0.848330796,0.383580923,0.0055214786,0,0,1,1,0,0,1.0,1
0.0666233003,0.874436498,0.336775213,1,0,0,1,0,0,0.5,2
0.0965544134,0.138550892,0.490973949,1,0,0,0,0,1,1.0,2
0.594131768,0.367474645,0.70508039,1,0,0,0,0,1,0.0,1
0.828520894,0.383405656,0.781115234,1,0,0,1,0,0,0.0,1
0.360401958,0.0990224183,0.663519204,0,0,1,1,0,0,0.5,2
0.382133693,0.163139611,0.626508892,0,1,0,0,1,0,0.5,0
0.616529167,0.233506948,0.665748715,0,1,0,0,0,1,1.0,1
0.310502231,0.845924795,0.271526515,0,1,0,1,0,0,0.5,2
0.0752779469,0.110231891,0.382361323,0,0,1,1,0,0,0.5,0
0.748467088,0.333765864,0.616436481,0,0,1,0,1,0,1.0,0
0.644367397,0.0596662536,0.0655706599,0,0,1,0,1,0,0.5,0
0.601718187,0.710846364,0.295325339,0,1,0,1,0,0,0.0,0
0.754599929,0.639287949,0.406418949,0,0,1,0,0,1,0.5,1
0.691469312,0.662733138,0.533440709,0,1,0,0,0,1,1.0,0
0.245587885,0.405663639,0.486482114,0,1,0,0,0,1,0.0,2
0.384856999,0.247854427,0.7181319,1,0,0,0,1,0,1.0,1
0.169804633,0.73430419,0.47342667,0,0,1,1,0,0,1.0,1
0.173364162,0.820562005,0.904129982,1,0,0,1,0,0,0.5,2
0.692385972,0.181671426,0.380318344,0,0,1,0,1,0,1.0,0
0.865670085,0.512487948,0.52537173,0,0,1,0,0,1,0.0,2
0.964595973,0.286279887,0.00321038952,1,0,0,1,0,0,0.0,2
0.646929741,0.209701523,0.310477942,0,0,1,0,0,1,0.0,1
0.224896252,0.747609019,0.866572976,0,0,1,1,0,0,0.0,2
0.150367826,0.561192095,0.333576381,0,0,1,0,1,0,0.5,2
0.822208405,0.255376071,0.253186345,0,1,0,0,1,0,1.0,1
0.599818647,0.344500005,0.543536961,0,1,0,0,0,1,0.5,0
0.637370765,0.968320966,0.0787300989,0,0,1,0,1,0,0.0,1
0.792388976,0.856245577,0.531605124,1,0,0,1,0,0,0.5,1
0.718113363,0.885949433,0.303665787,0,1,0,0,1,0,1.0,2
0.84273535,0.487011492,0.383102894,0,1,0,0,0,1,1.0,1
0.103403211,0.642616928,0.791365027,0,0,1,0,1,0,0.5,0
0.760144591,0.407929361,0.661963999,0,1,0,1,0,0,1.0,0
0.858310103,0.123826377,0.446106106,1,0,0,0,1,0,0.0,1
0.321828276,0.431015849,0.577516317,1,0,0,1,0,0,0.5,1
0.658424914,0.614281714,0.766858757,1,0,0,0,0,1,1.0,1
0.348453969,0.322787046,0.745783746,1,0,0,1,0,0,0.0,1
0.960072517,0.855553031,0.185321704,0,1,0,0,1,0,0.5,0
0.0817523971,0.193545148,0.300919235,0,1,0,0,1,0,1.0,2
0.600803196,0.398772627,0.348236918,1,0,0,0,0,1,1.0,0
0.208178371,0.168658704,0.187542289,0,1,0,0,1,0,0.0,2
0.72660917,0.434590518,0.0121614542,0,0,1,0,0,1,1.0,0
0.217095762,0.0876782387,0.173967272,0,0,1,0,0,1,0.5,2
0.273614109,0.308921933,0.808244348,0,0,1,1,0,0,0.0,1
0.519652247,0.430698484,0.545920432,0,0,1,0,1,0,0.5,1
0.919093192,0.504257083,0.341658026,0,0,1,1,0,0,0.0,1
0.251128644,0.566511512,0.608344436,1,0,0,0,0,1,1.0,1
0.187028021,0.311241567,0.73983413,0,1,0,0,0,1,0.0,2
0.771027982,0.546889246,0.354427785,1,0,0,0,0,1,0.0,0
0.525588572,0.533554375,0.466074854,1,0,0,1,0,0,0.5,1
0.916195869,0.350369155,0.0642132163,1,0,0,1,0,0,1.0,1
0.189283833,0.838690341,0.597090542,0,1,0,0,0,1,0.5,1
0.663631499,0.568359077,0.356407106,0,0,1,0,1,0,0.5,2
0.271235198,0.365656227,0.433523655,1,0,0,0,1,0,1.0,1
0.198922411,0.949971616,0.422600627,0,1,0,0,1,0,0.0,2
0.69925797,0.852856815,0.632409275,1,0,0,0,0,1,0.5,0
0.61400038,0.9834584,0.57246536,0,1,0,0,0,1,0.0,2
0.767086089,0.70762217,0.422106057,1,0,0,0,1,0,1.0,2
0.343989462,0.409311771,0.0169550218,0,0,1,1,0,0,0.0,0
0.475573063,0.316817641,0.62096262,0,1,0,0,1,0,1.0,2
0.435198098,0.680151939,0.879577458,1,0,0,1,0,0,1.0,1
0.984884977,0.981775761,0.769551575,0,0,1,0,1,0,0.0,1
0.32763651,0.645379305,0.981615603,0,0,1,0,0,1,1.0,1
0.330076367,0.887534201,0.139075339,0,1,0,0,1,0,0.5,0
0.386820793,0.362648249,0.222520053,0,0,1,1,0,0,0.5,2
0.586364388,0.436606079,0.53926748,0,1,0,1,0,0,0.0,0
0.289706618,0.910961449,0.235881701,0,1,0,0,1,0,0.5,0
0.919525445,0.769023359,0.0345497802,0,0,1,0,0,1,1.0,2
0.302401274,0.982339799,0.402288288,0,0,1,0,0,1,0.5,1
0.901024938,0.786026001,0.287644744,0,1,0,1,0,0,0.5,2
0.148301303,0.476089925,0.263760835,0,0,1,0,0,1,0.0,0
0.673734546,0.554514647,0.953172803,0,1,0,0,1,0,1.0,1
0.911636233,0.905489743,0.238454118,0,0,1,1,0,0,0.5,0
0.210311964,0.574064374,0.129432574,0,1,0,1,0,0,1.0,2
0.969910622,0.292627513,0.125319257,0,0,1,0,1,0,0.0,0
0.480239183,0.463838816,0.806324065,0,0,1,0,1,0,0.5,1
0.948429346,0.540500164,0.714848101,1,0,0,0,1,0,1.0,1
0.692979038,0.141883835,0.129486188,1,0,0,0,0,1,0.5,0
0.336507529,0.756574512,0.219753116,0,1,0,0,0,1,0.0,1
0.228887394,0.153886244,0.747343004,1,0,0,0,0,1,0.0,2
0.338548303,0.434671819,0.27461639,1,0,0,0,1,0,1.0,1
0.138366535,0.814391315,0.981542051,0,1,0,0,0,1,0.5,2
0.186674565,0.494191855,0.54057008,0,0,1,0,0,1,0.5,0
0.149427414,0.84991473,0.192007974,0,0,1,0,1,0,1.0,1
0.451796353,0.374787241,0.858808458,0,1,0,0,1,0,0.0,2
0.805799484,0.959754467,0.319475532,1,0,0,0,1,0,0.0,0
0.18431437,0.248995006,0.288807362,0,0,1,1,0,0,0.5,2
0.173804417,0.0863509402,0.327441245,1,0,0,0,1,0,1.0,1
0.661257505,0.87880522,0.768197238,0,1,0,0,1,0,0.5,1
0.237323835,0.764592588,0.173212945,1,0,0,0,0,1,0.0,2
0.142729536,0.27038464,0.38178578,0,1,0,1,0,0,0.0,2
0.208506152,0.985504508,0.0308327731,0,1,0,0,0,1,0.0,2
0.927544832,0.527166128,0.826626599,0,0,1,1,0,0,0.5,2
0.830397666,0.953512192,0.340718776,0,1,0,0,1,0,1.0,2
0.386361331,0.529777348,0.248172924,0,0,1,1,0,0,0.5,0
0.673029721,0.498280853,0.579893231,0,1,0,0,1,0,1.0,2
0.56041187,0.47668162,0.704991877,0,0,1,1,0,0,0.5,0
0.693268061,0.368131518,0.812896013,1,0,0,0,0,1,1.0,1
0.698537588,0.557016432,0.347784936,0,1,0,1,0,0,1.0,0
0.647297323,0.479926914,0.812300861,1,0,0,1,0,0,0.0,1
0.302796304,0.0849095359,0.464881003,0,1,0,0,1,0,0.0,0
0.0870561004,0.297413468,0.101142265,0,1,0,0,0,1,0.5,2
0.482788444,0.252466649,0.846307456,0,1,0,0,0,1,1.0,1
0.896425188,0.874063849,0.54763478,0,0,1,0,1,0,0.0,1
0.591022372,0.618926466,0.602469563,0,0,1,0,1,0,0.5,0
0.840771496,0.775498927,0.937491298,1,0,0,0,0,1,0.0,1
0.992043138,0.958984733,0.559151471,1,0,0,1,0,0,1.0,1
0.205435395,0.66183728,0.00558353076,0,1,0,0,0,1,0.0,2
0.707188785,0.9834795,0.87061584,1,0,0,0,0,1,0.5,1
0.690578878,0.346175849,0.284751087,0,1,0,0,0,1,0.5,2
0.980957687,0.226953819,0.50176692,0,1,0,0,1,0,0.5,1
0.986320674,0.433144391,0.2048866,0,1,0,0,1,0,0.5,1
0.702344656,0.497259438,0.29698357,0,0,1,1,0,0,0.0,2
0.281434059,0.90059346,0.686648846,1,0,0,1,0,0,0.5,1
0.808628023,0.581943393,0.429573357,0,0,1,0,0,1,0.5,2
0.151677683,0.327571958,0.627130628,0,1,0,0,1,0,0.0,2
0.791664362,0.755502582,0.823575675,0,1,0,0,0,1,0.0,2
0.914686322,0.530540347,0.340822011,0,0,1,0,1,0,1.0,1
0.413691729,0.204025343,0.568340063,1,0,0,0,0,1,0.5,2
0.649103522,0.597978771,0.777587891,0,0,1,1,0,0,0.0,1
0.458635598,0.915824831,0.715123177,0,0,1,0,0,1,0.5,1
0.465876788,0.850491464,0.53984344,1,0,0,0,1,0,0.0,2
0.344852358,0.607469499,0.383383512,0,1,0,0,1,0,0.0,2
0.774023116,0.408229023,0.407501996,1,0,0,0,0,1,0.5,0
0.939367712,0.132629812,0.433135211,1,0,0,1,0,0,1.0,1
0.943713307,0.496166468,0.348845541,0,0,1,0,0,1,0.5,1
0.216042221,0.764475465,0.699075639,0,1,0,0,0,1,1.0,2
0.881006479,0.392260045,0.125415251,0,1,0,0,1,0,1.0,0
0.750559866,0.273674488,0.967454135,0,1,0,0,1,0,0.5,1
0.290195525,0.934810758,0.7789855,0,0,1,1,0,0,1.0,1
0.113920383,0.830477893,0.298163056,0,0,1,0,0,1,0.5,2
0.304597408,0.656361818,0.0425475687,1,0,0,1,0,0,0.0,2
0.916597843,0.179944173,0.711303174,1,0,0,0,0,1,1.0,2
0.651519716,0.187663391,0.734359026,0,0,1,1,0,0,0.5,1
0.735001922,0.148058608,0.96362263,1,0,0,0,0,1,1.0,1
0.294294745,0.635481834,0.253705561,0,0,1,1,0,0,0.5,2
0.733418763,0.15978466,0.0827250928,1,0,0,0,0,1,0.5,2
0.0767154321,0.850495815,0.915134728,0,1,0,0,1,0,1.0,2
0.406555265,0.99331677,0.258649021,0,0,1,0,0,1,0.0,1
0.645415664,0.398030788,0.721531451,1,0,0,0,0,1,0.0,1
0.188791737,0.480986357,0.0606596395,0,0,1,0,1,0,1.0,2
0.83185339,0.726083815,0.760584831,0,0,1,0,0,1,0.5,0
0.273279727,0.940295339,0.127025902,1,0,0,1,0,0,0.0,1
0.669667065,0.899389088,0.695586324,1,0,0,0,0,1,0.5,2
0.434937298,0.10471224,0.53234303,0,0,1,1,0,0,1.0,2
0.616241395,0.210618213,0.955488145,0,0,1,0,1,0,0.5,1
0.152078018,0.76686734,0.0369176418,1,0,0,1,0,0,0.0,1
0.0660671592,0.704448462,0.292048752,0,1,0,0,1,0,0.0,2
0.914086223,0.17655766,0.0695089176,0,1,0,1,0,0,1.0,1
0.306148499,0.526961327,0.879197657,0,1,0,0,1,0,1.0,1
0.828693151,0.791773915,0.593901157,0,0,1,0,0,1,1.0,1
0.999382794,0.257841647,0.534969628,0,1,0,1,0,0,0.5,0
0.250859708,0.877723277,0.131457895,0,0,1,0,1,0,0.0,1
0.301912218,0.100323185,0.489032269,1,0,0,0,0,1,1.0,1
0.679716825,0.793085337,0.398703665,0,1,0,0,0,1,0.0,1
0.967176199,0.635027945,0.31575188,1,0,0,0,1,0,0.0,2
0.92002362,0.349439383,0.772188962,0,1,0,0,1,0,0.0,1
0.527731717,0.734885931,0.061276041,0,1,0,1,0,0,0.0,1
0.805354774,0.793247521,0.646685719,1,0,0,0,1,0,1.0,1
0.178958565,0.937204003,0.82299304,1,0,0,0,0,1,1.0,2
0.978566289,0.399385929,0.907307267,0,0,1,0,1,0,0.5,1
0.966135561,0.701715887,0.745916605,1,0,0,1,0,0,1.0,1
0.205542505,0.622485459,0.282455683,0,0,1,1,0,0,0.0,0
0.334451973,0.548945785,0.600507438,0,0,1,1,0,0,0.5,2
0.145147249,0.89589566,0.141403615,1,0,0,1,0,0,0.5,2
0.308131725,0.0530089475,0.117060624,0,1,0,1,0,0,1.0,1
0.825158,0.318006039,0.638624132,0,1,0,1,0,0,1.0,0
0.409399837,0.561363399,0.851107657,0,1,0,0,1,0,0.0,1
0.133977115,0.219378605,0.0672481284,1,0,0,1,0,0,1.0,2
0.375114262,0.912473202,0.106003731,0,1,0,0,1,0,0.5,0
0.982314169,0.665215373,0.565607309,0,0,1,0,1,0,0.0,1
0.648199439,0.503988862,0.218211859,1,0,0,0,0,1,0.0,1
0.445352912,0.823966682,0.611818135,0,0,1,0,1,0,0.5,2
0.208211586,0.478341877,0.214543819,0,1,0,0,1,0,0.5,2
0.986867964,0.580720365,0.116481975,0,1,0,0,1,0,0.5,0
0.829806566,0.0526134446,0.545574963,0,1,0,1,0,0,0.5,0
0.317403436,0.397415489,0.862195134,0,0,1,0,1,0,1.0,1
0.116565257,0.181850955,0.685121953,0,1,0,0,0,1,0.5,0
0.103794277,0.705204248,0.818725109,0,0,1,0,1,0,1.0,1
0.164359242,0.505075634,0.26633516,1,0,0,1,0,0,0.5,1
0.601730168,0.336669683,0.885978639,1,0,0,0,1,0,0.5,2
0.932325244,0.494440734,0.377039164,1,0,0,1,0,0,0.5,1
0.521906257,0.249148399,0.852447689,0,1,0,1,0,0,1.0,1
0.85079819,0.928832293,0.471175581,0,0,1,1,0,0,0.5,1
0.473592281,0.101273999,0.267857641,0,1,0,0,1,0,1.0,1
0.723154366,0.872146189,0.260258824,1,0,0,0,1,0,0.0,2
0.745279074,0.535790861,0.567667902,1,0,0,0,1,0,0.0,2
0.215265527,0.637999177,0.0790102705,0,1,0,0,0,1,0.5,2
0.393155247,0.33747533,0.930056214,0,1,0,0,0,1,0.5,1
0.655437052,0.968362749,0.271463484,0,1,0,1,0,0,0.5,0
0.117161781,0.317758411,0.335624814,0,0,1,0,0,1,0.5,2
0.393463165,0.609434068,0.23330155,0,1,0,0,1,0,0.0,2
0.558059514,0.993745863,0.00300796051,1,0,0,0,1,0,1.0,2
0.996413291,0.887039661,0.692550242,1,0,0,0,1,0,0.5,0
0.500806868,0.55951333,0.590552926,0,0,1,0,0,1,0.0,0
0.825253904,0.990855813,0.80964452,0,1,0,1,0,0,1.0,1
0.460463911,0.716301382,0.0410107747,0,0,1,0,0,1,0.5,0
0.806571186,0.248265401,0.928655624,0,1,0,1,0,0,0.0,2
0.615644038,0.435316414,0.33088693,1,0,0,0,1,0,0.5,1
0.892265677,0.367768675,0.913069844,0,1,0,1,0,0,0.5,0
0.440395415,0.376813024,0.107131481,0,1,0,0,0,1,0.0,1
0.624089181,0.772433639,0.743920565,1,0,0,0,0,1,0.5,1
0.648517728,0.605049789,0.57935822,1,0,0,0,0,1,0.5,0
0.446513802,0.0861880779,0.358191222,1,0,0,0,1,0,0.0,0
0.187096447,0.883576035,0.0791423991,0,1,0,0,1,0,0.5,2
0.13888143,0.331956327,0.604736507,0,0,1,0,0,1,1.0,2
0.0658379719,0.997221112,0.0264398828,0,1,0,0,1,0,0.5,2
0.87985754,0.956481218,0.501282096,0,0,1,0,0,1,0.0,0
0.27465117,0.943504155,0.604208589,0,1,0,1,0,0,0.5,0
0.250931412,0.820571244,0.732523739,0,1,0,1,0,0,0.5,1
0.749233603,0.259582669,0.991334617,0,1,0,0,1,0,0.5,0
0.354015321,0.556001127,0.260093719,0,1,0,0,1,0,1.0,2
0.530742466,0.263087481,0.322389811,0,0,1,0,1,0,0.5,0
0.204385519,0.296691686,0.341145337,0,1,0,0,1,0,0.0,2
0.961758435,0.630404174,0.731582701,1,0,0,1,0,0,0.0,1
0.859002352,0.0887918696,0.93181926,1,0,0,0,0,1,0.0,1
0.870600164,0.970985651,0.97432375,0,1,0,0,0,1,0.0,1
0.436435074,0.922739506,0.945811391,0,0,1,0,1,0,0.5,1
0.774243176,0.411729187,0.879383028,1,0,0,0,0,1,1.0,1
0.186682343,0.539651334,0.990977347,1,0,0,0,1,0,0.0,2
0.058188051,0.492813438,0.375945717,1,0,0,0,0,1,0.5,0
0.0689742863,0.888089776,0.948321342,0,1,0,0,1,0,1.0,2
0.607271671,0.704171777,0.761019945,1,0,0,0,1,0,1.0,1
0.482625157,0.314205676,0.168459862,0,0,1,0,0,1,0.0,0
0.542114556,0.474499196,0.0454651862,0,0,1,0,1,0,0.5,1
0.0570899844,0.457517684,0.214483961,0,0,1,0,0,1,0.5,2
0.451552302,0.961368382,0.778751135,1,0,0,1,0,0,0.5,1
0.732164741,0.216545358,0.63169688,1,0,0,0,1,0,0.5,0
0.470559031,0.135097519,0.224356264,0,0,1,0,1,0,0.0,2
0.74560827,0.886587918,0.741921425,1,0,0,1,0,0,1.0,1
0.271368027,0.901851714,0.14132224,0,0,1,0,1,0,1.0,0
0.82248491,0.878152132,0.821841419,0,1,0,1,0,0,0.0,1
0.609009683,0.535428047,0.794160962,0,1,0,0,0,1,1.0,1
0.250224948,0.676757216,0.972575963,0,1,0,1,0,0,1.0,1
0.274884462,0.585194886,0.150279567,1,0,0,0,0,1,0.0,2
0.646628916,0.115975432,0.906612992,0,1,0,1,0,0,0.0,2
0.838442624,0.61604315,0.34110266,0,1,0,1,0,0,1.0,0
0.444846392,0.0629334375,0.416059852,0,0,1,1,0,0,0.0,2
0.29538542,0.358738035,0.468445063,0,0,1,0,1,0,0.5,2
0.873661041,0.935677946,0.62690407,0,0,1,0,1,0,0.5,1
0.685804904,0.338843018,0.994763374,0,1,0,0,1,0,1.0,1
0.475681216,0.942835331,0.599958777,0,0,1,0,1,0,0.0,2
0.513505161,0.28762725,0.926715851,0,1,0,0,0,1,0.5,2
0.244043648,0.348834127,0.255028188,1,0,0,1,0,0,0.0,2
0.645462513,0.64698714,0.398411661,0,1,0,0,0,1,1.0,0
0.390805393,0.773545623,0.504499555,0,0,1,1,0,0,1.0,0
0.995862901,0.526318371,0.322901994,0,0,1,1,0,0,0.0,0
0.506174326,0.888009906,0.97686708,0,0,1,0,0,1,0.0,2
0.511591315,0.0882283971,0.72568357,0,0,1,1,0,0,0.0,1
0.587559223,0.926085114,0.478881359,1,0,0,0,1,0,0.5,2
0.920918226,0.23649241,0.751304686,1,0,0,0,1,0,1.0,1
0.810777187,0.890026808,0.467442513,0,1,0,0,0,1,1.0,0
0.478573561,0.430820018,0.017225327,0,0,1,0,0,1,0.5,0
0.732764304,0.84111923,0.5431934,1,0,0,0,0,1,0.5,0
0.606923699,0.688082278,0.625185192,1,0,0,0,1,0,0.5,2
0.517748713,0.217144549,0.98120743,1,0,0,1,0,0,1.0,0
0.23269999,0.922145188,0.0407928489,0,0,1,0,0,1,0.0,2
0.490739465,0.28324151,0.512096941,1,0,0,1,0,0,0.0,1
0.283527672,0.281933099,0.0981547534,0,0,1,1,0,0,1.0,2
0.919100046,0.823469937,0.148995906,1,0,0,0,0,1,1.0,2
0.368636459,0.150579587,0.610463321,1,0,0,0,0,1,0.0,0
0.954650819,0.260934114,0.231567711,0,0,1,0,1,0,0.5,0
0.556402504,0.528493702,0.749174118,0,0,1,0,0,1,0.5,1
0.649967134,0.838953197,0.51419872,0,0,1,0,1,0,1.0,0
0.565793395,0.190109774,0.218212888,1,0,0,0,1,0,1.0,1
0.172911584,0.570284843,0.49379167,0,1,0,1,0,0,1.0,2
0.407030165,0.725678563,0.000881726912,0,1,0,0,1,0,1.0,2
0.144188806,0.867565453,0.86274004,0,0,1,1,0,0,0.0,2
0.641806364,0.938787282,0.0126783773,0,0,1,0,1,0,0.0,0
0.474530488,0.795407891,0.00700989272,0,1,0,0,0,1,1.0,2
0.789085746,0.670186996,0.611503959,0,1,0,1,0,0,0.0,0
0.259446949,0.461939067,0.973520935,0,0,1,0,0,1,0.5,1
0.20633775,0.156504646,0.855933487,0,0,1,1,0,0,0.5,2
0.436015606,0.724250317,0.252018899,0,0,1,0,1,0,1.0,2
0.930256128,0.993100464,0.196666807,0,1,0,1,0,0,0.5,2
0.724900723,0.749922574,0.626112163,0,1,0,0,0,1,1.0,0
0.447977453,0.0658755377,0.822637737,0,1,0,1,0,0,0.0,0
0.541408539,0.521447003,0.362078667,0,0,1,0,0,1,1.0,1
0.130002365,0.633914292,0.432354599,1,0,0,1,0,0,0.5,2
0.985347092,0.70519048,0.115489513,0,1,0,0,1,0,1.0,0
0.683086932,0.733739555,0.152826428,1,0,0,1,0,0,0.0,1
0.321133852,0.580202997,0.568351567,1,0,0,0,0,1,0.0,1
0.606517971,0.262192309,0.102656148,0,1,0,0,1,0,1.0,0
0.154008254,0.945090652,0.202046126,0,1,0,1,0,0,0.5,2
0.967544854,0.711833119,0.234677017,0,1,0,0,1,0,1.0,0
0.216045737,0.274998039,0.443924546,0,0,1,0,0,1,1.0,2
0.665628791,0.356205732,0.0456119627,1,0,0,0,1,0,0.5,0
0.283181727,0.925831258,0.499770969,1,0,0,0,0,1,1.0,1
0.731683314,0.893110931,0.9286744,1,0,0,1,0,0,0.0,1
0.787980318,0.434889108,0.024463661,1,0,0,0,0,1,0.0,2
0.689748764,0.0863918588,0.630984843,0,0,1,0,0,1,0.5,2
0.633774459,0.0960725024,0.835842371,0,1,0,0,0,1,0.0,0
0.897845626,0.319722384,0.31246084,0,1,0,0,0,1,0.0,1
0.124695376,0.647666097,0.131518543,0,0,1,1,0,0,0.5,2
0.364369035,0.604984879,0.0433397889,0,1,0,0,0,1,1.0,1
0.285873115,0.652136385,0.643903077,1,0,0,0,0,1,1.0,0
0.988613248,0.731418848,0.552234352,0,0,1,1,0,0,0.5,1
0.419920295,0.0680806413,0.229294986,0,0,1,0,0,1,0.5,0
0.745982051,0.14983131,0.831617296,1,0,0,1,0,0,1.0,1
0.700488925,0.391509265,0.735506356,0,0,1,1,0,0,0.0,1
0.251477182,0.197117001,0.276428789,1,0,0,0,0,1,1.0,1
0.277047783,0.121554039,0.753363013,0,0,1,0,1,0,0.0,1
0.31722033,0.658916175,0.244994208,0,1,0,1,0,0,0.0,2
0.440570921,0.824569643,0.675267458,1,0,0,1,0,0,0.5,1
0.272608817,0.764995337,0.11854504,0,1,0,0,1,0,0.0,2
0.0686689094,0.826187789,0.692239463,0,0,1,0,1,0,0.5,2
0.885423422,0.682563722,0.238774419,0,0,1,0,0,1,0.0,1
0.967329323,0.748578072,0.572469354,0,0,1,0,1,0,1.0,1
0.37449187,0.308189839,0.172463864,0,0,1,1,0,0,0.0,1
0.371581525,0.993357658,0.72596693,0,0,1,0,1,0,1.0,1
0.0567372218,0.224007368,0.0608795732,0,1,0,1,0,0,0.5,2
0.69623816,0.253769189,0.16541779,1,0,0,0,0,1,0.5,0
0.834167898,0.324475735,0.18413648,0,0,1,0,1,0,0.0,0
0.189277887,0.976565838,0.0413435847,0,0,1,0,1,0,1.0,2
0.20168303,0.988874137,0.745012522,0,0,1,0,0,1,0.0,2
0.800579071,0.805149078,0.980952501,0,1,0,0,0,1,0.5,1
0.635476232,0.647604704,0.778397799,0,0,1,0,1,0,1.0,1
0.0926175267,0.544059455,0.860631943,0,0,1,0,1,0,0.5,2
0.641419649,0.972089827,0.00600766018,0,0,1,0,1,0,0.5,0
0.343471825,0.710841656,0.117869966,1,0,0,0,1,0,0.0,1
0.40028891,0.947493613,0.55902034,1,0,0,1,0,0,0.0,1
0.781244874,0.350723267,0.977868855,0,0,1,0,1,0,0.0,1
0.820388436,0.367086053,0.660712957,1,0,0,1,0,0,0.0,1
0.4303388,0.861988366,0.374136686,0,0,1,0,0,1,0.5,0
0.949795306,0.192362174,0.146149307,0,0,1,1,0,0,0.5,1
0.436139584,0.948631465,0.152835697,1,0,0,0,0,1,1.0,0
0.783244252,0.532100618,0.362753212,1,0,0,0,1,0,0.0,1
0.50968343,0.930093169,0.713810205,0,0,1,0,0,1,1.0,1
0.902655721,0.369953156,0.0318192914,1,0,0,0,0,1,0.0,2
0.912373185,0.730160952,0.85217762,1,0,0,1,0,0,1.0,1
0.133045971,0.508731365,0.941551447,1,0,0,0,0,1,1.0,2
0.939668655,0.645463467,0.888816476,0,1,0,0,1,0,0.0,1
0.83425808,0.529153883,0.913026929,0,1,0,0,1,0,0.0,0
0.801745176,0.968759835,0.0153392795,0,1,0,0,0,1,0.5,2
0.240865767,0.7075001,0.977792323,0,1,0,0,0,1,0.5,2
0.814863265,0.288753033,0.366357118,0,1,0,0,1,0,0.0,0
0.857626081,0.914193094,0.869281113,0,0,1,0,1,0,0.0,2
0.324692816,0.329328239,0.186808869,1,0,0,0,1,0,0.0,2
0.954647064,0.403024852,0.446525753,0,1,0,1,0,0,0.0,1
0.0973671377,0.147017509,0.0441643894,1,0,0,1,0,0,1.0,2
0.192413792,0.904968202,0.040075995,0,0,1,0,1,0,1.0,2
0.560702085,0.321806431,0.943276107,1,0,0,0,1,0,1.0,1
0.597002864,0.295971751,0.810606599,1,0,0,1,0,0,1.0,1
0.66289258,0.92424947,0.529826045,0,0,1,0,1,0,0.5,2
0.0661206692,0.815250516,0.525458157,0,0,1,0,1,0,0.0,2
0.962348461,0.184024975,0.748754621,1,0,0,1,0,0,1.0,1
0.092358686,0.780858278,0.341668785,1,0,0,1,0,0,1.0,2
0.185908854,0.917381465,0.761869252,0,0,1,1,0,0,0.0,2
0.0633137897,0.124585658,0.485008389,0,1,0,0,1,0,1.0,2
0.58851552,0.833954275,0.637917399,0,1,0,0,1,0,1.0,1
0.935653567,0.570049047,0.964829445,0,1,0,0,1,0,0.5,2
0.682649791,0.68573755,0.471315563,0,1,0,0,1,0,1.0,1
0.831524611,0.518211603,0.418404669,1,0,0,1,0,0,0.0,0
0.0626171455,0.712912917,0.905749202,0,1,0,0,0,1,1.0,0
0.564914525,0.0823929682,0.9025805,0,1,0,0,1,0,0.5,2
0.486584842,0.774571359,0.992418706,0,0,1,0,1,0,0.5,1
0.524019539,0.081676513,0.550863028,0,0,1,0,1,0,0.0,0
0.118602529,0.482534856,0.344261527,0,0,1,1,0,0,0.5,2
0.700213611,0.193416744,0.240390062,0,0,1,0,0,1,1.0,0
0.528059423,0.832395554,0.0340963565,1,0,0,0,1,0,0.0,1
0.77689141,0.347977877,0.726728618,1,0,0,1,0,0,1.0,1
0.511026084,0.481388867,0.233476177,1,0,0,0,1,0,0.0,0
0.191912562,0.45731321,0.606640875,0,1,0,0,1,0,0.5,2
0.665844083,0.783876896,0.91659236,0,1,0,0,1,0,0.5,1
0.213767037,0.507087171,0.950213611,1,0,0,0,0,1,1.0,2
0.878774822,0.799510419,0.00441013416,0,1,0,1,0,0,0.5,0
0.632460415,0.119832866,0.317075044,0,1,0,0,0,1,1.0,0
0.199343696,0.232014269,0.837378025,0,1,0,1,0,0,0.5,2
0.964221179,0.573957562,0.5364452,0,1,0,1,0,0,0.5,0
0.542447209,0.949733913,0.807508707,0,1,0,0,1,0,1.0,1
0.119253531,0.121019952,0.853323281,0,0,1,0,1,0,0.5,2
0.645491242,0.0909300074,0.442626208,1,0,0,0,0,1,0.0,1
0.290538967,0.198723137,0.35898295,1,0,0,1,0,0,0.5,1
0.813508809,0.659095466,0.455433279,0,1,0,0,0,1,0.0,0
0.82693094,0.429043263,0.652795196,0,1,0,0,1,0,0.0,0
0.979999959,0.834274769,0.367159158,0,0,1,0,0,1,0.0,0
0.526776075,0.118336491,0.774988294,1,0,0,0,1,0,0.0,1
0.482209027,0.236593381,0.903992772,0,0,1,0,0,1,0.0,1
0.765801847,0.335025072,0.282311201,0,0,1,0,0,1,0.5,0
0.175847128,0.64539361,0.964989662,1,0,0,0,0,1,0.5,0
0.569569767,0.700914085,0.622725248,0,0,1,0,0,1,1.0,1
0.568935215,0.167993128,0.878168762,0,0,1,1,0,0,1.0,1
0.134999469,0.946614444,0.103916436,1,0,0,0,0,1,1.0,2
0.447084874,0.373991936,0.251499146,1,0,0,0,1,0,1.0,1
0.860620558,0.727510333,0.321019083,1,0,0,1,0,0,0.0,2
0.863345921,0.547997355,0.302822143,0,0,1,1,0,0,0.5,0
0.144275784,0.261620194,0.171861157,0,1,0,1,0,0,0.0,2
0.136184841,0.853916883,0.868200958,0,1,0,1,0,0,1.0,0
0.299560696,0.827326119,0.418612152,0,1,0,1,0,0,0.0,1
0.881027758,0.42626825,0.963130236,0,0,1,0,0,1,1.0,0
0.172457457,0.609177232,0.583472371,0,0,1,0,0,1,1.0,2
0.733996987,0.294934422,0.138394639,0,1,0,0,0,1,1.0,0
0.146107346,0.705359042,0.545904696,1,0,0,0,1,0,1.0,2
0.641980946,0.343575478,0.993545175,1,0,0,0,1,0,0.5,1
0.388263941,0.851874769,0.565171659,0,0,1,0,0,1,1.0,2
0.799468279,0.256515861,0.00186934508,0,1,0,0,0,1,0.5,0
0.272005916,0.064063251,0.933079898,0,0,1,1,0,0,0.5,1
0.657241762,0.305082649,0.23489441,0,0,1,0,0,1,1.0,0
0.273898423,0.231499866,0.688529074,0,1,0,0,1,0,0.5,2
0.727977276,0.53287214,0.515080154,0,0,1,1,0,0,1.0,2
0.879994154,0.243518129,0.325433761,1,0,0,0,0,1,1.0,2
0.170461714,0.775030375,0.282639533,1,0,0,1,0,0,1.0,2
0.873265922,0.27930212,0.928759873,0,1,0,0,0,1,1.0,2
0.613896489,0.721619785,0.911925912,0,0,1,0,0,1,0.5,1
0.170754969,0.599547386,0.513134837,1,0,0,1,0,0,0.0,0
0.456164777,0.986937344,0.258495182,0,1,0,1,0,0,0.0,0
0.202817276,0.999905944,0.102342032,0,1,0,0,1,0,1.0,1
0.715330482,0.876049757,0.15657638,0,1,0,0,0,1,1.0,2
0.770924747,0.77198422,0.522251725,0,0,1,0,1,0,1.0,0
0.15050669,0.4171336,0.307829946,0,1,0,0,1,0,0.0,2
0.530832887,0.7656129,0.0420681424,0,0,1,0,0,1,0.0,2
0.823893785,0.958841741,0.455167383,0,1,0,0,0,1,1.0,2
0.939354897,0.0722086951,0.746189296,0,0,1,0,1,0,0.5,1
0.537841976,0.561018944,0.891695142,1,0,0,0,1,0,0.5,1
0.952765286,0.257098377,0.585284054,0,0,1,0,1,0,0.0,0
0.558904529,0.579982519,0.723292112,1,0,0,0,0,1,0.5,2
0.424480975,0.493124723,0.364070475,1,0,0,1,0,0,0.5,2
0.855792999,0.596980155,0.496238172,0,1,0,0,0,1,1.0,0
0.518333554,0.573414087,0.729626834,1,0,0,0,1,0,0.5,1
0.498307377,0.962101698,0.727658212,0,0,1,1,0,0,1.0,2
0.51579684,0.574576795,0.424526274,1,0,0,0,0,1,1.0,2
0.854445755,0.85392046,0.543667316,0,0,1,1,0,0,1.0,2
0.840344489,0.353829265,0.923855364,0,0,1,1,0,0,1.0,1
0.433344007,0.466195643,0.631997585,0,0,1,0,1,0,0.5,0
0.366634876,0.49689281,0.642574608,0,1,0,0,0,1,0.0,0
0.5173316,0.31479165,0.784620285,0,0,1,0,0,1,0.5,1
0.594133914,0.410800755,0.115222894,0,1,0,1,0,0,0.0,0
0.276420355,0.618587434,0.522884309,1,0,0,0,0,1,0.0,2
0.804257333,0.601178348,0.959431708,1,0,0,0,0,1,1.0,1
0.512158632,0.654613554,0.361660391,0,1,0,0,0,1,0.5,1
0.367343277,0.384227008,0.294926137,1,0,0,0,0,1,0.0,1
0.151479945,0.350039929,0.601207972,1,0,0,0,1,0,0.0,0
0.276902914,0.631036997,0.221119419,1,0,0,0,1,0,0.5,2
0.951817095,0.176218659,0.555945158,1,0,0,0,0,1,0.0,0
0.339844704,0.290379971,0.155652016,0,0,1,0,0,1,0.5,0
0.210416332,0.0900213495,0.579793453,1,0,0,0,0,1,1.0,2
0.487639159,0.118980311,0.602379203,0,0,1,0,0,1,0.0,2
0.341733366,0.281214118,0.418400466,1,0,0,0,0,1,1.0,1
0.0834012851,0.0685528144,0.382746428,0,1,0,0,1,0,0.0,2
0.356987953,0.283140063,0.245458275,0,1,0,1,0,0,1.0,1
0.566903174,0.672227502,0.330922306,0,0,1,1,0,0,0.0,0
0.57412678,0.108051725,0.498345971,0,1,0,1,0,0,0.5,2
0.388730973,0.464899838,0.247658908,0,0,1,0,1,0,1.0,0
0.474937618,0.917453349,0.78283447,1,0,0,0,1,0,0.5,1
0.967242002,0.80172056,0.709035218,0,1,0,0,0,1,0.0,1
0.408481061,0.340165615,0.269305855,0,0,1,0,1,0,1.0,2
0.295315474,0.928565204,0.0974351615,0,0,1,0,1,0,1.0,0
0.28129369,0.363164186,0.000180038987,1,0,0,0,0,1,0.0,0
0.484876394,0.118889719,0.596718848,1,0,0,0,0,1,0.0,1
0.771544158,0.994353175,0.211363748,0,1,0,0,0,1,0.0,2
0.245688781,0.876521409,0.0125824697,0,0,1,1,0,0,0.5,0
0.723831296,0.492636144,0.359085262,1,0,0,1,0,0,1.0,1
0.0700923353,0.683057725,0.961998463,0,1,0,0,0,1,1.0,2
0.447986335,0.687666655,0.689942837,0,0,1,0,0,1,0.5,1
0.787071824,0.234758124,0.857763708,1,0,0,1,0,0,1.0,2
0.37179631,0.240046203,0.144739091,0,1,0,0,0,1,0.5,0
0.585550249,0.496101677,0.0732881576,0,1,0,0,0,1,0.5,0
0.244730264,0.915994465,0.0115297632,1,0,0,1,0,0,0.0,2
0.754895627,0.0594940856,0.95566231,1,0,0,0,1,0,0.5,2
0.09966515,0.79338038,0.300202727,0,0,1,0,0,1,1.0,2
0.859915495,0.104650445,0.459504932,0,0,1,1,0,0,1.0,0
0.23828657,0.504311025,0.394523621,1,0,0,1,0,0,0.0,1
0.880678117,0.655979216,0.730456948,0,1,0,1,0,0,1.0,1
0.384902775,0.702421308,0.309964895,1,0,0,0,1,0,0.5,2
0.736549377,0.105555303,0.535452902,0,0,1,0,0,1,1.0,1
0.353264034,0.44767344,0.995582283,0,0,1,0,0,1,0.5,1
0.9106161,0.604645371,0.444063544,1,0,0,0,0,1,1.0,1
0.170305267,0.112743258,0.551271558,0,0,1,0,1,0,1.0,2
0.219593793,0.178339824,0.502528071,0,1,0,1,0,0,0.0,2
0.518378615,0.680466533,0.803186178,0,0,1,1,0,0,0.5,2
0.127841517,0.545556307,0.266839653,0,1,0,0,0,1,0.0,2
0.23618117,0.203737229,0.170438021,0,0,1,0,1,0,0.0,2
0.946578085,0.558477342,0.75409317,0,1,0,1,0,0,0.0,1
0.977665186,0.917057753,0.415618181,1,0,0,0,1,0,0.0,2
0.407446355,0.0648082048,0.913726032,0,1,0,0,0,1,0.5,1
0.927121699,0.660502076,0.644159257,1,0,0,0,1,0,0.5,2
0.567583442,0.119967915,0.564343095,0,0,1,0,0,1,1.0,2
0.306255341,0.0561269708,0.0704570562,0,1,0,0,1,0,1.0,2
0.717278779,0.193121761,0.730411887,0,1,0,0,1,0,0.0,1
0.675956726,0.451761305,0.686040342,0,0,1,1,0,0,0.5,0
0.989669025,0.812226772,0.640071929,0,0,1,1,0,0,1.0,2
0.301794916,0.317696214,0.267909527,0,1,0,0,1,0,0.0,1
0.688456535,0.64438957,0.946739316,1,0,0,1,0,0,0.0,1
0.0994225666,0.440598816,0.321655124,0,0,1,0,0,1,1.0,2
0.157963738,0.272615194,0.152230963,0,1,0,0,0,1,0.5,2
0.0537224561,0.53853476,0.987201154,0,0,1,1,0,0,1.0,2
0.999487638,0.807591259,0.746246278,0,0,1,1,0,0,1.0,1
0.812160015,0.840867758,0.414786875,1,0,0,1,0,0,0.5,1
0.797386885,0.854193568,0.935916424,1,0,0,0,1,0,1.0,1
0.534239769,0.371629924,0.0911173746,1,0,0,0,1,0,0.0,1
0.335063726,0.803783238,0.0876612142,0,1,0,0,0,1,1.0,1
0.193701074,0.251569539,0.68245101,0,0,1,0,1,0,0.5,0
0.320441008,0.751503825,0.177972049,1,0,0,1,0,0,0.5,1
0.40717265,0.950965226,0.91713953,0,1,0,0,1,0,1.0,1
0.768494606,0.0630566403,0.840359151,1,0,0,0,1,0,1.0,1
0.562678695,0.468345731,0.306367218,1,0,0,0,1,0,1.0,2
0.123609446,0.665382445,0.888839602,0,0,1,1,0,0,0.0,2
0.0671275556,0.716686964,0.0428876877,0,1,0,0,1,0,0.5,2
0.147215575,0.217283368,0.548637867,0,0,1,0,1,0,0.0,2
0.439973772,0.973574102,0.935562789,1,0,0,0,1,0,0.0,2
0.936533272,0.634502113,0.855382979,0,0,1,1,0,0,0.0,1
0.65553236,0.206123576,0.35607332,0,1,0,0,1,0,0.5,0
0.811734617,0.0694963858,0.182870433,1,0,0,0,0,1,0.5,0
0.49305585,0.794101,0.210540593,1,0,0,0,0,1,0.0,0
0.393582791,0.125719503,0.51450789,1,0,0,1,0,0,0.5,0
0.152980357,0.183998376,0.596772969,1,0,0,1,0,0,0.5,0
0.882136345,0.596088529,0.0328143165,0,1,0,0,1,0,0.5,2
0.794002056,0.623330235,0.413551569,0,0,1,1,0,0,1.0,1
0.209712192,0.702542782,0.830387115,0,1,0,0,1,0,0.5,0
0.536647558,0.423838317,0.444328964,1,0,0,0,1,0,0.5,2
0.513006091,0.785203755,0.169175386,0,1,0,0,1,0,0.5,0
0.643836975,0.975640655,0.95486027,1,0,0,0,1,0,0.0,1
0.948877573,0.307540208,0.266275525,1,0,0,1,0,0,1.0,1
0.600782871,0.717877209,0.798428237,0,0,1,0,0,1,1.0,2
0.563206375,0.932045221,0.193794161,1,0,0,1,0,0,0.0,1
0.097806789,0.701972425,0.423172742,0,1,0,0,1,0,0.5,0
0.109762102,0.697054029,0.490422547,0,1,0,0,0,1,0.5,1
0.227979451,0.262583941,0.500635266,0,0,1,0,1,0,1.0,2
0.0808472335,0.55837369,0.516473889,0,0,1,0,1,0,0.5,2
0.756185234,0.58439672,0.224947542,1,0,0,0,1,0,1.0,1
0.737163782,0.715123057,0.515915513,1,0,0,0,1,0,0.0,2
0.179253429,0.996980369,0.481712759,1,0,0,0,0,1,1.0,2
0.844274938,0.0819616318,0.208719492,1,0,0,1,0,0,1.0,1
0.197046727,0.111971028,0.988191545,0,1,0,1,0,0,1.0,2
0.336116821,0.124052569,0.865563393,1,0,0,1,0,0,1.0,1
0.286528051,0.755830169,0.887576342,0,0,1,0,0,1,1.0,1
0.403691739,0.179536104,0.685571074,0,1,0,0,0,1,0.0,1
0.291930586,0.641329288,0.159897029,0,1,0,1,0,0,0.5,0
0.51450336,0.358435422,0.568092048,1,0,0,0,0,1,0.5,1
0.437037498,0.484453946,0.821439624,1,0,0,0,1,0,1.0,1
0.98724103,0.254880011,0.0387364887,0,1,0,1,0,0,0.5,0
0.103130035,0.872801244,0.495843112,0,0,1,0,1,0,1.0,2
0.185072303,0.606842816,0.396122873,1,0,0,0,0,1,0.5,0
0.100184597,0.947335124,0.212124735,0,1,0,0,1,0,0.5,2
0.644549131,0.595866442,0.378250003,0,1,0,0,0,1,0.5,2
0.101783812,0.167712629,0.9834975,1,0,0,1,0,0,0.5,2
0.844617724,0.212326914,0.723243356,0,0,1,1,0,0,0.0,1
0.536341727,0.989620268,0.299537092,0,1,0,1,0,0,1.0,1
0.550657272,0.739286959,0.605355024,0,1,0,0,0,1,1.0,0
0.58351481,0.0968148112,0.246656239,0,1,0,0,1,0,0.0,1
0.212273017,0.718591928,0.610843897,1,0,0,0,0,1,0.0,2
0.237805784,0.441564381,0.896166682,0,1,0,0,1,0,0.0,2
0.352876455,0.341847956,0.556876779,0,1,0,0,0,1,0.0,0
0.613821566,0.196357757,0.733339965,1,0,0,0,1,0,0.0,2
0.249611884,0.847908735,0.45333901,0,0,1,1,0,0,1.0,2
0.160515144,0.11064931,0.524123907,0,1,0,0,1,0,0.0,2
0.971611023,0.325343698,0.695075095,1,0,0,0,1,0,1.0,0
0.0708827227,0.341063738,0.81240499,0,0,1,1,0,0,1.0,2
0.812562525,0.202860013,0.659451365,1,0,0,0,0,1,0.5,1
0.798633397,0.53277564,0.977491975,0,0,1,0,1,0,0.5,1
0.332353413,0.0611174963,0.819822609,1,0,0,0,0,1,0.5,1
0.178845286,0.335926741,0.777160227,0,0,1,0,1,0,0.0,2
0.18834722,0.936948001,0.845101595,0,0,1,0,1,0,0.0,2
0.712560058,0.345003098,0.281210929,1,0,0,0,0,1,0.5,2
0.660666287,0.392436415,0.432047158,0,1,0,0,1,0,0.0,0
0.793608367,0.499506801,0.5644629,0,0,1,0,1,0,0.5,2
0.940607131,0.583608687,0.46238631,1,0,0,0,0,1,1.0,0
0.707331002,0.818273187,0.847457826,0,1,0,0,0,1,1.0,1
0.198058963,0.230805159,0.0270685181,0,1,0,0,0,1,1.0,0
0.281270474,0.878159046,0.209175423,1,0,0,0,0,1,1.0,1
0.850084066,0.769671917,0.881706536,1,0,0,0,1,0,0.5,2
0.248840779,0.736517847,0.0591001362,0,0,1,1,0,0,1.0,0
0.118896201,0.132464349,0.226988301,1,0,0,0,0,1,1.0,2
0.718116045,0.0705586523,0.351250321,0,1,0,0,0,1,0.0,2
0.432400048,0.614312053,0.750740588,1,0,0,0,1,0,1.0,1
0.924038053,0.869977236,0.560180724,0,1,0,1,0,0,1.0,0
0.667742312,0.605219364,0.954604685,0,1,0,1,0,0,0.5,2
0.135898024,0.252573133,0.227875009,1,0,0,0,0,1,0.0,2
0.950463712,0.135993898,0.87212038,0,1,0,0,0,1,0.0,1
0.295629412,0.714616656,0.282913476,0,1,0,1,0,0,0.0,2
0.370351851,0.735681772,0.245498255,0,0,1,1,0,0,0.0,1
0.432147384,0.213905111,0.498375207,0,1,0,0,0,1,0.5,1
0.0986630842,0.0767807961,0.0712045059,0,0,1,1,0,0,0.5,2
0.521689653,0.43786934,0.384307027,0,0,1,0,1,0,0.5,1
0.167152569,0.60358274,0.355675966,0,0,1,1,0,0,1.0,2
0.430921823,0.720702291,0.160101563,0,0,1,1,0,0,0.0,0
0.3831743,0.819447756,0.860794842,0,1,0,1,0,0,0.0,1
0.784198105,0.630010545,0.385889649,0,1,0,1,0,0,0.5,0
0.813012004,0.155336574,0.981920183,1,0,0,0,1,0,0.0,0
0.195742235,0.698452592,0.899707973,0,0,1,0,1,0,1.0,2
0.398223639,0.984967828,0.194810703,0,1,0,1,0,0,0.0,1
0.404685497,0.910305381,0.505122185,0,0,1,1,0,0,1.0,0
0.193839923,0.878085434,0.601804137,0,0,1,1,0,0,0.0,2
0.808530807,0.337061644,0.818960488,1,0,0,0,1,0,0.0,0
0.721866906,0.763248742,0.885642767,0,0,1,0,0,1,0.5,1
0.230862692,0.858548284,0.624018013,0,1,0,1,0,0,1.0,2
0.398385823,0.694409907,0.0351342037,0,1,0,0,0,1,0.0,2
0.150514767,0.288033664,0.481276453,0,1,0,0,1,0,0.0,2
0.646796286,0.956142247,0.884803534,0,1,0,1,0,0,0.5,1
0.165303335,0.478278428,0.714089632,0,0,1,0,1,0,1.0,2
0.986637473,0.173315287,0.870141923,0,1,0,1,0,0,1.0,1
0.791647971,0.154289007,0.674079776,1,0,0,0,0,1,0.5,1
0.420726627,0.665143013,0.04403501,0,0,1,0,0,1,0.0,1
0.59963572,0.465824157,0.96800667,0,1,0,1,0,0,1.0,1
0.915774703,0.139759675,0.91801852,0,1,0,1,0,0,0.5,1
0.57639432,0.753346324,0.126579538,1,0,0,0,0,1,0.5,0
0.215773568,0.809358895,0.112691164,0,0,1,0,1,0,0.5,2
0.409768194,0.739144862,0.539078474,1,0,0,1,0,0,0.5,1
0.850987613,0.242147833,0.757050812,1,0,0,0,1,0,0.5,1
0.662002385,0.705286682,0.38217321,0,1,0,1,0,0,0.0,2
0.668188155,0.0601866618,0.136382163,0,1,0,1,0,0,1.0,2
0.873480439,0.339856535,0.510556102,1,0,0,1,0,0,0.5,1
0.899274409,0.428880453,0.337566137,0,0,1,0,0,1,0.0,1
0.923802972,0.843484581,0.351771951,0,0,1,0,0,1,0.0,0
0.140106738,0.420874655,0.644985557,0,0,1,1,0,0,0.5,0
0.566919684,0.0607059747,0.885608077,1,0,0,0,1,0,1.0,2
0.75348407,0.384729087,0.558591723,0,0,1,1,0,0,0.5,1
0.76908052,0.523977876,0.68760252,0,1,0,0,1,0,0.5,0
0.626380384,0.951554537,0.659946978,1,0,0,1,0,0,1.0,1
0.208447963,0.943982601,0.551146209,1,0,0,0,1,0,0.5,0
0.807549536,0.221830338,0.310758144,1,0,0,0,1,0,0.0,1
0.734105766,0.225889221,0.377794176,0,0,1,1,0,0,0.0,2
0.131828979,0.205212384,0.315703809,0,0,1,1,0,0,1.0,2
0.490619332,0.799475849,0.917498112,0,1,0,1,0,0,1.0,1
0.215278536,0.0557209365,0.826618671,0,0,1,0,0,1,0.5,2
0.370603204,0.170818344,0.579347372,0,0,1,0,1,0,0.0,0
0.0671770349,0.561061621,0.912243485,0,0,1,1,0,0,0.0,2
0.430313379,0.285183966,0.886408687,0,0,1,0,0,1,0.5,1
0.572383046,0.13773863,0.92769438,0,1,0,1,0,0,1.0,1
0.638603449,0.391884118,0.221773863,0,1,0,0,0,1,0.0,0
0.680315852,0.310497224,0.717503011,0,1,0,0,0,1,0.0,0
0.844476759,0.535549104,0.609224498,0,0,1,0,1,0,0.5,0
0.254689753,0.980271935,0.733830631,0,0,1,1,0,0,1.0,1
0.164457738,0.168089405,0.263379365,1,0,0,0,0,1,0.5,1
0.85896033,0.404090375,0.694809079,1,0,0,1,0,0,0.0,0
0.198782176,0.935385764,0.409828514,0,0,1,0,1,0,0.5,0
0.976022065,0.883029401,0.834091783,1,0,0,0,0,1,0.5,1
0.850411296,0.424557477,0.795365751,0,1,0,1,0,0,1.0,1
0.525832772,0.714005589,0.211357608,0,1,0,0,1,0,0.5,2
0.982350349,0.133464158,0.18385528,0,1,0,0,1,0,0.0,1
0.142507896,0.726913989,0.717731714,1,0,0,0,0,1,0.0,1
0.33791247,0.974214852,0.550474882,0,1,0,0,1,0,1.0,2
0.656313181,0.560613751,0.557205915,0,1,0,0,0,1,0.5,1
0.38250652,0.52356571,0.752515316,0,1,0,0,1,0,1.0,1
0.931953907,0.227952689,0.854970813,0,0,1,1,0,0,0.5,1
0.112344787,0.652098775,0.238963902,0,0,1,1,0,0,1.0,2
0.571941257,0.610915422,0.555539548,0,1,0,0,1,0,0.5,2
0.611322939,0.669336379,0.828954697,0,1,0,1,0,0,1.0,1
0.670091689,0.0747791231,0.872794151,0,0,1,0,1,0,0.5,1
0.292882919,0.571287334,0.287409395,0,0,1,0,1,0,0.0,2
0.396338105,0.615188122,0.104153857,1,0,0,0,1,0,0.5,0
0.851496518,0.247153625,0.232823253,0,0,1,0,1,0,0.5,0
0.235195637,0.247916222,0.945499539,0,1,0,0,0,1,0.5,2
0.83552444,0.312407255,0.462479711,0,0,1,1,0,0,1.0,1
0.584522665,0.726135492,0.418573797,0,1,0,1,0,0,0.0,2
0.774078131,0.62595278,0.0130843483,1,0,0,1,0,0,1.0,1
0.72792697,0.853474498,0.0510146841,0,0,1,0,0,1,0.0,1
0.247135922,0.330875635,0.668695927,1,0,0,0,1,0,1.0,2
0.590372086,0.916464686,0.589827061,0,1,0,0,0,1,0.5,1
0.874337018,0.756520867,0.575528324,0,1,0,1,0,0,0.5,0
0.460510433,0.42526108,0.110322878,0,1,0,0,1,0,1.0,1
0.968261242,0.140498966,0.352061182,0,1,0,0,1,0,0.5,0
0.479604334,0.294134468,0.812358141,1,0,0,0,1,0,1.0,1
0.185646355,0.958929777,0.174911231,0,0,1,1,0,0,1.0,0
0.419962943,0.344845206,0.882687271,0,0,1,1,0,0,0.0,1
0.954117298,0.363405913,0.121478297,0,1,0,0,0,1,0.5,2
0.353734821,0.230109483,0.169149324,0,1,0,1,0,0,0.5,0
0.874693274,0.816508055,0.477749974,1,0,0,0,1,0,0.5,0
0.887188137,0.311862022,0.945299923,1,0,0,0,1,0,1.0,0
0.382677197,0.363745332,0.329547673,0,1,0,1,0,0,0.0,0
0.129094779,0.443630695,0.658217967,0,1,0,0,1,0,0.5,0
0.738330007,0.462041855,0.588671267,0,0,1,0,1,0,1.0,1
0.345936686,0.440773755,0.149622634,0,0,1,0,0,1,0.5,0
0.793777406,0.528556526,0.248166904,0,0,1,0,1,0,0.0,0
0.470522106,0.823787212,0.930152774,0,1,0,0,1,0,1.0,1
0.511003435,0.828320801,0.184829623,1,0,0,1,0,0,1.0,1
0.789013922,0.808397472,0.695009887,1,0,0,1,0,0,1.0,1
0.413245171,0.146068603,0.9646945,1,0,0,0,1,0,1.0,2
0.470970988,0.809694886,0.119505994,0,1,0,0,0,1,0.0,1
0.407380939,0.164239183,0.399181992,0,1,0,0,0,1,1.0,0
0.398973495,0.168487579,0.223932147,1,0,0,0,1,0,1.0,1
0.549649239,0.950469613,0.221561521,1,0,0,0,1,0,1.0,0
0.818359494,0.82842797,0.118985847,1,0,0,0,1,0,0.0,2
0.393679887,0.574789941,0.649551213,0,1,0,0,1,0,0.5,1
0.548041999,0.881221712,0.746343493,0,0,1,0,0,1,0.5,2
0.68719095,0.989896417,0.676793933,0,0,1,0,0,1,0.0,2
0.30596748,0.630109966,0.924656451,0,1,0,0,0,1,0.0,1
0.313646674,0.632253528,0.145678803,0,0,1,0,0,1,1.0,2
0.936742485,0.766705692,0.319845378,1,0,0,0,1,0,0.0,2
0.737357855,0.270532012,0.344572812,0,0,1,0,0,1,0.5,0
0.598327339,0.208768621,0.232082099,1,0,0,0,0,1,0.5,1
0.665334046,0.771601737,0.14220494,0,1,0,0,0,1,0.5,0
0.0778344721,0.377659559,0.486703485,0,1,0,1,0,0,0.0,2
0.637197793,0.178316832,0.834439635,1,0,0,0,1,0,0.0,1
0.534033418,0.349133849,0.954539716,1,0,0,0,0,1,1.0,1
0.568462193,0.390705019,0.129340634,0,0,1,0,1,0,1.0,1
0.39145264,0.966966271,0.823157251,1,0,0,0,1,0,1.0,1
0.127400205,0.71306175,0.824581146,0,1,0,0,1,0,1.0,2
0.233672276,0.554313481,0.388978124,0,1,0,1,0,0,1.0,2
0.953207493,0.97042948,0.110029623,0,0,1,1,0,0,0.0,2
0.438264579,0.907982767,0.990007997,1,0,0,0,0,1,0.5,1
0.493348986,0.536400795,0.655593038,1,0,0,0,1,0,1.0,2
0.100074299,0.910395682,0.982195675,0,0,1,1,0,0,1.0,2
0.0856879205,0.434089422,0.483655512,0,1,0,0,1,0,0.5,2
0.731322348,0.26889962,0.395193011,1,0,0,0,0,1,0.5,1
0.56118995,0.271044254,0.247185469,0,0,1,0,1,0,0.5,0
0.533270657,0.679199755,0.983572006,0,0,1,1,0,0,0.5,1
0.280968308,0.526016831,0.253257275,0,0,1,0,1,0,0.0,2
0.757513165,0.676003277,0.023762757,0,0,1,0,0,1,0.5,2
0.209824756,0.701772153,0.512468398,1,0,0,0,0,1,1.0,2
0.230438009,0.0712067261,0.377050489,0,0,1,1,0,0,0.5,2
0.487676561,0.101337612,0.26138249,1,0,0,0,1,0,1.0,0
0.321965873,0.556043863,0.63460809,0,1,0,1,0,0,0.0,2
0.285089821,0.231483698,0.364268601,0,0,1,1,0,0,1.0,0
0.662975788,0.650907099,0.402250886,0,0,1,1,0,0,0.0,2
0.668423176,0.574576437,0.0230456032,0,1,0,1,0,0,1.0,1
0.833291233,0.606472313,0.589070916,0,0,1,1,0,0,0.0,0
0.44682315,0.337332606,0.122071028,1,0,0,1,0,0,0.5,1
0.11943084,0.657851338,0.213804856,0,1,0,0,1,0,0.0,1
0.309983075,0.838018,0.717117846,0,1,0,1,0,0,0.5,1
0.981005192,0.998167694,0.313242733,1,0,0,1,0,0,0.0,1
0.616445661,0.846522152,0.163210198,1,0,0,0,1,0,0.5,0
0.724250257,0.579623818,0.577424169,0,1,0,0,0,1,0.0,2
0.056989938,0.233758107,0.214904502,0,0,1,0,1,0,1.0,2
0.542295456,0.697373569,0.270978212,1,0,0,0,1,0,1.0,0
0.0856522247,0.940771103,0.621339321,1,0,0,0,0,1,1.0,1
0.590768695,0.251273215,0.739861786,1,0,0,0,1,0,0.5,1
0.924732327,0.293195844,0.739659667,0,1,0,0,0,1,1.0,1
0.969998181,0.191558123,0.482243419,0,0,1,1,0,0,1.0,2
0.563525021,0.749885559,0.454296917,1,0,0,0,1,0,0.0,1
0.485294551,0.436233431,0.787645161,0,1,0,0,0,1,1.0,1
0.947766244,0.109560855,0.193034723,0,1,0,1,0,0,0.5,0
0.689929366,0.881202519,0.152202442,0,0,1,0,0,1,0.5,0
0.111654319,0.579788327,0.664695084,0,1,0,0,0,1,0.0,2
0.4924393,0.364539564,0.409506947,0,1,0,0,0,1,0.5,1
0.278232753,0.376783818,0.709998488,1,0,0,0,1,0,0.5,1
0.496314108,0.325738668,0.256600231,1,0,0,1,0,0,0.0,1
0.482692301,0.482706159,0.324871868,1,0,0,0,0,1,1.0,1
0.603037536,0.370189607,0.896677673,0,1,0,1,0,0,0.0,1
0.38893196,0.570549011,0.421656519,0,0,1,0,0,1,0.0,1
0.206056923,0.784841418,0.590953469,0,0,1,0,0,1,1.0,2
0.528533459,0.690738201,0.106682196,0,0,1,0,1,0,0.0,2
0.838692725,0.329734057,0.178829178,0,1,0,1,0,0,0.5,2
0.680811644,0.55230397,0.0358877294,1,0,0,0,0,1,0.0,1
0.371449471,0.848119855,0.424370825,0,1,0,0,0,1,1.0,1
0.93874687,0.114795923,0.988920033,1,0,0,1,0,0,1.0,1
0.916597188,0.124382406,0.873873174,0,1,0,0,0,1,0.0,1
0.248880982,0.578361571,0.63290894,0,1,0,0,1,0,1.0,2
0.0874467045,0.657159388,0.861096501,0,0,1,0,1,0,0.0,1
0.754243255,0.250842363,0.594169378,0,1,0,0,1,0,0.5,2
0.836229742,0.757959127,0.368768871,0,0,1,0,0,1,0.5,0
0.969471335,0.663950205,0.173546404,0,1,0,0,1,0,1.0,2
0.895344555,0.927124798,0.653048754,0,0,1,0,0,1,1.0,1
0.620508015,0.210506499,0.193051279,0,1,0,0,1,0,0.0,0
0.553549707,0.763805568,0.417428404,0,1,0,1,0,0,0.5,2
0.0764489993,0.129460931,0.825801849,1,0,0,0,1,0,1.0,1
0.284323633,0.587027788,0.129229307,1,0,0,1,0,0,0.5,1
0.486634016,0.574300408,0.129021421,1,0,0,0,1,0,0.0,1
0.647078693,0.418965787,0.224402413,0,1,0,0,0,1,0.5,1
0.579389215,0.852342606,0.551917315,1,0,0,1,0,0,0.0,1
0.755504191,0.0541521125,0.251723468,1,0,0,1,0,0,1.0,1
0.315778583,0.544170439,0.503197908,0,1,0,0,0,1,1.0,0
0.586704969,0.25629586,0.301982611,0,1,0,1,0,0,1.0,0
0.133735135,0.756323695,0.506242216,1,0,0,1,0,0,1.0,2
0.442982256,0.0909140557,0.277631462,1,0,0,0,0,1,0.0,2
0.762652814,0.839976966,0.980012357,0,1,0,1,0,0,0.0,1
0.708730817,0.846187592,0.492717892,0,1,0,1,0,0,1.0,2
0.991110623,0.841222703,0.743643463,0,0,1,0,0,1,1.0,2
0.313996583,0.194940105,0.700546563,0,0,1,1,0,0,0.5,2
0.523279846,0.648886204,0.490559369,0,1,0,0,0,1,0.0,2
0.363053888,0.0636489913,0.238862067,0,1,0,1,0,0,0.5,0
0.468572944,0.855564475,0.510718286,1,0,0,0,0,1,0.0,1
0.864102602,0.73682642,0.680971622,0,0,1,0,1,0,0.0,2
0.699998617,0.554596066,0.459919274,1,0,0,1,0,0,1.0,1
0.888319135,0.744061887,0.081925109,0,0,1,1,0,0,1.0,0
0.24333556,0.139607891,0.0179832298,1,0,0,0,1,0,0.5,2
0.879693091,0.552223027,0.327876806,0,0,1,0,1,0,1.0,1
0.106774159,0.326712668,0.150223926,0,1,0,0,0,1,1.0,2
0.894169331,0.973988473,0.906190217,0,1,0,1,0,0,1.0,2
0.362620085,0.864262044,0.175832674,0,1,0,1,0,0,0.0,1
0.348858237,0.746611893,0.394282728,1,0,0,0,0,1,1.0,1
0.536484122,0.937060237,0.712077498,0,0,1,0,1,0,1.0,1
0.94365567,0.379501134,0.815421641,1,0,0,1,0,0,0.0,1
0.0953922942,0.905835927,0.477713168,0,1,0,0,1,0,0.5,2
0.384619415,0.358976334,0.181135014,0,0,1,0,0,1,1.0,1
0.863743365,0.746156871,0.270895213,0,0,1,1,0,0,1.0,0
0.426251739,0.749596059,0.418968439,1,0,0,0,0,1,0.0,1
0.239199057,0.0674323812,0.364594579,0,1,0,0,0,1,1.0,2
0.453554481,0.393006712,0.348672748,1,0,0,1,0,0,1.0,2
0.416274875,0.0684610382,0.131853804,1,0,0,0,1,0,0.0,0
0.919645369,0.997237444,0.91331023,0,1,0,0,1,0,0.5,1
0.773837686,0.166086927,0.0297566056,0,1,0,0,0,1,0.0,2
0.529859781,0.565670371,0.440002114,1,0,0,0,0,1,1.0,1
0.988952041,0.80102843,0.980321467,0,0,1,0,1,0,0.5,0
0.492013663,0.241200417,0.659723938,0,1,0,0,0,1,0.0,0
0.105325937,0.510800064,0.355410665,0,1,0,0,0,1,1.0,2
0.2991606,0.627057314,0.146097586,0,1,0,1,0,0,1.0,1
0.464266956,0.202194512,0.963872612,0,1,0,0,0,1,0.5,1
0.19905749,0.789627671,0.0139863621,0,0,1,0,0,1,0.5,2
0.950186849,0.33436963,0.681387544,0,0,1,1,0,0,1.0,0
0.778506458,0.25047192,0.880137444,1,0,0,0,1,0,0.5,1
0.304872841,0.5803743,0.0251604896,1,0,0,1,0,0,1.0,1
0.611264288,0.439797938,0.725174844,0,1,0,0,1,0,0.5,1
0.735376716,0.924271643,0.998837769,1,0,0,1,0,0,0.0,2
0.944215,0.886059582,0.639642477,0,0,1,0,0,1,0.0,2
0.887553573,0.509183109,0.414678961,0,1,0,0,1,0,0.5,0
0.539432585,0.391300589,0.874400735,0,1,0,1,0,0,0.5,0
0.785919964,0.359242082,0.554179251,0,1,0,1,0,0,1.0,2
0.584037542,0.30418545,0.749440849,1,0,0,0,1,0,1.0,1
0.575068712,0.567320466,0.587778986,0,1,0,0,1,0,1.0,2
0.159004867,0.814729691,0.038291093,0,1,0,0,1,0,0.0,2
0.169830769,0.345218778,0.213144988,0,0,1,0,1,0,0.0,2
0.553056955,0.23058939,0.0787635744,0,1,0,1,0,0,0.0,1
0.305418462,0.50170964,0.106687762,1,0,0,0,1,0,0.5,0
0.0699850544,0.115582697,0.0154054938,0,1,0,0,1,0,0.0,2
0.736697257,0.716215074,0.421164989,1,0,0,0,1,0,0.5,2
0.0808622688,0.542440355,0.178651631,0,0,1,0,0,1,0.5,2
0.615513027,0.521556079,0.855696499,0,0,1,0,1,0,0.5,1
0.562234104,0.335423112,0.750037551,0,1,0,0,0,1,0.0,1
0.970373929,0.909439743,0.57317698,0,0,1,0,1,0,0.0,2
0.510002494,0.13596198,0.489021331,0,1,0,0,1,0,0.5,2
0.110421367,0.876332819,0.255868644,0,0,1,1,0,0,0.0,1
0.574103594,0.407869935,0.474951476,0,0,1,1,0,0,0.5,2
0.849041343,0.886592329,0.641229272,1,0,0,1,0,0,0.5,1
0.997006834,0.742323399,0.782228887,1,0,0,1,0,0,0.0,0
0.458826005,0.148962185,0.0816820636,0,1,0,0,1,0,0.5,0
0.35428381,0.839959443,0.708464682,0,1,0,0,0,1,0.0,1
0.911320627,0.698067963,0.742729902,1,0,0,0,1,0,0.0,0
0.231680021,0.0806868151,0.55897218,0,0,1,0,1,0,0.5,2
0.634657443,0.177017555,0.214319199,0,1,0,0,1,0,1.0,1
0.435428709,0.653846681,0.53918457,0,0,1,1,0,0,0.0,1
0.0890282467,0.679470479,0.502704859,1,0,0,0,1,0,0.5,2
0.379924059,0.759318888,0.475710094,0,0,1,0,1,0,1.0,1
0.301967084,0.734233141,0.460639924,0,0,1,0,0,1,1.0,0
0.701786578,0.676543951,0.110825568,0,1,0,1,0,0,1.0,2
0.951350987,0.777926981,0.182892486,0,0,1,0,0,1,0.5,2
0.304644823,0.596331418,0.0973320901,1,0,0,0,0,1,0.5,0
0.820892632,0.297751814,0.242477834,0,0,1,0,1,0,1.0,2
0.102591828,0.916757762,0.263476789,1,0,0,0,0,1,0.5,2
0.561214983,0.0673033297,0.245075867,1,0,0,0,0,1,0.0,2
0.117022559,0.398233622,0.210929066,0,1,0,0,1,0,1.0,2
0.937331319,0.742426753,0.735422075,1,0,0,1,0,0,1.0,1
0.778033733,0.455798239,0.818565428,1,0,0,0,1,0,1.0,1
0.675052404,0.0735926852,0.327109218,0,1,0,1,0,0,1.0,2
0.832701564,0.112681858,0.305128902,0,1,0,0,0,1,0.5,1
0.665143788,0.666205525,0.844032347,0,1,0,1,0,0,1.0,2
0.970497191,0.966621399,0.623923898,1,0,0,0,1,0,1.0,0
0.72826004,0.574270427,0.293438315,0,1,0,1,0,0,1.0,2
0.92842567,0.531419933,0.713612318,1,0,0,0,1,0,1.0,1
0.541275322,0.352408946,0.34459281,1,0,0,0,1,0,0.0,2
0.161211193,0.293856144,0.5865556,1,0,0,0,1,0,1.0,2
0.551768839,0.0699357316,0.992634058,0,1,0,1,0,0,0.5,1
0.170529187,0.309307128,0.301594377,1,0,0,0,0,1,0.0,2
0.612868786,0.476654917,0.930526018,1,0,0,0,0,1,0.0,1
0.508368433,0.238052294,0.320652425,0,1,0,0,0,1,1.0,1
0.64144665,0.132980585,0.54028672,0,1,0,1,0,0,0.5,2
0.0595446303,0.731841445,0.459983796,1,0,0,1,0,0,0.0,0
0.235098466,0.899889231,0.783159554,1,0,0,1,0,0,0.0,2
0.516763926,0.939933479,0.0610927008,1,0,0,1,0,0,0.5,1
0.952978373,0.637098789,0.627122283,0,1,0,0,1,0,0.0,0
0.414428592,0.100135855,0.760666966,0,1,0,0,1,0,1.0,1
0.453153431,0.753819525,0.472144842,0,0,1,0,0,1,0.0,0
0.728961289,0.154590547,0.105292603,0,1,0,1,0,0,1.0,1
0.623603106,0.6862607,0.244805008,1,0,0,0,0,1,0.5,1
0.333979845,0.790397525,0.67967236,0,1,0,0,1,0,0.5,2
0.44027558,0.739571452,0.89543736,0,1,0,1,0,0,0.0,1
0.256814808,0.954289615,0.421608597,0,0,1,0,0,1,0.5,2
0.967720389,0.751238942,0.560412049,0,0,1,1,0,0,1.0,2
0.174102664,0.708549261,0.228385031,1,0,0,0,0,1,1.0,2
0.403244942,0.298656017,0.412213326,0,0,1,1,0,0,1.0,0
0.0745470226,0.928530276,0.336789817,1,0,0,0,0,1,0.0,1
0.26069051,0.220566675,0.655525565,1,0,0,1,0,0,1.0,1
0.79144758,0.909651756,0.984698951,1,0,0,0,0,1,1.0,2
0.241116464,0.347029418,0.813303471,1,0,0,0,1,0,0.5,1
0.126060233,0.173655421,0.192164585,0,0,1,0,0,1,0.0,2
0.500730515,0.835348904,0.577678621,1,0,0,0,0,1,0.5,2
0.0594707727,0.0523706824,0.0664117113,1,0,0,0,1,0,1.0,2
0.130527854,0.840483904,0.246915489,0,1,0,0,1,0,1.0,2
0.817244589,0.299196243,0.172217682,1,0,0,0,0,1,0.5,2
0.782899678,0.890485227,0.33554554,0,1,0,1,0,0,0.5,2
0.919381857,0.706905246,0.678813994,0,0,1,0,1,0,0.5,1
0.861789644,0.682874143,0.499393314,0,1,0,1,0,0,1.0,0
0.699016809,0.397053599,0.93290925,0,0,1,0,1,0,0.5,2
0.0997162163,0.106432825,0.21274884,0,0,1,0,0,1,0.0,0
0.793706179,0.838569462,0.364209145,0,1,0,0,0,1,0.0,1
0.853235245,0.212358609,0.329852581,0,0,1,0,1,0,0.5,0
0.809128046,0.403645724,0.235963628,0,0,1,0,0,1,0.0,0
0.533055067,0.62033695,0.993170798,0,0,1,1,0,0,0.0,1
0.271256745,0.508141041,0.387225538,0,1,0,0,0,1,0.0,1
0.853063464,0.238727599,0.940508962,0,0,1,0,0,1,0.5,2
0.740804672,0.183585539,0.390473485,1,0,0,0,0,1,0.0,2
0.98172313,0.167083964,0.204091683,0,1,0,0,1,0,0.0,0
0.197907969,0.86985749,0.119206332,1,0,0,0,1,0,1.0,2
0.264381349,0.0799815729,0.855563164,0,1,0,0,0,1,0.5,1
0.251208246,0.97816354,0.0320976414,1,0,0,0,1,0,1.0,2
0.802912772,0.238602251,0.964394569,0,0,1,1,0,0,1.0,1
0.227561936,0.154806182,0.418191224,1,0,0,1,0,0,0.5,2
0.11332684,0.598123074,0.247374356,1,0,0,1,0,0,0.0,2
0.998632789,0.125986665,0.617446125,1,0,0,1,0,0,1.0,1
0.0735763535,0.622330606,0.132912993,0,1,0,0,0,1,0.0,2
0.843481839,0.858095288,0.0721455738,0,0,1,0,1,0,0.0,1
0.397098511,0.0955031216,0.827783346,0,0,1,1,0,0,0.0,2
0.84953469,0.80987519,0.424670786,1,0,0,0,0,1,0.5,1
0.576889455,0.424753577,0.518254936,1,0,0,1,0,0,1.0,1
0.906549692,0.201516107,0.176696002,0,1,0,0,1,0,1.0,2
0.929883361,0.217291653,0.0614242442,1,0,0,0,1,0,0.5,0
0.058643274,0.92282629,0.367776126,1,0,0,0,1,0,0.0,2
0.121641569,0.155075461,0.506146252,1,0,0,1,0,0,0.0,1
0.287840784,0.873443663,0.765430629,0,1,0,1,0,0,0.0,2
0.685849667,0.567032397,0.501052022,1,0,0,1,0,0,0.5,1
0.893858612,0.0871033669,0.782507002,1,0,0,0,0,1,1.0,1
0.486944854,0.491252333,0.115432777,1,0,0,0,0,1,1.0,0
0.626624465,0.826577067,0.0639627725,0,1,0,0,1,0,0.5,0
0.229074866,0.739892662,0.158860967,0,1,0,0,1,0,1.0,2
0.814718485,0.514343321,0.772012115,0,0,1,1,0,0,1.0,1
0.968961716,0.867047369,0.759330213,0,1,0,0,1,0,0.5,1
0.305168986,0.164346531,0.141367808,0,0,1,0,1,0,1.0,1
0.520084679,0.914444029,0.0309886578,0,0,1,0,0,1,0.0,2
0.131810308,0.854119122,0.685281932,1,0,0,0,1,0,0.0,2
0.581179798,0.722862959,0.85528177,0,0,1,1,0,0,0.5,2
0.527644277,0.826993346,0.754107714,1,0,0,0,0,1,0.0,1
0.187214658,0.566624761,0.202798977,0,1,0,1,0,0,0.0,2
0.469962895,0.691404283,0.583767891,0,1,0,1,0,0,0.0,1
0.367399424,0.582568169,0.757365704,0,0,1,0,0,1,1.0,2
0.545739353,0.387657106,0.255828708,1,0,0,1,0,0,1.0,1
0.606371641,0.590417743,0.527720809,0,0,1,0,1,0,0.0,1
0.0580708012,0.294592053,0.314460397,0,0,1,0,1,0,0.0,2
0.772955656,0.468265206,0.225575417,0,1,0,0,0,1,0.5,0
0.727363586,0.316736639,0.969589353,0,0,1,0,1,0,0.0,1
0.397972077,0.166743398,0.91258198,1,0,0,1,0,0,0.5,1
0.100289136,0.35576877,0.445667744,0,1,0,0,0,1,0.0,2
0.767185926,0.859387875,0.136778057,0,1,0,0,0,1,1.0,0
0.957416415,0.412026733,0.7279073,0,0,1,1,0,0,0.5,1
0.278144002,0.760603487,0.255701125,0,0,1,1,0,0,0.0,0
0.357348382,0.216437966,0.168517813,0,0,1,1,0,0,0.5,2
0.22462225,0.453198195,0.381529003,1,0,0,0,0,1,0.0,1
0.598089337,0.159113273,0.529849827,0,0,1,0,0,1,1.0,0
0.197099328,0.181690007,0.0974403322,1,0,0,1,0,0,0.5,2
0.388384253,0.636564553,0.571746469,0,0,1,0,0,1,0.5,0
0.712162375,0.627107739,0.0153483748,0,0,1,1,0,0,1.0,2
0.582110167,0.252703309,0.891869068,0,1,0,0,1,0,0.0,1
0.417139441,0.500702024,0.920741677,0,1,0,0,0,1,1.0,0
0.449237108,0.870140851,0.733070791,1,0,0,0,0,1,1.0,1
0.584005356,0.215491429,0.466549397,0,0,1,0,0,1,0.5,0
0.0555714928,0.0682500079,0.254896283,1,0,0,1,0,0,0.0,0
0.124584377,0.669395387,0.744112074,0,1,0,0,0,1,0.5,2
0.88719517,0.100823298,0.931797206,0,1,0,1,0,0,0.5,2
0.123985037,0.980943203,0.158533707,0,1,0,0,0,1,0.5,2
0.721463442,0.629139245,0.465821981,0,1,0,0,0,1,0.5,2
0.924036264,0.496876538,0.315261632,1,0,0,0,0,1,1.0,0
0.30714941,0.458492905,0.356741786,0,0,1,0,0,1,0.0,2
0.40196687,0.594417155,0.405757785,1,0,0,0,1,0,1.0,1
0.590475321,0.136093214,0.951796353,0,0,1,0,1,0,0.5,1
0.887623549,0.933518112,0.25863716,0,1,0,0,1,0,0.5,0
0.944810331,0.644359946,0.492675841,1,0,0,1,0,0,0.5,1
0.752585113,0.224779576,0.951487482,0,0,1,0,1,0,1.0,0
0.132288769,0.584451973,0.476056904,0,0,1,1,0,0,1.0,2
0.685696423,0.176593676,0.863599539,0,1,0,0,1,0,0.0,1
0.43978855,0.0666750818,0.0587647744,0,0,1,1,0,0,0.0,2
0.497165948,0.648991108,0.953030407,0,0,1,0,0,1,0.5,2
0.0966909677,0.666059196,0.187531143,1,0,0,0,0,1,1.0,2
0.23150903,0.604511738,0.97993505,0,1,0,0,1,0,1.0,2
0.800987899,0.224309042,0.175576866,0,1,0,1,0,0,0.5,2
0.481260896,0.623258352,0.444365948,0,0,1,0,0,1,0.5,2
0.336579144,0.103685394,0.308614492,0,0,1,0,0,1,0.5,0
0.414818108,0.628776431,0.433231413,0,1,0,0,1,0,0.5,1
0.861679554,0.576316178,0.250524729,0,1,0,1,0,0,1.0,2
0.761549056,0.672492087,0.965317428,0,1,0,0,0,1,0.5,1
0.308699638,0.900701821,0.305724978,0,0,1,1,0,0,0.0,0
0.161626741,0.85784018,0.653274894,0,0,1,1,0,0,0.5,2
0.289398313,0.981621504,0.137447491,0,1,0,1,0,0,0.5,2
0.924718618,0.977428973,0.824387491,0,1,0,1,0,0,0.5,2
0.602509379,0.783703685,0.542507946,0,0,1,1,0,0,0.0,0
0.556806207,0.958598614,0.979446113,0,0,1,0,1,0,1.0,1
0.61657393,0.873919666,0.42340222,0,0,1,0,1,0,0.0,2
0.397726864,0.741203308,0.195447877,1,0,0,0,0,1,0.0,2
0.816751659,0.121615045,0.346019,0,1,0,1,0,0,1.0,1
0.547121942,0.0965973958,0.736965597,1,0,0,1,0,0,0.0,1
0.160910502,0.845719576,0.659106493,1,0,0,0,0,1,1.0,2
0.172611862,0.515173078,0.778347433,0,0,1,1,0,0,0.5,0
0.560016215,0.823876321,0.0734702945,0,1,0,0,0,1,1.0,2
0.939741731,0.347272366,0.580368757,0,0,1,0,1,0,0.0,0
0.342934519,0.427767366,0.932168663,0,0,1,1,0,0,0.5,2
0.876064122,0.715177357,0.107901916,0,0,1,1,0,0,0.0,0
0.775890827,0.919560373,0.094335258,0,0,1,1,0,0,0.5,0
0.285421818,0.133373395,0.716604352,0,1,0,1,0,0,0.0,0
0.0845237076,0.86840421,0.315182447,0,1,0,1,0,0,0.5,1
0.146754906,0.803362072,0.65857923,0,0,1,0,1,0,0.5,2
0.742069244,0.349762321,0.545384526,1,0,0,1,0,0,0.0,2
0.239686251,0.387455791,0.986066639,0,0,1,1,0,0,0.0,2
0.402707368,0.0941384062,0.889056444,1,0,0,0,0,1,0.5,1
0.526614189,0.0649535805,0.67807281,1,0,0,0,1,0,0.0,0
0.739194751,0.503155828,0.261674613,0,0,1,1,0,0,0.0,2
0.157569662,0.140762657,0.261908174,0,1,0,1,0,0,0.5,1
0.43604809,0.234301731,0.882243812,0,0,1,0,1,0,1.0,1
0.510819256,0.854428828,0.585341036,0,1,0,0,0,1,0.5,0
0.563785732,0.592476964,0.789281785,1,0,0,0,1,0,1.0,2
0.827442586,0.651950836,0.449864209,0,1,0,0,1,0,0.0,0
0.213094279,0.228105366,0.103073634,0,1,0,0,0,1,1.0,2
0.817439854,0.837228715,0.332686454,0,1,0,0,1,0,0.0,1
0.708234489,0.874580801,0.161149189,0,0,1,0,0,1,0.5,1
0.578077257,0.547161222,0.781832814,1,0,0,0,0,1,0.5,1
0.714551449,0.916929901,0.700511992,1,0,0,1,0,0,0.5,1
0.44141686,0.852587223,0.0884129256,0,1,0,1,0,0,0.0,0
0.181477711,0.74475795,0.621385396,1,0,0,0,1,0,0.0,2
0.682476997,0.747372091,0.874135494,0,1,0,1,0,0,0.0,2
0.548438668,0.150123805,0.697364271,0,1,0,0,0,1,0.5,0
0.657406032,0.30729425,0.511111915,0,1,0,0,0,1,0.0,2
0.371098846,0.113504857,0.311863273,0,1,0,0,1,0,1.0,2
0.911523223,0.058247149,0.887096763,0,0,1,0,1,0,0.5,1
0.608001351,0.200394049,0.422804892,0,1,0,1,0,0,0.0,2
0.131132364,0.886462808,0.855393589,1,0,0,0,1,0,0.0,2
0.477313787,0.277880371,0.782999814,0,0,1,0,1,0,1.0,1
0.768538237,0.971646249,0.816226959,1,0,0,0,1,0,0.5,2
0.804427862,0.617426455,0.989797533,0,0,1,0,0,1,1.0,2
0.519867182,0.275395572,0.748758495,0,1,0,1,0,0,0.0,1
0.900010169,0.522274256,0.0340409353,0,0,1,0,0,1,0.0,1
0.30428502,0.258140087,0.205433935,1,0,0,0,0,1,1.0,2
0.440068752,0.984774888,0.0351951495,0,0,1,0,1,0,0.5,2
0.903667092,0.854901731,0.189913571,0,0,1,0,0,1,0.0,0
0.901443899,0.0749268457,0.0614395104,0,1,0,1,0,0,1.0,1
0.701427102,0.950387239,0.501617014,0,1,0,1,0,0,0.5,0
0.866031528,0.735011876,0.0282062124,0,0,1,1,0,0,0.0,2
0.134334609,0.128262192,0.472579092,0,1,0,0,0,1,1.0,0
0.871745229,0.687105834,0.898840904,0,1,0,0,0,1,1.0,1
0.354588926,0.664580345,0.748575985,0,0,1,0,0,1,0.5,1
0.219414935,0.257849306,0.943955898,1,0,0,1,0,0,0.0,2
0.277401358,0.770524383,0.226646781,0,1,0,1,0,0,0.5,2
0.447070092,0.13271147,0.531085789,0,0,1,1,0,0,0.5,2
0.288632393,0.514972925,0.318579465,0,0,1,0,0,1,0.0,1
0.354539216,0.0594270453,0.493819803,0,0,1,1,0,0,0.0,2
0.178229555,0.970300615,0.557075858,1,0,0,1,0,0,0.5,1
0.33136794,0.763985455,0.0361861289,1,0,0,0,1,0,0.5,2
0.593669653,0.200909466,0.233256131,1,0,0,0,0,1,0.0,2
0.469761014,0.374590337,0.70477277,0,1,0,0,0,1,1.0,1
0.379382819,0.202534258,0.772927999,0,0,1,1,0,0,1.0,1
0.759129524,0.778286576,0.569451392,0,0,1,0,1,0,0.0,0
0.898834467,0.10595151,0.270829022,1,0,0,0,1,0,1.0,1
0.768949747,0.848386347,0.405084103,0,1,0,1,0,0,1.0,0
0.365400672,0.945086539,0.0960368142,0,1,0,0,1,0,0.5,0
0.75722003,0.692796528,0.953179598,0,0,1,1,0,0,0.5,2
0.194381177,0.25231719,0.868677497,1,0,0,0,0,1,0.5,2
0.173802093,0.392085582,0.0656023473,0,0,1,0,1,0,1.0,0
0.378345698,0.503377855,0.166490659,1,0,0,0,1,0,0.5,0
0.817317247,0.624393523,0.581094444,1,0,0,0,1,0,1.0,1
0.284030825,0.685229957,0.232430071,0,0,1,1,0,0,1.0,1
0.11009074,0.576503992,0.934400678,1,0,0,0,0,1,0.5,0
0.175124064,0.383748233,0.755590558,1,0,0,0,1,0,0.0,2
0.865807712,0.896371424,0.273291498,1,0,0,0,0,1,1.0,1
0.652094126,0.12732245,0.0061014113,1,0,0,0,0,1,1.0,2
0.290541112,0.492943257,0.799447417,0,1,0,0,1,0,0.0,1
0.57753104,0.786786616,0.4240897,1,0,0,0,0,1,0.5,1
0.551200628,0.107829034,0.642377734,1,0,0,1,0,0,1.0,1
0.672664165,0.720068455,0.286974818,1,0,0,1,0,0,0.0,0
0.271528184,0.828726053,0.142873257,0,0,1,1,0,0,0.0,1
0.871182859,0.677789748,0.675311565,0,1,0,0,0,1,0.0,1
0.343900144,0.0622900464,0.450324595,1,0,0,1,0,0,0.5,1
0.709425092,0.221130177,0.235169694,1,0,0,0,1,0,0.0,2
0.0653184131,0.375007421,0.137628004,0,0,1,0,0,1,0.5,2
0.404024273,0.272005528,0.580479622,0,1,0,1,0,0,0.0,1
0.384124339,0.96451956,0.725549936,0,1,0,1,0,0,1.0,2
0.566310227,0.669014215,0.283886969,0,1,0,1,0,0,1.0,1
0.119099446,0.332122415,0.735142529,1,0,0,1,0,0,0.0,2
0.800624788,0.933212638,0.183122203,0,1,0,0,1,0,1.0,2
0.256891757,0.753564477,0.338415682,0,0,1,1,0,0,0.5,2
0.693185925,0.320376843,0.744882286,0,0,1,0,1,0,0.0,2
0.813051522,0.409937501,0.660143495,1,0,0,0,0,1,1.0,2
0.58378309,0.239457414,0.270523638,1,0,0,0,1,0,0.0,0
0.753839076,0.972520292,0.122134998,1,0,0,1,0,0,1.0,1
0.678767323,0.541431665,0.0424734242,1,0,0,1,0,0,0.5,1
0.387753308,0.901253879,0.837915182,0,0,1,0,0,1,0.0,1
0.818415642,0.379174769,0.0751419514,1,0,0,0,1,0,1.0,0
0.329966307,0.86779952,0.114845149,1,0,0,1,0,0,0.0,1
0.592652261,0.101192504,0.237710625,1,0,0,0,1,0,1.0,0
0.758127868,0.982985795,0.445669711,1,0,0,1,0,0,0.0,1
0.410008103,0.916432619,0.789787054,0,0,1,0,0,1,0.5,2
0.337629229,0.395042807,0.247480333,0,1,0,0,1,0,0.5,1
0.4863787,0.785986066,0.543508232,1,0,0,1,0,0,1.0,1
0.827065349,0.76464504,0.0903725252,0,0,1,0,0,1,0.5,0
0.933425665,0.906192064,0.464511007,0,1,0,1,0,0,0.5,0
0.567829251,0.341892242,0.177638993,0,0,1,1,0,0,0.5,0
0.678392887,0.492244005,0.211191565,0,1,0,0,0,1,0.0,2
0.908109963,0.87174964,0.366828442,0,0,1,0,1,0,0.0,2
0.143619508,0.7896505,0.761347711,1,0,0,0,1,0,1.0,2
0.270474643,0.423793375,0.743986428,0,1,0,0,0,1,0.5,1
0.723455012,0.853438973,0.414972991,0,0,1,0,0,1,0.5,2
0.832557261,0.0946063399,0.118671156,1,0,0,0,0,1,1.0,2
0.864177585,0.792944014,0.280691624,1,0,0,0,0,1,1.0,1
0.444351822,0.246427566,0.505355775,0,1,0,0,1,0,0.0,2
0.134872913,0.321814865,0.869411767,0,0,1,0,0,1,0.5,2
0.465892404,0.518554091,0.968254626,1,0,0,0,0,1,0.5,0
0.269197851,0.477247775,0.637470961,0,0,1,0,1,0,0.5,0
0.326636642,0.544541597,0.350686491,1,0,0,1,0,0,0.0,1
0.783654153,0.567536831,0.693453431,1,0,0,1,0,0,0.0,1
0.121750735,0.364951313,0.336230129,1,0,0,0,1,0,0.0,2
0.836202145,0.216466144,0.62547344,0,1,0,0,1,0,0.5,1
0.456285626,0.780057192,0.243766576,0,0,1,0,1,0,1.0,1
0.616260707,0.429977328,0.266988695,0,1,0,0,1,0,0.0,1
0.135169625,0.530548811,0.0752255917,0,1,0,0,0,1,0.5,1
0.370491117,0.662461877,0.42014116,0,1,0,0,0,1,0.0,1
0.135215878,0.91415602,0.618174493,0,1,0,0,1,0,1.0,2
0.963466525,0.722175181,0.788794935,0,1,0,1,0,0,0.5,2
0.816898584,0.0931862667,0.81034857,1,0,0,1,0,0,0.0,0
0.486651123,0.846632361,0.992444456,1,0,0,0,1,0,0.5,1
0.262422413,0.989887238,0.0877557248,1,0,0,0,1,0,1.0,2
0.93678236,0.498860776,0.493136764,0,1,0,1,0,0,1.0,1
0.377366751,0.971110821,0.521374583,1,0,0,1,0,0,1.0,1
0.202935204,0.569962323,0.804533422,1,0,0,0,0,1,1.0,2
0.585006177,0.486635208,0.266358525,1,0,0,1,0,0,0.5,0
0.946585417,0.364834517,0.0693723187,0,1,0,1,0,0,0.0,1
0.0536387749,0.674677134,0.31375882,0,0,1,1,0,0,1.0,2
0.276218593,0.268329412,0.983927846,0,0,1,1,0,0,0.5,1
0.94152528,0.149687514,0.899441183,1,0,0,0,0,1,1.0,1
0.212531671,0.075875245,0.395246953,0,1,0,0,0,1,1.0,2
0.157581285,0.327761114,0.876272023,0,0,1,0,0,1,0.5,2
0.591677845,0.425982296,0.0327544846,1,0,0,1,0,0,0.5,1
0.868751645,0.574472845,0.314204067,0,1,0,0,0,1,0.5,2
0.503254354,0.328112334,0.726811826,0,0,1,0,1,0,1.0,1
0.994836032,0.984856606,0.221452251,0,0,1,0,0,1,1.0,1
0.695213139,0.327157915,0.198390946,0,1,0,1,0,0,0.0,0
0.120371163,0.468926609,0.861807525,0,0,1,1,0,0,1.0,2
0.993190527,0.148112357,0.615953982,1,0,0,0,1,0,0.0,1
0.437499523,0.297595173,0.989022732,1,0,0,0,0,1,1.0,1
0.323032409,0.0959155336,0.134669676,0,1,0,0,1,0,0.0,1
0.579985201,0.581533194,0.356128395,0,1,0,1,0,0,0.0,1
0.339092225,0.763511419,0.311213374,1,0,0,0,0,1,0.0,1
0.132134631,0.235924318,0.880132258,0,1,0,0,0,1,0.5,2
0.0513569266,0.39951539,0.255296528,0,0,1,0,0,1,0.5,0
0.477104187,0.0657854155,0.353460997,0,0,1,0,1,0,0.0,2
0.845020235,0.847545981,0.142833874,0,0,1,1,0,0,0.5,0
0.593699455,0.790965378,0.775400996,0,0,1,0,0,1,1.0,2
0.999246955,0.110091329,0.237703279,0,1,0,0,1,0,0.5,0
0.322504312,0.396624237,0.0683202744,0,0,1,0,1,0,0.5,1
0.316432297,0.957522273,0.435108721,0,1,0,0,0,1,1.0,2
0.201761991,0.422425717,0.391458124,1,0,0,0,1,0,1.0,2
0.205860406,0.549898267,0.177609205,0,0,1,1,0,0,0.0,2
0.320927262,0.387480706,0.133597553,0,1,0,0,0,1,0.5,0
0.80319804,0.616324842,0.896557212,1,0,0,0,1,0,1.0,1
0.910468936,0.97924906,0.0678444877,0,0,1,0,1,0,1.0,1
0.976332784,0.997627378,0.0993109569,0,0,1,0,0,1,0.5,0
0.270675182,0.785979211,0.245047286,0,0,1,0,1,0,0.5,1
0.887232661,0.434095532,0.952839196,0,1,0,1,0,0,0.0,1
0.361842334,0.5197106,0.0853842497,0,1,0,0,1,0,0.5,0
0.157198519,0.388894767,0.816014826,1,0,0,1,0,0,1.0,2
0.876523674,0.986295879,0.892052174,0,0,1,0,0,1,0.5,2
0.654300332,0.722372293,0.377867728,1,0,0,0,0,1,0.0,2
0.206494346,0.476484865,0.29389441,0,1,0,0,1,0,0.5,2
0.458339691,0.0615095049,0.677377701,0,0,1,1,0,0,0.5,0
0.322894812,0.544459224,0.702634573,1,0,0,0,1,0,0.5,2
0.74995482,0.984731793,0.779977143,0,0,1,1,0,0,1.0,0
0.480745405,0.546907842,0.830566764,0,1,0,0,0,1,1.0,1
0.98981595,0.223305345,0.268395454,1,0,0,0,0,1,1.0,1
0.102007732,0.0709890574,0.686961591,0,0,1,0,0,1,1.0,2
0.38726449,0.386968583,0.134905726,0,0,1,0,0,1,0.0,2
0.507805169,0.92231667,0.510731339,0,0,1,1,0,0,1.0,0
0.527976871,0.996726394,0.612886906,1,0,0,1,0,0,1.0,1
0.350139022,0.948099554,0.161731943,0,1,0,0,1,0,0.0,1
0.742778242,0.742949009,0.0765065402,0,1,0,0,1,0,1.0,2
0.881009698,0.5802356,0.194746286,1,0,0,0,1,0,1.0,1
0.941783309,0.611151814,0.420588762,0,0,1,0,1,0,1.0,2
0.814838707,0.562042415,0.887840986,1,0,0,0,1,0,0.5,1
0.858051181,0.721696854,0.531914413,1,0,0,0,1,0,0.0,1
0.573018014,0.447929561,0.748492897,0,1,0,0,0,1,1.0,0
0.834593832,0.685743809,0.174144521,1,0,0,1,0,0,0.0,1
0.338328719,0.165531516,0.105978198,0,0,1,0,1,0,1.0,2
0.428554833,0.302410543,0.239617363,0,1,0,1,0,0,0.5,0
0.351067364,0.844202876,0.313880414,0,1,0,0,0,1,1.0,2
0.494017959,0.908561468,0.548102021,0,0,1,1,0,0,1.0,2
0.321300626,0.562057853,0.881243348,1,0,0,0,0,1,0.5,1
0.963530898,0.0800538361,0.426092625,0,1,0,1,0,0,0.5,0
0.34720239,0.930624902,0.518798172,1,0,0,0,0,1,0.0,2
0.143142313,0.716961026,0.00461353594,0,0,1,0,0,1,0.0,2
0.550476313,0.443326533,0.0333120637,0,1,0,0,0,1,1.0,1
0.104244128,0.61846,0.0837692022,0,0,1,0,0,1,1.0,2
0.155016005,0.458286107,0.6989941,0,1,0,0,1,0,0.5,2
0.258419931,0.492072254,0.486191362,0,0,1,0,1,0,1.0,2
0.491132736,0.892469347,0.192961201,1,0,0,0,0,1,0.0,1
0.461588383,0.203030035,0.592599452,0,0,1,1,0,0,0.5,1
0.809707284,0.148485675,0.544612169,0,0,1,1,0,0,0.5,1
0.752500892,0.0525923073,0.0887993053,0,0,1,0,1,0,0.5,0
0.455002367,0.348300368,0.640412748,0,0,1,1,0,0,1.0,0
0.367018998,0.190043077,0.767154872,0,0,1,0,0,1,0.0,1
0.350645334,0.258986235,0.286554396,1,0,0,0,0,1,0.5,0
0.785295308,0.0606770329,0.687488854,1,0,0,1,0,0,0.0,1
0.0994687825,0.265835643,0.199719518,0,1,0,0,1,0,0.5,2
0.0621805675,0.366075993,0.756728828,0,0,1,0,1,0,0.5,0
0.805767179,0.0799891204,0.911774158,1,0,0,1,0,0,0.0,1
0.503289044,0.627508938,0.441867113,0,0,1,0,1,0,0.5,0
0.174337089,0.590360343,0.244622082,0,0,1,1,0,0,1.0,2
0.273787647,0.142183989,0.399176717,0,1,0,1,0,0,0.0,1
0.935878754,0.61525929,0.250077486,0,0,1,0,1,0,0.0,2
0.866527855,0.998721242,0.00123937579,1,0,0,1,0,0,0.5,1
0.724295795,0.947245479,0.650456607,0,1,0,0,1,0,0.0,0
0.50811398,0.052537445,0.0425266437,0,1,0,0,0,1,1.0,0
0.54430747,0.805609405,0.210390747,0,1,0,0,0,1,0.5,0
0.976482332,0.385925025,0.722449541,0,0,1,0,1,0,1.0,1
0.967481911,0.110468805,0.665724993,0,1,0,1,0,0,1.0,2
0.254505605,0.331184059,0.0733289123,1,0,0,0,0,1,1.0,1
0.820549309,0.35564968,0.660054743,1,0,0,1,0,0,0.0,1
0.237380534,0.547082007,0.930574894,0,1,0,0,0,1,0.5,1
0.252860606,0.678029597,0.0745024681,0,1,0,0,1,0,0.5,1
0.692288399,0.761602819,0.415688217,0,1,0,1,0,0,1.0,2
0.434751034,0.2836079,0.729433894,0,0,1,0,1,0,1.0,2
0.93496716,0.355682045,0.667723,0,1,0,1,0,0,0.5,0
0.134559244,0.342962623,0.22651054,0,1,0,0,0,1,0.5,2
0.535949349,0.394600034,0.163067281,0,0,1,0,1,0,1.0,0
0.922595441,0.999673486,0.784246981,0,1,0,0,0,1,0.5,1
0.90890795,0.789046109,0.956244648,0,1,0,1,0,0,1.0,1
0.198702753,0.976240933,0.767583489,1,0,0,1,0,0,1.0,2
0.398305804,0.708455503,0.963204503,1,0,0,0,1,0,1.0,1
0.638165355,0.435957164,0.60499543,1,0,0,0,0,1,1.0,1
0.201425135,0.420256972,0.929098845,0,0,1,0,1,0,0.0,2
0.969621062,0.51415211,0.690435708,1,0,0,0,0,1,0.5,0
0.919011891,0.446026295,0.908884764,1,0,0,0,0,1,0.5,1
0.208602667,0.83690995,0.161588967,0,1,0,1,0,0,0.5,2
0.165097684,0.491751909,0.815565228,0,0,1,1,0,0,1.0,2
0.131138057,0.330833644,0.196745798,0,1,0,0,1,0,0.0,0
0.913971484,0.786117256,0.027429102,0,1,0,1,0,0,0.5,0
0.233942613,0.861699402,0.517586112,0,0,1,1,0,0,1.0,2
0.445470691,0.449407518,0.318251789,0,0,1,0,1,0,1.0,1
0.476408809,0.684418142,0.043531362,0,1,0,0,1,0,0.0,1
0.619060516,0.105864309,0.98030436,0,1,0,0,1,0,0.0,0
0.11814858,0.552991629,0.666466117,0,1,0,0,0,1,1.0,2
0.265420675,0.0927320793,0.901812196,0,0,1,0,0,1,0.5,1
0.934915841,0.0777312964,0.999082565,0,1,0,0,0,1,1.0,1
0.912989616,0.632278621,0.39196673,0,1,0,0,1,0,0.0,0
0.792226136,0.338168621,0.25473702,1,0,0,1,0,0,1.0,1
0.0684311837,0.755410314,0.183884397,1,0,0,0,0,1,1.0,2
0.36065644,0.901278436,0.515187085,1,0,0,1,0,0,0.0,1
0.646560788,0.18242161,0.60608077,1,0,0,0,0,1,0.0,2
0.311430693,0.738296688,0.472422749,1,0,0,1,0,0,1.0,1
0.914107382,0.538793981,0.387252003,0,1,0,0,0,1,0.0,1
0.652194977,0.156513289,0.16827257,0,1,0,1,0,0,0.5,0
0.118311383,0.669012964,0.441859633,0,0,1,0,0,1,0.5,2
0.913555324,0.628993452,0.0852431357,0,0,1,0,0,1,0.5,2
0.959878325,0.539859772,0.865047753,0,0,1,0,0,1,0.0,1
0.123826794,0.930147648,0.0469026528,0,1,0,0,1,0,1.0,2
0.555742204,0.545025706,0.38064605,1,0,0,0,0,1,1.0,1
0.338196069,0.990989387,0.100137867,0,1,0,1,0,0,1.0,1
0.42319712,0.533767402,0.774980485,0,1,0,1,0,0,1.0,1
0.220668659,0.160059437,0.312736988,0,0,1,0,0,1,0.5,2
0.599168479,0.496947676,0.11310561,0,0,1,1,0,0,1.0,0
0.960080385,0.223212332,0.53149128,0,0,1,0,0,1,1.0,2
0.527918994,0.617276788,0.916276991,0,0,1,1,0,0,0.0,1
0.128768846,0.70847559,0.908644855,0,1,0,0,0,1,0.0,2
0.63900125,0.495013505,0.249651045,0,0,1,0,0,1,1.0,2
0.373211831,0.142817825,0.719659686,1,0,0,1,0,0,0.5,1
0.863128901,0.495209336,0.0302841924,0,1,0,0,0,1,0.5,0
0.462944239,0.127381504,0.131851792,1,0,0,1,0,0,0.5,1
0.233197629,0.698019683,0.49947238,0,1,0,0,0,1,0.0,2
0.231550336,0.800849795,0.228756428,0,1,0,1,0,0,0.5,2
0.780325949,0.964261293,0.798261881,0,0,1,0,1,0,0.0,0
0.302308232,0.191362008,0.931072176,1,0,0,0,0,1,0.5,0
0.778871715,0.555799305,0.00433331635,0,1,0,0,0,1,0.0,2
0.245592952,0.589160502,0.232915834,1,0,0,0,0,1,0.0,2
0.355602056,0.92635268,0.43955335,0,1,0,0,1,0,0.0,1
0.492212623,0.645912826,0.563079298,0,1,0,0,0,1,1.0,0
0.946036041,0.188234165,0.915902793,0,1,0,0,1,0,0.0,1
0.935144842,0.464533746,0.891883492,1,0,0,0,1,0,0.0,1
0.246528283,0.672024429,0.637170076,0,1,0,0,1,0,0.0,2
0.390308082,0.715270221,0.257388026,1,0,0,1,0,0,0.5,0
0.191929415,0.869920313,0.783287823,1,0,0,1,0,0,0.0,2
0.534485817,0.22148177,0.202651769,0,0,1,0,0,1,1.0,0
0.487553418,0.953965068,0.96517235,1,0,0,0,1,0,0.5,2
0.905722141,0.106182441,0.00583991595,0,1,0,0,0,1,0.5,1
0.933505118,0.98457402,0.569770515,0,1,0,1,0,0,1.0,1
0.414389014,0.864878714,0.0883972496,0,1,0,0,0,1,0.0,2
0.517151058,0.677259147,0.407599539,0,1,0,0,1,0,0.0,0
0.901424408,0.748245716,0.634933531,1,0,0,0,1,0,0.5,0
0.816372395,0.119057402,0.689598501,0,0,1,0,1,0,1.0,2
0.0534734949,0.0894058719,0.785569489,1,0,0,0,1,0,0.5,2
0.354056597,0.146677509,0.593327701,0,1,0,0,0,1,0.5,1
0.450685531,0.132991821,0.251319349,1,0,0,0,1,0,0.0,0
0.268230468,0.570012152,0.889253259,0,0,1,1,0,0,0.0,1
0.239593029,0.254671782,0.811107397,0,0,1,0,1,0,1.0,2
0.0858952776,0.867195368,0.160052314,0,0,1,1,0,0,0.5,2
0.661201239,0.473461181,0.826511204,0,0,1,0,0,1,1.0,1
0.299384773,0.710734963,0.972644508,0,0,1,0,0,1,0.5,0
0.0997298211,0.670229435,0.637219131,1,0,0,0,0,1,1.0,2
0.269430339,0.353860378,0.281805217,0,0,1,0,0,1,1.0,1
0.811818242,0.281009197,0.606593847,0,0,1,1,0,0,1.0,1
0.858914733,0.375333458,0.342535079,0,1,0,1,0,0,1.0,2
0.508912921,0.806825459,0.675946474,0,0,1,0,1,0,0.5,2
0.445267141,0.606962979,0.544799984,1,0,0,0,1,0,1.0,1
0.978960991,0.290861726,0.929490626,0,1,0,0,0,1,0.5,1
0.240536422,0.826954126,0.617908537,1,0,0,0,0,1,1.0,2
0.254591316,0.102021419,0.213981688,0,1,0,1,0,0,0.0,0
0.327273816,0.714224219,0.725109875,0,0,1,1,0,0,0.5,2
0.214119449,0.467145771,0.300878316,1,0,0,0,0,1,0.5,2
0.410397321,0.744725883,0.272390962,0,1,0,0,0,1,0.5,0
0.915292501,0.931088209,0.391776621,1,0,0,1,0,0,1.0,1
0.634580433,0.762532413,0.011996679,0,1,0,1,0,0,0.5,1
0.441349208,0.46986708,0.969140649,0,0,1,1,0,0,1.0,0
0.937690258,0.193426892,0.532331109,1,0,0,0,0,1,1.0,2
0.0960410237,0.816033423,0.773493886,1,0,0,1,0,0,0.0,2
0.249762371,0.487670243,0.257852226,1,0,0,1,0,0,0.0,0
0.587594151,0.121546708,0.746618152,0,0,1,0,1,0,0.0,2
0.634774983,0.73310262,0.567170501,0,0,1,1,0,0,1.0,0
0.0875796303,0.327259362,0.424144179,0,1,0,0,1,0,0.5,2
0.432886809,0.096443817,0.97066921,1,0,0,0,1,0,0.5,1
0.66669625,0.907613456,0.493843704,0,1,0,0,0,1,0.0,1
0.713167012,0.508946061,0.657458603,0,1,0,0,0,1,0.5,1
0.656232893,0.316913009,0.0153421918,0,0,1,0,0,1,0.0,2
0.354535073,0.730567217,0.3014552,1,0,0,0,0,1,0.0,1
0.138844118,0.891607285,0.888691545,0,0,1,1,0,0,0.5,2
0.455756813,0.0502917208,0.758959055,1,0,0,1,0,0,0.5,1
0.172316715,0.703459561,0.536754012,0,1,0,1,0,0,1.0,2
0.95024246,0.778661132,0.900159717,0,0,1,0,1,0,0.5,1
0.501412332,0.249431059,0.486220509,0,0,1,0,0,1,0.5,0
0.351396203,0.51514262,0.566507041,1,0,0,1,0,0,0.0,1
0.777988851,0.134821609,0.382152855,0,1,0,1,0,0,1.0,0
0.523051143,0.759412408,0.620040059,0,0,1,0,0,1,0.5,2
0.344532311,0.855083227,0.319001526,0,1,0,0,1,0,1.0,2
0.82136935,0.152777329,0.385492176,0,0,1,0,1,0,1.0,1
0.873794556,0.825637221,0.966326237,0,0,1,0,0,1,0.0,1
0.689357758,0.782991648,0.111308679,0,0,1,0,0,1,0.0,0
0.0946162045,0.379567653,0.105255343,0,1,0,1,0,0,0.5,0
0.588006735,0.705775082,0.0433160178,0,1,0,0,1,0,0.0,2
0.775130153,0.0500457175,0.320044518,0,1,0,0,0,1,1.0,0
0.179677859,0.935207784,0.398229241,0,1,0,0,1,0,0.0,2
0.267237216,0.572864056,0.094515644,0,1,0,0,1,0,0.0,0
0.888370335,0.639321923,0.549130976,0,1,0,1,0,0,1.0,2
0.0691156387,0.681426466,0.583301544,0,1,0,1,0,0,1.0,1
0.765090764,0.583300591,0.75102669,1,0,0,0,0,1,0.0,1
0.500084639,0.863925695,0.975968122,0,1,0,0,1,0,0.0,1
0.474433541,0.629216731,0.619352221,0,1,0,1,0,0,0.0,1
0.056741707,0.912371993,0.11165081,1,0,0,1,0,0,1.0,2
0.828428328,0.603215039,0.0885242447,1,0,0,0,1,0,1.0,0
0.391833663,0.212566301,0.777546883,0,1,0,0,1,0,0.0,1
0.563727379,0.917884409,0.65033412,0,1,0,0,1,0,0.5,0
0.693435669,0.697546124,0.161914393,0,1,0,0,1,0,1.0,2
0.717498124,0.714277029,0.253359973,1,0,0,1,0,0,0.0,0
0.958181083,0.986207664,0.750240386,0,0,1,1,0,0,1.0,1
0.554772973,0.12143673,0.566155791,0,0,1,0,0,1,0.0,1
0.429733574,0.457162976,0.585000038,0,0,1,0,1,0,0.0,1
0.956018448,0.277140617,0.210008666,0,0,1,0,0,1,0.0,2
0.660004735,0.648905158,0.629058003,0,0,1,1,0,0,0.5,1
0.333242834,0.8164711,0.770628572,0,1,0,0,1,0,0.5,1
0.170141026,0.967995167,0.885252237,0,0,1,0,0,1,1.0,1
0.850426793,0.4818663,0.736717343,0,1,0,0,0,1,1.0,1
0.394072533,0.796907306,0.576375663,1,0,0,0,0,1,0.5,0
0.677446246,0.921199024,0.673259318,1,0,0,1,0,0,0.0,1
0.497275591,0.699159145,0.485111475,0,0,1,1,0,0,0.5,1
0.238983288,0.280595928,0.226898238,1,0,0,0,0,1,0.5,2
0.621602297,0.627461433,0.882206976,0,1,0,1,0,0,0.0,1
0.107648917,0.971454442,0.532622635,0,0,1,1,0,0,1.0,2
0.442675322,0.988176167,0.59431833,0,0,1,0,0,1,0.5,0
0.569284201,0.660241842,0.990108907,0,1,0,0,0,1,1.0,2
0.464244634,0.892638385,0.98501569,0,1,0,0,1,0,0.5,2
0.761238575,0.240331903,0.586310983,0,1,0,0,0,1,0.5,1
0.836528718,0.283774674,0.0339572616,0,0,1,0,1,0,1.0,2
0.782680929,0.95524323,0.396147549,1,0,0,0,1,0,1.0,0
0.086872302,0.178473607,0.937293291,1,0,0,0,0,1,0.0,2
0.234422326,0.231551111,0.288306594,1,0,0,1,0,0,0.0,1
0.559777141,0.449521184,0.999268711,1,0,0,0,1,0,0.5,1
0.938080966,0.610105097,0.0843175277,0,0,1,0,1,0,0.5,0
0.843208909,0.623626351,0.568114161,0,1,0,0,1,0,0.0,2
0.850407779,0.3273772,0.515449345,1,0,0,1,0,0,0.0,1
0.338047773,0.924583197,0.255352914,0,0,1,1,0,0,0.5,2
0.457975507,0.919344902,0.948607147,0,0,1,0,1,0,0.0,1
0.497170657,0.422464639,0.619171202,1,0,0,1,0,0,1.0,2
0.199503005,0.462577194,0.23022829,0,1,0,0,1,0,0.5,2
0.079514727,0.717372239,0.384048194,0,1,0,0,1,0,0.5,0
0.949557781,0.679846108,0.721229434,0,0,1,1,0,0,0.5,1
0.278676957,0.413182169,0.29769671,0,1,0,0,0,1,0.5,2
0.277951449,0.44353205,0.879606187,0,0,1,0,1,0,1.0,2
0.1292101,0.38063699,0.165673897,0,1,0,0,1,0,0.0,2
0.932082355,0.273615748,0.264505088,1,0,0,0,1,0,0.5,1
0.600750268,0.485231459,0.144898608,0,1,0,0,1,0,0.5,0
0.683685005,0.702112436,0.104178838,1,0,0,0,1,0,0.5,0
0.915998042,0.754868388,0.30031541,1,0,0,1,0,0,0.5,1
0.378339171,0.789929986,0.999178767,0,0,1,1,0,0,1.0,1
0.640431941,0.405995399,0.0943294168,1,0,0,0,1,0,0.0,1
0.0868594795,0.776404202,0.21300219,0,0,1,1,0,0,1.0,0
0.227433905,0.0561904982,0.271616787,1,0,0,0,0,1,0.5,1
0.839683533,0.503197432,0.619129658,1,0,0,0,0,1,0.5,2
0.778429925,0.804209173,0.745345712,1,0,0,1,0,0,1.0,1
0.383110553,0.648542464,0.751933694,0,1,0,1,0,0,0.5,2
0.407970101,0.500359952,0.00863598194,0,1,0,0,1,0,1.0,0
0.556876719,0.662409902,0.651850462,1,0,0,0,1,0,1.0,0
0.0502289534,0.911598682,0.630736887,0,0,1,0,0,1,0.0,0
0.279182106,0.588062704,0.517654657,1,0,0,1,0,0,0.0,1
0.247820213,0.80979687,0.379208565,0,0,1,1,0,0,0.0,0
0.287958801,0.981705606,0.797444224,1,0,0,0,0,1,0.0,1
0.815610528,0.720289767,0.343880802,1,0,0,0,0,1,1.0,0
0.31569016,0.594659448,0.230012268,0,0,1,1,0,0,0.5,1
0.231945261,0.0856116489,0.310095161,0,0,1,0,0,1,1.0,2
0.529050291,0.405754,0.439647913,0,1,0,1,0,0,0.5,0
0.872362792,0.587170601,0.214057386,0,0,1,0,0,1,0.0,2
0.279282212,0.807346225,0.607571244,1,0,0,0,0,1,0.5,0
0.124609433,0.466199547,0.884209216,0,0,1,0,0,1,0.5,2
0.388584495,0.962055385,0.595460117,0,1,0,0,1,0,1.0,1
0.760269225,0.308204055,0.446668297,1,0,0,0,1,0,0.0,2
0.573155999,0.757338822,0.796868742,1,0,0,0,1,0,1.0,1
0.825953722,0.448079854,0.74803865,1,0,0,0,0,1,0.5,1
0.961612523,0.511689067,0.367058128,0,0,1,0,1,0,0.5,0
0.803029358,0.812376916,0.604153454,1,0,0,0,0,1,0.5,1
0.62361294,0.331404507,0.729842842,1,0,0,0,1,0,1.0,1
0.518674493,0.141971454,0.245463252,0,0,1,1,0,0,1.0,2
0.0880656317,0.544242799,0.36627388,1,0,0,0,0,1,1.0,2
0.985105872,0.552354872,0.105776072,0,0,1,0,1,0,0.0,0
0.414307058,0.807309389,0.987680256,0,0,1,0,1,0,0.5,2
0.194616809,0.969903231,0.0858776495,0,1,0,0,0,1,1.0,2
0.683373392,0.10253565,0.168606132,1,0,0,0,0,1,1.0,1
0.320073873,0.612105012,0.479831964,0,0,1,0,0,1,1.0,0
0.60648936,0.697214603,0.865271807,0,1,0,0,0,1,1.0,1
0.607429504,0.98651129,0.355882019,0,0,1,0,0,1,1.0,2
0.473443329,0.945460677,0.768596172,1,0,0,0,0,1,1.0,1
0.844312668,0.726828218,0.676034093,0,1,0,0,0,1,1.0,1
0.301718712,0.545699954,0.638664067,0,0,1,1,0,0,0.0,0
0.476200968,0.203447729,0.845017254,0,1,0,0,1,0,1.0,2
0.560807526,0.414967716,0.01417029,1,0,0,1,0,0,0.0,1
0.680443466,0.605866194,0.929153025,0,0,1,0,0,1,0.0,1
0.794773281,0.738940358,0.829226196,1,0,0,1,0,0,0.5,1
0.425066918,0.653629601,0.937867224,0,0,1,0,0,1,0.5,1
0.663744569,0.728416681,0.793587863,0,1,0,0,1,0,0.0,1
0.19308041,0.457694888,0.878591418,1,0,0,0,1,0,0.0,2
0.936015725,0.741245925,0.203078046,0,1,0,0,1,0,1.0,2
0.413905859,0.186554193,0.319229066,0,0,1,1,0,0,0.0,0
0.74304533,0.204457,0.315221012,0,0,1,0,1,0,1.0,0
0.0693240315,0.204690546,0.109166749,1,0,0,0,0,1,1.0,0
0.244927779,0.896321714,0.72957927,1,0,0,0,1,0,0.5,2
0.512728393,0.122232363,0.136170894,0,0,1,1,0,0,0.0,2
0.884339869,0.811432958,0.0525091663,0,1,0,0,1,0,1.0,0
0.550892413,0.271892339,0.775446892,0,0,1,0,1,0,0.0,2
0.933376968,0.495008439,0.904663146,0,1,0,1,0,0,1.0,1
0.509607077,0.920158744,0.764123321,1,0,0,1,0,0,0.5,1
0.515926659,0.606640339,0.825352192,0,1,0,1,0,0,1.0,1
0.163759455,0.249611795,0.595621705,0,0,1,0,0,1,0.5,2
0.812523425,0.319885552,0.887746334,0,1,0,0,1,0,0.5,1
0.284617156,0.924424291,0.496703476,1,0,0,0,0,1,0.5,2
0.904631853,0.455786735,0.988322616,0,1,0,0,0,1,0.5,1
0.915283024,0.607636213,0.103415042,0,0,1,1,0,0,0.5,0
0.946144581,0.486935586,0.809180677,0,0,1,0,0,1,0.0,1
0.544218957,0.409516186,0.64138943,0,1,0,0,1,0,0.0,0
0.693239093,0.26211518,0.580646098,0,0,1,1,0,0,1.0,0
0.789590061,0.701881945,0.725810528,1,0,0,0,0,1,0.5,1
0.174463883,0.732329905,0.84029156,0,1,0,0,1,0,0.5,2
0.620909333,0.311140835,0.862884045,0,1,0,0,1,0,0.0,1
0.0825830027,0.799560308,0.17538096,0,1,0,0,1,0,0.0,2
0.522687793,0.861808419,0.197035924,0,0,1,0,0,1,0.5,0
0.19710055,0.924641371,0.0161665101,0,1,0,1,0,0,0.0,0
0.223776773,0.203151792,0.131842464,0,1,0,1,0,0,0.0,2
0.396795183,0.338727504,0.263882488,0,1,0,0,1,0,0.5,2
0.46081531,0.867335677,0.721035838,0,1,0,1,0,0,0.5,1
0.642013788,0.238613188,0.475767523,1,0,0,1,0,0,0.5,1
0.120706998,0.0532950349,0.757903516,0,0,1,1,0,0,1.0,1
0.528507173,0.877285957,0.486535847,1,0,0,1,0,0,0.5,0
0.223493874,0.360126972,0.555597425,0,1,0,0,0,1,1.0,2
0.595276415,0.443772644,0.111066587,0,0,1,1,0,0,0.0,0
0.655534387,0.474017322,0.77655828,0,1,0,1,0,0,0.5,2
0.578873813,0.855860889,0.758126557,1,0,0,0,0,1,0.0,1
0.751380742,0.370997548,0.307561606,0,1,0,1,0,0,0.0,1
0.368828773,0.897665918,0.328578085,1,0,0,1,0,0,1.0,1
0.776851237,0.636092186,0.219681457,1,0,0,1,0,0,0.5,1
0.461128742,0.550922394,0.813839674,0,0,1,0,1,0,1.0,1
0.509975255,0.359333783,0.747006774,0,1,0,0,0,1,0.0,2
0.665697038,0.281526119,0.609147727,0,1,0,1,0,0,1.0,2
0.0674404651,0.642855525,0.238822103,0,1,0,0,0,1,0.5,0
0.67129451,0.474549443,0.171853334,0,0,1,0,0,1,0.5,0
0.637655914,0.914990187,0.0502688512,1,0,0,1,0,0,0.0,1
0.344354749,0.517056763,0.0456114821,0,0,1,0,0,1,0.5,0
0.131504565,0.536205173,0.187136143,0,0,1,0,1,0,1.0,2
0.136388674,0.445887119,0.100532532,1,0,0,0,0,1,1.0,2
0.927062571,0.79979986,0.5561077,0,1,0,1,0,0,0.0,2
0.704815328,0.453597248,0.358090132,1,0,0,1,0,0,0.0,1
0.170747489,0.305874914,0.444945782,1,0,0,0,1,0,1.0,2
0.388887018,0.868929327,0.594067156,1,0,0,1,0,0,0.0,1
0.612858832,0.616986811,0.659101725,0,1,0,0,1,0,1.0,1
0.843793094,0.611934721,0.648201704,1,0,0,0,0,1,1.0,0
0.0914778858,0.630281091,0.260856599,0,0,1,0,0,1,1.0,0
0.274801463,0.732897758,0.809626997,1,0,0,0,0,1,1.0,1
0.895261526,0.347414583,0.917709649,1,0,0,1,0,0,0.0,1
0.0587072745,0.0821521506,0.315938354,0,0,1,1,0,0,1.0,1
0.241329148,0.820063531,0.017065417,0,1,0,0,1,0,0.5,0
0.961072981,0.172459796,0.899154186,0,0,1,0,0,1,0.0,1
0.632731736,0.735728741,0.923548758,0,1,0,0,1,0,1.0,1
0.298587799,0.128199533,0.0509464405,0,1,0,0,1,0,0.0,2
0.113641538,0.40654245,0.00495659187,0,1,0,1,0,0,0.5,2
0.0767817721,0.10987477,0.81640476,0,1,0,0,0,1,0.5,0
0.282507837,0.546103001,0.301463366,0,0,1,0,1,0,1.0,2
0.887411535,0.670479,0.914582193,0,1,0,0,0,1,0.5,2
0.44511798,0.212861478,0.216743574,0,0,1,1,0,0,1.0,0
0.734316707,0.40304625,0.861154616,1,0,0,0,0,1,1.0,1
0.922370791,0.933727503,0.0686442703,0,0,1,0,1,0,0.0,2
0.437638432,0.47026965,0.260636836,1,0,0,0,1,0,1.0,0
0.231713504,0.812416375,0.973128855,0,0,1,0,0,1,1.0,2
0.541262031,0.930825531,0.231196657,1,0,0,0,0,1,1.0,1
0.912679493,0.975628555,0.13301298,0,0,1,0,0,1,1.0,2
0.814155698,0.903405905,0.857054651,0,0,1,0,1,0,1.0,2
0.112538353,0.351535052,0.117800795,0,0,1,0,1,0,1.0,2
0.707944155,0.96444422,0.0974561051,0,0,1,0,1,0,1.0,0
0.593302667,0.821775496,0.323425144,1,0,0,0,0,1,0.0,0
0.912090003,0.845316827,0.635328531,0,1,0,0,1,0,0.0,0
0.166357353,0.0644143373,0.710746348,0,0,1,0,0,1,1.0,2
0.557334304,0.956526935,0.881238759,1,0,0,0,1,0,0.0,1
0.885489583,0.789185703,0.540911555,0,0,1,0,1,0,1.0,0
0.439522594,0.779569149,0.393417776,0,1,0,0,0,1,1.0,2
0.507895172,0.127448499,0.35883376,1,0,0,1,0,0,0.5,2
0.116937645,0.270940125,0.846902728,1,0,0,0,1,0,0.0,0
0.314236462,0.964148581,0.723815322,1,0,0,1,0,0,0.5,1
0.358281314,0.525643229,0.905429006,0,0,1,0,1,0,1.0,0
0.947866321,0.427965105,0.964035451,0,0,1,0,1,0,1.0,1
0.318533987,0.847943783,0.300050825,0,1,0,0,1,0,1.0,2
0.487825304,0.132973388,0.529674113,0,1,0,0,0,1,0.0,1
0.687739193,0.44609493,0.631820798,0,0,1,0,1,0,0.0,0
0.204074204,0.406915724,0.163848951,0,0,1,1,0,0,0.0,0
0.512120247,0.382358819,0.0533470325,1,0,0,0,1,0,0.0,2
0.751612067,0.342307627,0.867763937,0,0,1,0,1,0,0.5,1
0.873512447,0.249571204,0.535523534,1,0,0,0,1,0,0.5,2
0.644946337,0.214265257,0.570774198,0,1,0,0,0,1,0.0,0
0.685600817,0.658385813,0.554914355,0,0,1,0,0,1,0.0,1
0.169969305,0.923425078,0.754960716,0,1,0,1,0,0,0.5,2
0.948487699,0.533409059,0.145501941,0,0,1,0,0,1,0.0,2
0.175945371,0.333075821,0.614048421,0,0,1,0,1,0,1.0,1
0.785939276,0.201202184,0.469479501,1,0,0,0,0,1,1.0,0
0.301575512,0.83863622,0.896958172,0,0,1,0,0,1,0.0,1
0.93691349,0.972917438,0.519620955,0,1,0,0,1,0,0.0,0
0.733961582,0.381697625,0.94293499,0,0,1,0,1,0,1.0,1
0.766123056,0.326402903,0.353253007,0,1,0,0,0,1,0.0,0
0.258106202,0.621418297,0.966894686,0,0,1,0,1,0,1.0,1
0.470887989,0.786562502,0.875157952,0,1,0,0,0,1,1.0,1
0.636922538,0.482632667,0.584263265,0,1,0,0,0,1,0.0,0
0.781474948,0.648569465,0.353709936,0,1,0,0,1,0,0.0,0
0.148761407,0.730721593,0.375923365,0,0,1,1,0,0,1.0,2
0.964247048,0.96256268,0.772752106,1,0,0,0,0,1,0.0,2
0.895709634,0.20678547,0.580631375,0,1,0,1,0,0,0.0,0
0.306831151,0.997513354,0.401587576,0,1,0,1,0,0,0.5,1
0.831622243,0.422548831,0.636054933,1,0,0,0,0,1,0.5,2
0.542407751,0.737040162,0.733233392,0,1,0,0,0,1,1.0,1
0.488716155,0.593793631,0.0229005124,0,1,0,0,1,0,1.0,2
0.348712415,0.512335181,0.0898628011,0,0,1,0,1,0,1.0,0
0.601920128,0.713171601,0.0944854394,1,0,0,1,0,0,0.5,1
0.743394673,0.425966144,0.231933802,0,1,0,1,0,0,1.0,2
0.440386266,0.169804484,0.426990449,0,0,1,0,0,1,1.0,1
0.647758245,0.514448702,0.803649902,0,0,1,0,0,1,0.5,1
0.714347303,0.545820057,0.351099044,0,0,1,0,1,0,1.0,0
0.725565732,0.241807044,0.017477788,0,0,1,0,0,1,0.0,0
0.0993677899,0.938838363,0.48336184,1,0,0,0,0,1,0.5,0
0.866760433,0.266101867,0.996628582,1,0,0,1,0,0,1.0,1
0.485340655,0.438766211,0.349020988,0,0,1,0,0,1,1.0,1
0.299295276,0.197183207,0.961254537,1,0,0,1,0,0,0.0,1
0.279676288,0.55900681,0.101345129,0,0,1,1,0,0,0.5,0
0.508863389,0.342255741,0.173099652,0,1,0,0,1,0,0.0,1
0.89248997,0.514808893,0.724122047,0,1,0,0,1,0,0.0,0
0.409430206,0.263386071,0.501212478,0,0,1,1,0,0,1.0,2
0.762239456,0.101086371,0.765121818,0,1,0,0,0,1,1.0,1
0.141977787,0.790265322,0.863558352,0,0,1,0,0,1,1.0,2
0.50225389,0.659031987,0.251084864,0,1,0,0,0,1,0.0,2
0.992101848,0.373702377,0.682829142,0,1,0,1,0,0,0.5,0
0.781915903,0.0951195136,0.607601225,1,0,0,0,1,0,1.0,0
0.250002056,0.872296333,0.861535013,0,0,1,0,0,1,0.0,1
0.526369393,0.211305261,0.430103898,1,0,0,1,0,0,1.0,1
0.271943539,0.934205115,0.0518704318,0,0,1,0,1,0,0.0,1
0.439082891,0.504665613,0.574186146,0,1,0,0,0,1,0.5,1
0.791079819,0.373367369,0.958878338,0,0,1,1,0,0,0.0,1
0.782663584,0.754671514,0.0146311792,0,0,1,1,0,0,0.5,2
0.26669535,0.882997453,0.240257993,0,0,1,0,1,0,0.0,1
0.926112175,0.4021779,0.316067785,0,0,1,0,1,0,0.5,0
0.612939775,0.436976552,0.765838861,0,1,0,0,0,1,0.5,1
0.410928071,0.461500317,0.323276937,0,1,0,0,1,0,0.5,2
0.526838779,0.926206887,0.239083856,1,0,0,1,0,0,0.5,1
0.624817669,0.70793581,0.648558021,0,0,1,0,0,1,1.0,1
0.581896007,0.285263807,0.0464052893,1,0,0,1,0,0,1.0,1
0.512084782,0.225749716,0.170596853,0,1,0,1,0,0,0.0,1
0.529686153,0.268849283,0.408030242,0,1,0,1,0,0,1.0,2
0.217591316,0.300385684,0.35559997,0,0,1,1,0,0,0.5,2
0.822096288,0.268674314,0.347165823,0,0,1,0,0,1,1.0,0
0.564672291,0.675581098,0.108555011,1,0,0,1,0,0,0.5,2
0.174525872,0.160136834,0.360840023,0,1,0,0,1,0,1.0,2
0.777849257,0.417990565,0.797992766,1,0,0,1,0,0,0.0,0
0.935821772,0.643800914,0.413844198,0,1,0,1,0,0,0.0,0
0.949941576,0.326316983,0.58617121,0,1,0,0,0,1,0.5,1
0.400566846,0.112010665,0.163579404,1,0,0,0,0,1,0.5,0
0.178741023,0.127732724,0.0697113648,0,1,0,0,0,1,1.0,0
0.542479634,0.169668436,0.879956067,0,1,0,0,1,0,1.0,1
0.156978771,0.844050884,0.331372589,1,0,0,1,0,0,0.5,1
0.937288046,0.674970329,0.350337237,0,1,0,1,0,0,0.0,1
0.22440064,0.111296289,0.877687871,1,0,0,0,1,0,0.0,2
0.290127575,0.421515435,0.707771361,0,0,1,0,1,0,0.5,2
0.436304688,0.3146559,0.75626272,0,1,0,0,0,1,0.0,1
0.414006233,0.599138081,0.682003498,1,0,0,0,1,0,0.5,1
0.804929733,0.546665668,0.105792247,0,1,0,0,1,0,1.0,1
0.483500987,0.5070678,0.957995832,0,1,0,0,0,1,0.0,1
0.212229848,0.348786741,0.909136295,1,0,0,0,1,0,0.0,1
0.303849399,0.180909783,0.236220121,0,0,1,0,0,1,0.5,1
0.53365773,0.755257547,0.803994179,1,0,0,1,0,0,1.0,2
0.190081224,0.88586396,0.40939644,0,1,0,0,0,1,0.0,2
0.631072879,0.946943343,0.683766961,0,0,1,0,1,0,0.0,0
0.587459922,0.105688021,0.165602997,0,0,1,0,1,0,1.0,0
0.72896719,0.752913296,0.538554251,0,1,0,0,0,1,1.0,0
0.940819383,0.740178287,0.126616299,1,0,0,0,1,0,0.5,2
0.916641831,0.949754119,0.536167145,1,0,0,1,0,0,0.0,1
0.948771834,0.290268868,0.243593961,0,1,0,0,0,1,0.0,2
0.282479823,0.75507009,0.452466518,1,0,0,0,0,1,1.0,0
0.174987048,0.101894975,0.667969346,1,0,0,0,1,0,1.0,2
0.337162852,0.649683416,0.877074599,1,0,0,0,1,0,0.0,2
0.900330901,0.38330543,0.165289,0,0,1,0,1,0,1.0,1
0.97345078,0.780463994,0.893269122,0,0,1,0,0,1,0.5,1
0.866358697,0.870139062,0.390037656,1,0,0,0,0,1,0.5,2
0.154516831,0.396579981,0.843796551,0,1,0,0,1,0,1.0,2
0.950056612,0.54930681,0.51254791,0,1,0,0,0,1,0.0,0
0.452190131,0.161533862,0.862208545,0,1,0,1,0,0,1.0,1
0.058844775,0.446061611,0.662824094,0,1,0,0,1,0,0.0,2
0.470274061,0.392760366,0.508716166,1,0,0,0,0,1,0.5,2
0.0937657133,0.223967284,0.312538624,1,0,0,1,0,0,0.5,1
0.566684008,0.899754703,0.968909085,0,1,0,0,1,0,0.5,0
0.371626318,0.190683439,0.800897658,1,0,0,0,0,1,0.0,1
0.499763191,0.65395236,0.381187171,0,1,0,0,1,0,1.0,2
0.632511854,0.895635486,0.166723594,0,1,0,0,1,0,0.0,1
0.875361025,0.916370153,0.779535413,0,0,1,0,1,0,0.0,1
0.678806484,0.803577721,0.989944279,0,1,0,0,0,1,0.5,1
0.462346435,0.217334077,0.27897495,0,0,1,1,0,0,1.0,2
0.828456461,0.826559842,0.915863097,0,1,0,1,0,0,0.0,2
0.910303056,0.312736571,0.125370711,1,0,0,0,1,0,1.0,1
0.163771972,0.926278114,0.952206254,0,0,1,0,0,1,0.0,2
0.555336356,0.723632336,0.745338917,1,0,0,0,0,1,0.0,1
0.320286363,0.796004176,0.346596241,0,1,0,0,0,1,0.5,0
0.0947081372,0.130780831,0.304631829,0,0,1,1,0,0,0.5,2
0.685119331,0.603626847,0.643435359,0,1,0,0,0,1,0.5,0
0.869632244,0.830085039,0.593507111,0,1,0,0,1,0,1.0,1
0.204757527,0.868510842,0.918936729,1,0,0,0,0,1,0.0,1
0.82179296,0.0772001222,0.76624316,0,0,1,1,0,0,0.5,2
0.860725939,0.942201257,0.540364861,1,0,0,1,0,0,1.0,1
0.918623447,0.0911717936,0.927565813,1,0,0,1,0,0,1.0,1
0.302020848,0.633792758,0.592730641,0,0,1,1,0,0,0.0,2
0.908755422,0.708718181,0.849684834,1,0,0,0,0,1,0.5,1
0.354629606,0.151978031,0.840942681,0,1,0,0,0,1,0.5,2
0.574721098,0.0956112742,0.919194877,0,0,1,1,0,0,0.5,1
0.0979820937,0.795666575,0.0676020309,0,0,1,0,0,1,0.5,0
0.0916870311,0.415437102,0.583819687,0,0,1,0,1,0,1.0,2
0.734354556,0.151756883,0.468392581,0,0,1,1,0,0,0.5,2
0.472255975,0.774534404,0.490542382,0,0,1,1,0,0,0.5,0
0.293477744,0.856704891,0.459910601,0,0,1,0,0,1,1.0,0
0.230892822,0.608016908,0.837466717,0,1,0,0,1,0,0.0,0
0.686455846,0.203174964,0.318432897,0,0,1,1,0,0,0.0,1
0.0503814667,0.0644613504,0.462751091,1,0,0,0,1,0,1.0,0
0.81559664,0.715762377,0.200682536,1,0,0,1,0,0,1.0,1
0.12528713,0.57263267,0.251716614,1,0,0,0,0,1,0.5,2
0.231915131,0.668257296,0.66042006,0,0,1,1,0,0,0.0,0
0.416924566,0.822525442,0.116935939,1,0,0,0,0,1,0.0,1
0.510615826,0.462516397,0.187821805,0,1,0,0,1,0,0.5,0
0.387245357,0.168289691,0.528034568,1,0,0,0,0,1,0.5,0
0.354676545,0.942984104,0.043773029,0,0,1,0,0,1,0.5,0
0.965720236,0.567999005,0.126927003,0,1,0,1,0,0,0.5,0
0.659500718,0.634529412,0.863352954,0,1,0,1,0,0,1.0,1
0.0722613111,0.936740875,0.846146762,0,1,0,0,1,0,1.0,2
0.458667099,0.935004473,0.347776115,1,0,0,0,1,0,0.5,2
0.881258249,0.593489885,0.347991318,1,0,0,0,1,0,0.0,2
0.336383373,0.33273086,0.93651545,0,0,1,0,0,1,0.0,2
0.139828533,0.997257948,0.0258411393,0,1,0,0,0,1,0.0,0
0.770465553,0.696776211,0.580295503,0,0,1,1,0,0,0.0,2
0.62571317,0.438014835,0.597390592,0,0,1,0,1,0,0.0,1
0.591796875,0.581844985,0.787887096,0,0,1,1,0,0,0.5,1
0.100897729,0.445042342,0.951750517,0,1,0,1,0,0,0.0,2
0.183474064,0.893889904,0.3558276,0,1,0,0,0,1,1.0,2
0.641421914,0.508374393,0.437833488,0,0,1,1,0,0,1.0,2
0.247432649,0.832351983,0.671298504,0,1,0,0,0,1,0.0,2
0.528866589,0.848167479,0.967271626,1,0,0,1,0,0,1.0,0
0.567637622,0.833115697,0.89079237,0,1,0,0,1,0,0.5,2
0.319331825,0.736079156,0.667052984,1,0,0,0,1,0,0.0,0
0.951003909,0.862133861,0.856723547,0,1,0,1,0,0,0.5,1
0.850340903,0.417868108,0.0852044299,0,0,1,1,0,0,1.0,2
0.736254811,0.158930048,0.377126932,0,0,1,0,1,0,0.0,0
0.124094173,0.850331485,0.0130924955,1,0,0,0,1,0,0.5,2
0.150823519,0.523259997,0.177472234,1,0,0,0,0,1,0.5,2
0.518142283,0.171007231,0.630492568,0,1,0,0,1,0,0.5,1
0.202677682,0.159546897,0.885561645,1,0,0,0,0,1,0.5,2
0.979352176,0.201280281,0.632780313,0,0,1,0,1,0,0.5,1
0.200594217,0.763424575,0.664138079,0,1,0,1,0,0,1.0,2
0.513094425,0.725313842,0.103821605,1,0,0,1,0,0,0.0,1
0.395915002,0.243627742,0.664860487,0,0,1,0,1,0,0.5,1
0.657417119,0.854577243,0.454346716,0,0,1,1,0,0,0.5,0
0.172584593,0.317230046,0.651440203,0,1,0,0,0,1,1.0,2
0.458800614,0.803336322,0.326173097,0,1,0,0,0,1,0.0,0
0.31096977,0.514365613,0.581485927,0,1,0,0,0,1,0.0,0
0.893363953,0.744971275,0.424069285,0,1,0,0,1,0,0.0,2
0.0885564238,0.412318289,0.558637083,1,0,0,0,0,1,0.0,2
0.91804111,0.379783571,0.147089511,0,1,0,1,0,0,0.0,0
0.841344416,0.849291623,0.39582485,1,0,0,0,0,1,1.0,0
0.332692176,0.083537139,0.374278665,0,0,1,0,1,0,0.5,1
0.799826145,0.976000071,0.736394525,0,1,0,0,0,1,0.0,1
0.0796528831,0.66577059,0.706409514,0,1,0,1,0,0,0.0,2
0.968522251,0.460859209,0.908858657,0,1,0,1,0,0,0.5,1
0.550265193,0.646651804,0.632055581,0,1,0,0,1,0,0.5,2
0.338116974,0.166603893,0.314547122,0,1,0,0,0,1,0.0,1
0.394454062,0.538349807,0.783224642,0,1,0,1,0,0,1.0,2
0.113085084,0.985840738,0.496997654,0,1,0,0,1,0,0.5,2
0.989882052,0.273505956,0.193493217,1,0,0,0,1,0,0.5,2
0.0873273462,0.736164212,0.747411489,0,1,0,0,1,0,1.0,2
0.672161758,0.463222802,0.13253139,0,1,0,0,1,0,0.5,0
0.470599145,0.669835269,0.178153336,0,1,0,0,1,0,0.5,2
0.951470435,0.244642869,0.758755922,1,0,0,0,1,0,0.0,1
0.283699751,0.496941745,0.770144701,0,1,0,1,0,0,0.5,2
0.555482507,0.981088102,0.79078126,0,1,0,0,0,1,0.5,1
0.508238375,0.235522792,0.293325126,0,0,1,0,1,0,1.0,0
0.717723131,0.654622793,0.86658746,0,1,0,0,0,1,0.5,1
0.114609718,0.596817851,0.722668111,0,0,1,0,1,0,1.0,1
0.234099671,0.586799026,0.833967388,0,0,1,1,0,0,1.0,2
0.253836572,0.634367108,0.708605468,0,1,0,1,0,0,1.0,1
0.751243234,0.527126074,0.57959646,0,1,0,0,0,1,0.5,1
0.22968176,0.0660842136,0.109394774,0,1,0,0,1,0,1.0,2
0.594817162,0.905091941,0.710936189,0,0,1,0,0,1,0.0,1
0.254481643,0.83562988,0.690460801,1,0,0,0,1,0,0.5,2
0.868543684,0.215459302,0.312491119,1,0,0,0,1,0,0.5,1
0.945076168,0.442609519,0.735819757,0,1,0,0,1,0,1.0,1
0.542568326,0.782021523,0.550454557,0,1,0,0,1,0,1.0,1
0.384693444,0.981059194,0.559406221,0,0,1,0,1,0,1.0,0
0.272354901,0.953580201,0.367604673,0,0,1,0,1,0,1.0,1
0.0972919539,0.904391229,0.116785042,1,0,0,1,0,0,0.0,1
0.305075079,0.200455204,0.216928452,0,0,1,1,0,0,0.5,1
0.671523988,0.918751359,0.76883167,1,0,0,0,1,0,1.0,1
0.556936085,0.884522676,0.271441549,0,1,0,0,0,1,0.0,0
0.946839213,0.408102423,0.00225305441,1,0,0,0,0,1,1.0,2
0.426463395,0.424796462,0.997017443,1,0,0,1,0,0,0.0,1
0.709170163,0.486913472,0.210682228,0,1,0,0,0,1,0.5,0
0.514856637,0.673366845,0.65538317,1,0,0,0,1,0,0.0,1
0.536947429,0.297793835,0.926922023,0,0,1,0,1,0,1.0,1
0.304385602,0.0718010068,0.599712729,0,0,1,0,1,0,0.5,2
0.482203245,0.184168056,0.799030602,0,1,0,0,1,0,1.0,2
0.497245759,0.468110114,0.976371706,0,1,0,0,1,0,0.5,1
0.721310377,0.317902446,0.860363424,0,0,1,0,0,1,1.0,1
0.943607986,0.776290715,0.557904065,0,0,1,0,0,1,0.0,0
0.362855226,0.151355565,0.363702923,0,0,1,0,1,0,0.5,0
0.0900904462,0.921591938,0.482464463,0,0,1,0,1,0,0.0,0
0.521480381,0.900560796,0.841826141,1,0,0,0,0,1,0.0,1
0.567238271,0.913318992,0.853354633,0,0,1,0,0,1,1.0,1
0.21001853,0.752629519,0.845854938,0,1,0,0,1,0,0.5,2
0.772441387,0.151649967,0.597224414,0,1,0,0,0,1,0.0,0
0.985682666,0.46623069,0.47695592,0,0,1,0,1,0,1.0,2
0.94848597,0.174835101,0.311338067,1,0,0,1,0,0,1.0,2
0.23725073,0.988314211,0.00336085516,0,0,1,0,1,0,0.0,1
0.881595075,0.366386503,0.7644853,0,0,1,0,0,1,0.0,1
0.719268978,0.606064022,0.276998281,0,1,0,1,0,0,0.0,1
0.481154233,0.790423393,0.32967791,0,1,0,0,0,1,1.0,0
0.563580453,0.924585283,0.843481243,1,0,0,0,0,1,0.5,0
0.857120156,0.76777035,0.0522511564,1,0,0,0,0,1,1.0,2
0.506128192,0.690778613,0.927620351,1,0,0,1,0,0,0.0,1
0.404547006,0.492682695,0.00136192248,0,1,0,0,1,0,1.0,2
0.518585145,0.625130117,0.939169109,1,0,0,1,0,0,0.5,0
0.600173295,0.139455616,0.454758495,0,0,1,1,0,0,1.0,0
0.229623765,0.8897264,0.102122627,0,0,1,1,0,0,1.0,2
0.905862331,0.566588461,0.674161375,0,1,0,1,0,0,1.0,1
0.69047761,0.0881282985,0.89585644,0,0,1,1,0,0,1.0,1
0.651605487,0.923907042,0.43807283,1,0,0,0,1,0,1.0,2
0.144521415,0.514836848,0.691357911,0,0,1,0,1,0,0.0,1
0.623965263,0.875159681,0.979362726,1,0,0,0,0,1,0.5,1
0.164912626,0.864043534,0.240700826,1,0,0,0,0,1,0.0,2
0.124762788,0.824963987,0.820449471,1,0,0,0,0,1,1.0,2
0.550945342,0.108332865,0.295237124,0,0,1,0,0,1,1.0,0
0.432646245,0.284713328,0.4263376,0,1,0,0,1,0,1.0,1
0.609369755,0.881770492,0.281765878,1,0,0,0,0,1,0.5,2
0.134761065,0.904041529,0.446011752,0,0,1,0,1,0,0.0,2
0.459433913,0.485165417,0.00508903246,0,1,0,0,0,1,0.0,1
0.216047376,0.468039393,0.303438842,0,0,1,1,0,0,1.0,2
0.987745106,0.216383606,0.445294052,0,1,0,0,1,0,0.0,1
0.58309269,0.969990253,0.632240176,0,0,1,0,1,0,0.5,1
0.703065038,0.25248155,0.637361407,1,0,0,0,0,1,0.0,0
0.35914737,0.23138994,0.583785594,0,0,1,0,0,1,1.0,2
0.140001968,0.677692533,0.293031842,0,1,0,1,0,0,0.0,2
0.977077305,0.280702084,0.947404325,1,0,0,1,0,0,0.0,1
0.321946084,0.941833019,0.39196983,1,0,0,0,1,0,0.0,1
0.452617764,0.0603616461,0.216893941,0,0,1,0,0,1,0.0,1
0.667370737,0.0554655977,0.554512918,1,0,0,0,1,0,0.5,1
0.0734624341,0.529632986,0.748928666,0,1,0,0,0,1,1.0,2
0.819746196,0.513659358,0.012233573,1,0,0,0,1,0,0.0,2
0.559749305,0.205195814,0.276344001,0,1,0,0,1,0,0.0,0
0.314306319,0.51979357,0.824977875,0,1,0,0,0,1,0.0,1
0.108527586,0.441078037,0.50702107,0,1,0,0,0,1,0.5,2
0.204373494,0.895813048,0.408488303,1,0,0,1,0,0,1.0,2
0.900282145,0.0587912239,0.930901289,1,0,0,0,0,1,0.5,1
0.701723039,0.977456331,0.0895350948,0,0,1,0,1,0,1.0,2
0.287406623,0.643173099,0.615570188,0,1,0,0,0,1,0.0,1
0.112320729,0.194251269,0.342188716,0,1,0,0,0,1,1.0,0
0.706084549,0.0944220126,0.0708234012,0,0,1,1,0,0,1.0,1
0.593787313,0.56120038,0.213744506,0,0,1,0,0,1,1.0,2
0.434293538,0.273145646,0.627933204,0,1,0,1,0,0,0.0,2
0.395430863,0.336107254,0.0282769334,0,1,0,1,0,0,0.5,1
0.255973548,0.282875568,0.592248797,0,0,1,0,1,0,0.0,1
0.686130702,0.667663693,0.95685041,1,0,0,0,1,0,0.5,2
0.97213465,0.575852513,0.79509604,0,0,1,0,1,0,0.5,2
0.21692948,0.124075703,0.345597088,0,1,0,0,0,1,0.5,2
0.617260814,0.550200224,0.138207644,0,1,0,0,0,1,0.5,0
0.45297581,0.801630259,0.465064436,1,0,0,0,1,0,0.5,1
0.474354297,0.12713486,0.392950445,0,1,0,0,0,1,0.0,1
0.291439921,0.895252049,0.971732974,0,1,0,1,0,0,0.0,2
0.83387816,0.599391341,0.989868045,0,0,1,0,1,0,0.5,1
0.510992825,0.953093231,0.410584658,1,0,0,0,0,1,1.0,0
0.566235542,0.190734163,0.148783982,0,0,1,0,0,1,0.0,2
0.339522868,0.993886769,0.910609543,1,0,0,1,0,0,0.5,2
0.222718045,0.662059247,0.793542266,0,1,0,0,1,0,0.5,2
0.131614864,0.589119494,0.511274219,0,0,1,0,1,0,1.0,2
0.728413165,0.539515615,0.365354657,0,0,1,0,0,1,1.0,2
0.236422569,0.0724716559,0.448165834,0,0,1,0,1,0,0.5,0
0.705571592,0.942657232,0.901881158,1,0,0,1,0,0,1.0,1
0.420857638,0.661794722,0.184643447,0,1,0,0,1,0,0.0,2
0.444986075,0.13704516,0.806783497,0,1,0,1,0,0,0.5,1
0.495718628,0.0699045584,0.0181906335,1,0,0,0,0,1,0.0,2
0.399323076,0.0982444584,0.920571983,0,0,1,1,0,0,0.5,1
0.145588979,0.628925979,0.500297308,0,1,0,0,0,1,0.0,2
0.344150215,0.633314669,0.226747826,0,1,0,0,0,1,0.5,0
0.680547655,0.524683952,0.00285650278,0,0,1,1,0,0,0.0,1
0.682495177,0.341427535,0.559546471,1,0,0,1,0,0,1.0,1
0.321913093,0.555155575,0.244487867,0,1,0,1,0,0,0.5,0
0.487097502,0.540486753,0.631264329,0,0,1,0,0,1,0.5,1
0.233774871,0.068444781,0.281169295,0,0,1,0,1,0,0.5,2
0.249853477,0.318345755,0.0880240276,0,0,1,0,0,1,0.5,2
0.0718947351,0.100526072,0.505051613,1,0,0,1,0,0,0.0,2
0.901909232,0.905147016,0.564485729,0,1,0,0,0,1,0.5,0
0.250171334,0.738961995,0.452590019,1,0,0,1,0,0,1.0,1
0.26615718,0.9963094,0.458035558,1,0,0,1,0,0,0.0,1
0.315621346,0.337062687,0.589650154,0,0,1,0,1,0,0.5,2
0.171037674,0.884561539,0.526353538,0,0,1,0,0,1,0.5,2
0.657299757,0.622901559,0.13256754,0,0,1,1,0,0,0.0,2
0.121385805,0.480469137,0.197085649,1,0,0,0,0,1,0.0,2
0.177492306,0.261444449,0.141791046,0,1,0,0,1,0,0.5,2
0.662518919,0.751472533,0.693295598,0,0,1,1,0,0,0.0,1
0.372677594,0.908933699,0.528598428,0,1,0,1,0,0,1.0,2
0.722550452,0.27354297,0.429855138,0,1,0,0,0,1,0.5,1
0.579553485,0.216620818,0.798339009,0,1,0,0,0,1,0.5,1
0.293220103,0.71141082,0.325794667,0,0,1,0,0,1,0.0,1
0.668286562,0.978124499,0.568106651,0,1,0,0,1,0,1.0,0
0.160459995,0.762457371,0.0744075999,1,0,0,0,1,0,1.0,0
0.559589863,0.32035169,0.744404078,1,0,0,1,0,0,0.5,0
0.465290695,0.448957652,0.695192456,1,0,0,0,0,1,1.0,0
0.304479897,0.415101767,0.802379608,0,0,1,0,1,0,1.0,1
0.623804748,0.859490275,0.884475946,1,0,0,0,0,1,1.0,0
0.877766907,0.782802224,0.758028269,0,1,0,0,0,1,0.5,1
0.998959482,0.609526634,0.844489872,0,0,1,0,1,0,0.5,1
0.627374649,0.311211169,0.345654607,0,0,1,0,0,1,1.0,0
0.434470594,0.941089094,0.343337357,0,1,0,1,0,0,1.0,0
0.263946742,0.670649469,0.94430083,1,0,0,1,0,0,0.5,1
0.294241279,0.971952796,0.914574564,0,1,0,0,0,1,0.5,1
0.505482256,0.601111174,0.548497319,0,1,0,0,1,0,0.0,2
0.398913831,0.83013314,0.36655879,0,0,1,0,0,1,0.0,2
0.918123782,0.822450101,0.866001546,1,0,0,1,0,0,1.0,1
0.399880707,0.370462328,0.323411137,1,0,0,0,0,1,0.5,0
0.404772371,0.965819716,0.153635085,1,0,0,0,1,0,0.5,0
0.414357781,0.0708443969,0.639492691,0,1,0,0,1,0,0.5,2
0.844789207,0.780275345,0.04262181,0,0,1,0,1,0,1.0,1
0.668248892,0.967279255,0.379101902,0,0,1,0,1,0,0.0,0
0.633460402,0.371962786,0.807663798,0,0,1,1,0,0,0.5,0
0.367435873,0.665705085,0.295216203,1,0,0,0,0,1,0.5,1
0.827008963,0.584112108,0.931315482,1,0,0,1,0,0,0.0,1
0.0864456668,0.773431957,0.955824673,0,0,1,0,1,0,0.5,2
0.877257288,0.872869015,0.815816283,0,1,0,0,0,1,0.5,0
0.537112415,0.62289232,0.987643301,0,0,1,0,0,1,0.0,1
0.428337723,0.825109363,0.530764103,0,1,0,0,1,0,0.0,0
0.522308946,0.346671283,0.569199562,0,0,1,0,0,1,0.5,0
0.684044778,0.267157704,0.836166799,0,1,0,0,1,0,0.5,1
0.0621271543,0.45913431,0.492805243,0,0,1,0,0,1,0.5,0
0.877974272,0.693849742,0.406720012,1,0,0,0,1,0,0.0,1
0.474402547,0.227884606,0.614753604,1,0,0,1,0,0,0.5,1
0.375818193,0.6963346,0.657659531,1,0,0,0,0,1,0.0,0
0.181333289,0.424388975,0.750895798,1,0,0,1,0,0,0.5,2
0.467492104,0.805796504,0.668200672,0,0,1,1,0,0,1.0,2
0.521506608,0.0849940255,0.745721817,1,0,0,1,0,0,0.5,1
0.433464348,0.684583485,0.674559653,0,1,0,1,0,0,0.5,1
0.694727063,0.667331219,0.480445236,0,1,0,1,0,0,0.5,0
0.449851692,0.943888724,0.134934589,1,0,0,0,0,1,1.0,0
0.96334672,0.727699161,0.785443246,1,0,0,0,0,1,0.0,2
0.619313657,0.806486785,0.0307791512,1,0,0,0,0,1,0.5,0
0.817104042,0.909361482,0.992500067,0,0,1,1,0,0,0.0,1
0.153888106,0.691299319,0.828458488,0,1,0,0,1,0,0.0,2
0.427426726,0.325645953,0.670910597,0,1,0,0,1,0,1.0,0
0.37000531,0.876285136,0.966606796,0,1,0,0,0,1,1.0,1
0.591008246,0.760199189,0.612470269,0,0,1,1,0,0,0.5,0
0.868057847,0.453215718,0.0564328805,0,0,1,0,0,1,0.5,1
0.124421306,0.725002706,0.5593822,0,1,0,1,0,0,1.0,2
0.118946061,0.874304414,0.277204186,0,1,0,0,1,0,1.0,2
0.857801795,0.976869524,0.36947754,0,1,0,0,1,0,0.5,0
0.252207577,0.954733908,0.45958516,1,0,0,1,0,0,0.5,1
0.685315609,0.35906145,0.774600744,0,0,1,0,1,0,0.0,1
0.565734208,0.450609028,0.502929211,0,1,0,1,0,0,0.5,0
0.84124893,0.154059768,0.474680305,1,0,0,0,0,1,1.0,1
0.168834463,0.285167068,0.301972151,0,1,0,1,0,0,0.0,2
0.173293814,0.888300121,0.539872229,0,1,0,1,0,0,0.0,2
0.578977466,0.392807424,0.248390853,0,0,1,0,1,0,0.0,1
0.949059725,0.639524996,0.260993809,0,1,0,1,0,0,0.0,0
0.444247872,0.682667315,0.757258773,0,0,1,0,1,0,0.0,1
0.360594988,0.792737782,0.342547268,0,0,1,1,0,0,0.0,1
0.626354873,0.223660022,0.0513996743,0,1,0,0,1,0,1.0,1
0.933926165,0.339572489,0.343677282,1,0,0,1,0,0,1.0,1
0.845081449,0.475919515,0.638572216,0,1,0,1,0,0,0.5,0
0.995709419,0.396598995,0.813985586,0,1,0,1,0,0,1.0,1
0.0714401528,0.983759999,0.961936653,0,1,0,1,0,0,1.0,2
0.157215238,0.843193769,0.74622041,1,0,0,0,0,1,0.5,2
0.628994346,0.505702436,0.428851604,0,0,1,0,0,1,0.0,1
0.829547644,0.885305166,0.299119294,1,0,0,0,1,0,1.0,0
0.320982128,0.380270302,0.129629984,1,0,0,0,0,1,1.0,2
0.277250528,0.796536922,0.627686441,0,1,0,0,0,1,0.0,2
0.797627032,0.262491822,0.509883285,0,1,0,0,1,0,0.0,2
0.103562765,0.78370595,0.677701533,1,0,0,0,0,1,1.0,2
0.400913507,0.483630747,0.23713316,0,0,1,0,1,0,0.0,1
0.53051877,0.15212436,0.323644161,0,0,1,0,0,1,1.0,2
0.58233124,0.30959934,0.292095363,0,1,0,0,1,0,0.0,1
0.742184401,0.432160884,0.797651827,0,0,1,0,1,0,0.5,1
0.387103438,0.761828244,0.17122981,0,0,1,0,0,1,1.0,2
0.632050157,0.11933358,0.608472109,0,0,1,0,1,0,0.0,2
0.606106639,0.676569641,0.0513550155,1,0,0,1,0,0,0.0,1
0.570235312,0.730212986,0.549527586,1,0,0,0,0,1,0.5,0
0.658459127,0.671225309,0.0639139786,0,1,0,1,0,0,0.0,0
0.296476722,0.772636175,0.175876588,0,0,1,0,0,1,0.0,0
0.130416319,0.219260186,0.1130253,0,1,0,0,0,1,0.0,2
0.163308084,0.60774821,0.346725345,1,0,0,0,1,0,1.0,1
0.263353258,0.944087684,0.343731403,0,1,0,0,1,0,0.5,2
0.525188029,0.63024503,0.826419294,1,0,0,0,1,0,0.5,1
0.84842062,0.630769551,0.225687444,1,0,0,0,0,1,0.5,0
0.716228664,0.749617636,0.0863867402,0,1,0,0,1,0,1.0,0
0.799588561,0.366544008,0.60351181,0,0,1,1,0,0,0.0,2
0.383426845,0.715452135,0.687450707,0,1,0,1,0,0,1.0,0
0.434421062,0.920422137,0.294823617,0,0,1,0,0,1,0.5,1
0.42399779,0.0603507012,0.602814138,0,1,0,0,0,1,0.5,0
0.232279524,0.876607418,0.776056588,0,1,0,0,1,0,0.5,2
0.108155824,0.25768742,0.347552925,0,1,0,1,0,0,1.0,2
0.611370265,0.483127117,0.525353849,1,0,0,0,1,0,1.0,0
0.989755869,0.859730422,0.146633267,0,1,0,0,1,0,0.0,0
0.208488226,0.832716525,0.0236468017,1,0,0,0,1,0,1.0,2
0.0943505764,0.897331119,0.981367946,1,0,0,0,1,0,0.0,2
0.79055512,0.943395972,0.299730837,1,0,0,1,0,0,0.0,1
0.289956719,0.474799097,0.278902054,0,1,0,0,1,0,0.0,2
0.838161588,0.673545599,0.973245144,0,1,0,1,0,0,0.5,1
0.718739808,0.420954525,0.728233516,0,1,0,1,0,0,0.0,1
0.948389888,0.383180887,0.585297883,0,1,0,0,0,1,1.0,2
0.438480884,0.460015655,0.699323416,1,0,0,0,1,0,1.0,0
0.678871334,0.755922318,0.709926546,0,0,1,0,0,1,0.5,1
0.491612047,0.526368737,0.763335884,0,0,1,0,0,1,0.5,1
0.649059236,0.823356688,0.0671892315,1,0,0,0,0,1,0.5,0
0.477118969,0.757957578,0.412831426,1,0,0,1,0,0,1.0,2
0.229200631,0.0694545358,0.295130312,0,0,1,0,1,0,1.0,2
0.532502532,0.648726225,0.0705696419,0,0,1,0,0,1,0.0,0
0.552155018,0.464742571,0.412598997,0,0,1,1,0,0,1.0,1
0.820073664,0.48379755,0.616173506,0,0,1,0,0,1,0.5,0
0.748744667,0.827454388,0.178497687,0,0,1,1,0,0,0.0,0
0.680602014,0.570227563,0.30502674,0,1,0,1,0,0,0.0,2
0.157717735,0.891340733,0.639170825,0,0,1,1,0,0,0.5,0
0.734585464,0.727165341,0.579324663,0,1,0,1,0,0,0.0,0
0.525289893,0.575197995,0.868785441,0,1,0,0,1,0,0.5,1
0.899394572,0.766811073,0.791230977,1,0,0,1,0,0,0.5,1
0.923877358,0.0864316002,0.965611041,1,0,0,0,0,1,0.5,0
0.102398761,0.0757294744,0.597193301,0,0,1,0,1,0,1.0,2
0.829609454,0.129181862,0.698467374,1,0,0,0,0,1,0.5,0
0.085812524,0.465687066,0.860506237,0,0,1,0,1,0,0.5,2
0.398811132,0.273677647,0.839992464,1,0,0,0,0,1,0.0,1
0.565184951,0.985048234,0.718721628,1,0,0,0,0,1,0.0,1
0.190695763,0.565175653,0.500256181,0,0,1,1,0,0,0.5,2
0.758998096,0.679294944,0.27320689,1,0,0,0,0,1,0.0,1
0.0579369701,0.314879119,0.877215743,0,0,1,0,1,0,1.0,2
0.210169092,0.355707049,0.776655436,1,0,0,0,0,1,1.0,2
0.60175699,0.368688822,0.837906957,0,0,1,1,0,0,0.0,1
0.728668213,0.71379894,0.140789315,0,1,0,1,0,0,0.0,0
0.920810938,0.500020921,0.314812869,0,0,1,0,1,0,0.0,0
0.720221817,0.541799486,0.424885035,1,0,0,0,0,1,0.0,1
0.688190281,0.612402856,0.838351965,0,1,0,1,0,0,0.0,0
0.424624085,0.78037107,0.892886698,0,1,0,0,1,0,1.0,1
0.0512202047,0.135851264,0.284892708,0,0,1,0,1,0,0.5,2
0.164151296,0.788030207,0.686429143,0,0,1,1,0,0,0.0,2
0.557826817,0.585073292,0.0778142065,0,1,0,0,1,0,0.5,0
0.691373408,0.685640693,0.409573287,0,0,1,0,0,1,0.0,1
0.44657588,0.361174166,0.486669093,0,0,1,0,0,1,0.5,0
0.744145036,0.438917488,0.765632808,0,0,1,0,0,1,0.0,1
0.545769155,0.269607514,0.891972244,1,0,0,0,1,0,0.0,1
0.120467387,0.980334997,0.337283224,1,0,0,0,1,0,1.0,2
0.232415438,0.522152841,0.527738869,0,1,0,0,0,1,1.0,2
0.847998321,0.996273041,0.647448242,0,1,0,0,0,1,1.0,0
0.73866713,0.515296698,0.328687221,0,1,0,1,0,0,1.0,1
0.900023878,0.258763701,0.985538185,0,0,1,0,0,1,0.0,0
0.161679387,0.532079756,0.875774384,0,0,1,0,1,0,1.0,2
0.990711391,0.0876157954,0.296402842,0,0,1,1,0,0,0.5,2
0.248936385,0.909531295,0.507946253,0,1,0,0,1,0,1.0,2
0.0611908808,0.827622712,0.230840608,0,1,0,0,1,0,0.5,2
0.997551799,0.73952949,0.514503896,1,0,0,0,0,1,0.5,1
0.317020178,0.629335403,0.683332324,0,0,1,1,0,0,0.0,1
0.684618473,0.600842535,0.0855210945,0,0,1,0,1,0,1.0,0
0.217848197,0.996891797,0.870117188,1,0,0,0,1,0,1.0,2
0.601217091,0.314097553,0.593745887,0,1,0,0,0,1,0.5,2
0.908833265,0.790700138,0.989602923,0,1,0,0,1,0,0.5,1
0.354172111,0.602334559,0.0255915076,0,1,0,0,1,0,1.0,1
0.686741292,0.977086544,0.831498325,0,0,1,0,0,1,0.5,1
0.228508413,0.836413026,0.791963041,1,0,0,0,0,1,0.0,2
0.643555641,0.998598874,0.13285251,1,0,0,0,0,1,1.0,2
0.369627833,0.608908772,0.335305631,0,1,0,0,1,0,0.0,2
0.250647843,0.244316757,0.884796202,0,0,1,1,0,0,0.0,0
0.347522944,0.528502703,0.518454313,1,0,0,0,1,0,1.0,0
0.219899014,0.725555599,0.401281476,0,0,1,1,0,0,1.0,2
0.906820297,0.785642385,0.905496418,0,1,0,0,1,0,0.5,1
0.427327543,0.0504844896,0.0933445245,0,1,0,0,1,0,0.0,0
0.283015341,0.529775739,0.473122776,1,0,0,1,0,0,1.0,0
0.475987434,0.273472846,0.652374089,0,1,0,0,1,0,1.0,2
0.354509354,0.88116622,0.608541429,1,0,0,0,1,0,0.0,1
0.757198274,0.195260167,0.264276445,0,1,0,0,1,0,0.5,2
0.972658932,0.683133423,0.563312888,1,0,0,0,1,0,1.0,2
0.466131985,0.302759081,0.708561778,0,1,0,0,1,0,0.0,2
0.867981732,0.388715029,0.584885418,0,1,0,1,0,0,0.0,1
0.587569892,0.943531275,0.684462249,0,0,1,0,1,0,0.5,0
0.199373886,0.278425723,0.25607875,0,0,1,1,0,0,1.0,1
0.706091583,0.14025262,0.832848966,0,1,0,0,1,0,0.0,1
0.537762761,0.115820654,0.449689537,1,0,0,0,0,1,0.5,1
0.668076217,0.529384375,0.987223864,0,1,0,0,1,0,1.0,1
0.895203054,0.659625888,0.02328532,0,0,1,0,0,1,1.0,0
0.468412846,0.360928953,0.380315363,1,0,0,1,0,0,1.0,1
0.906118751,0.70574677,0.180475056,0,1,0,0,1,0,1.0,1
0.763135552,0.107982032,0.555609524,0,1,0,0,0,1,1.0,1
0.5141747,0.864467919,0.2432051,0,0,1,0,0,1,0.5,0
0.623061001,0.825738847,0.737477958,1,0,0,0,0,1,0.0,1
0.359302074,0.986221433,0.881865859,1,0,0,0,1,0,0.5,2
0.984417439,0.939679742,0.210884348,1,0,0,0,1,0,0.0,2
0.683983624,0.388387293,0.160677612,0,1,0,0,0,1,0.5,1
0.0916545093,0.429311603,0.875357211,0,0,1,1,0,0,1.0,0
0.360290796,0.758666635,0.361271918,0,1,0,0,0,1,0.5,2
0.642148733,0.17737864,0.434583634,0,0,1,1,0,0,0.0,1
0.103516616,0.348313987,0.220969498,0,0,1,0,1,0,1.0,2
0.0726899803,0.162613884,0.425314873,1,0,0,0,1,0,0.0,2
0.477523029,0.482142121,0.231300071,0,1,0,0,1,0,1.0,1
0.366055667,0.574404061,0.66592747,1,0,0,1,0,0,1.0,1
0.466383666,0.250602454,0.498876423,0,0,1,0,1,0,1.0,2
0.29955864,0.0753001049,0.788060427,0,0,1,0,0,1,0.0,1
0.206481859,0.733388066,0.312728107,1,0,0,0,0,1,0.0,2
0.704686165,0.0690049082,0.505595028,1,0,0,0,0,1,0.5,1
0.538842559,0.974732459,0.259523332,0,0,1,0,1,0,0.0,1
0.240146503,0.260526896,0.934473932,0,1,0,0,0,1,0.5,1
0.353609949,0.68070507,0.521935642,1,0,0,1,0,0,0.0,1
0.612217486,0.463014126,0.173462495,0,1,0,1,0,0,1.0,0
0.118617877,0.106690168,0.272765666,0,0,1,1,0,0,0.5,2
0.19008036,0.498574436,0.0829019621,1,0,0,1,0,0,0.5,2
0.119583324,0.540922582,0.0278159957,1,0,0,0,0,1,0.5,0
0.821701467,0.861949027,0.525921822,0,0,1,1,0,0,0.5,2
0.764788747,0.745731592,0.337122917,1,0,0,0,0,1,0.0,0
0.765647292,0.125337347,0.963773429,1,0,0,0,1,0,0.5,1
0.730509102,0.248704553,0.171331391,0,1,0,0,0,1,1.0,2
0.685916126,0.3462933,0.793912649,1,0,0,0,0,1,0.0,0
0.503142297,0.160587296,0.315971434,0,1,0,0,0,1,1.0,2
0.660164237,0.484054118,0.223537385,1,0,0,0,0,1,0.0,2
0.0864434764,0.985093713,0.969636798,1,0,0,0,1,0,0.0,2
0.640391231,0.538882136,0.802576602,0,0,1,0,0,1,0.5,1
0.788983822,0.754788041,0.630620897,0,0,1,1,0,0,1.0,2
0.525340438,0.698790908,0.697121024,1,0,0,0,0,1,1.0,2
0.389637649,0.857415855,0.991381466,0,1,0,0,1,0,1.0,1
0.31355539,0.254937321,0.593207419,0,0,1,1,0,0,0.0,0
0.660661936,0.766134977,0.101900451,0,0,1,1,0,0,0.5,2
0.708161116,0.887287498,0.0648661256,0,0,1,0,1,0,0.0,0
0.877419233,0.21293433,0.666606784,1,0,0,0,0,1,0.5,0
0.375217378,0.379462123,0.657601118,0,1,0,0,0,1,1.0,0
0.781283677,0.971596658,0.748173773,0,1,0,0,0,1,1.0,1
0.583288014,0.791748464,0.10877873,1,0,0,0,1,0,1.0,0
0.888694644,0.318461299,0.944902301,0,0,1,0,1,0,1.0,2
0.551421523,0.585744679,0.551158428,0,1,0,1,0,0,0.0,1
0.541748345,0.434109807,0.649555504,0,1,0,0,0,1,0.5,2
0.598983228,0.515466928,0.0348523818,1,0,0,0,0,1,1.0,1
0.761849582,0.387407869,0.960974216,0,1,0,0,1,0,0.5,1
0.966455936,0.31536448,0.562591851,0,1,0,0,1,0,0.5,1
0.119885184,0.691024899,0.563363135,0,0,1,1,0,0,0.0,2
0.100762874,0.789614737,0.943555295,0,0,1,0,0,1,0.0,2
0.940672815,0.880259275,0.929350197,0,0,1,1,0,0,0.0,0
0.55338186,0.197563469,0.220298588,0,1,0,1,0,0,0.0,2
0.634157836,0.831712723,0.931098819,0,0,1,0,1,0,0.5,1
0.50830245,0.292060792,0.736621261,1,0,0,0,0,1,1.0,1
0.138974577,0.455969572,0.0189007279,0,0,1,1,0,0,1.0,2
0.779684901,0.906371474,0.239843145,0,0,1,0,0,1,0.5,1
0.759863436,0.481778413,0.412980139,0,1,0,0,1,0,1.0,2
0.346118152,0.237210363,0.582822442,0,0,1,1,0,0,0.5,0
0.340927273,0.201875225,0.701329708,1,0,0,0,0,1,0.5,1
0.845949292,0.499334574,0.210210398,0,0,1,0,0,1,1.0,2
0.118739396,0.774538815,0.836700499,0,0,1,0,0,1,0.0,1
0.887049913,0.997344911,0.845715344,1,0,0,0,1,0,0.0,1
0.293828607,0.798038185,0.634998798,1,0,0,1,0,0,1.0,1
0.61333549,0.883161366,0.921093881,0,0,1,1,0,0,0.0,1
0.939194441,0.760440767,0.81298244,0,1,0,0,0,1,1.0,1
0.694216371,0.900663316,0.221623659,1,0,0,1,0,0,1.0,1
0.44370833,0.122478865,0.798676848,1,0,0,0,1,0,1.0,0
0.705057502,0.933435023,0.953202069,0,1,0,0,0,1,0.0,2
0.376780659,0.426585853,0.137606442,1,0,0,0,0,1,0.5,1
0.3133955,0.925533533,0.978697896,1,0,0,0,1,0,0.5,1
0.99684912,0.121946193,0.0249927975,0,1,0,0,0,1,0.0,0
0.763250709,0.729480803,0.522167265,0,0,1,1,0,0,0.0,0
0.66248399,0.748904288,0.773893118,0,1,0,1,0,0,0.5,1
0.387525171,0.997065365,0.790438116,0,0,1,0,1,0,0.5,0
0.0967027843,0.780412495,0.734672546,1,0,0,0,1,0,0.5,2
0.0795040354,0.413445026,0.529351354,1,0,0,1,0,0,0.5,1
0.576472163,0.579386115,0.65096432,0,0,1,0,0,1,1.0,0
0.773931086,0.3982234,0.699932158,0,1,0,0,1,0,1.0,2
0.560510218,0.236217707,0.494539231,1,0,0,1,0,0,0.5,1
0.848745823,0.286077201,0.595684946,0,1,0,1,0,0,1.0,0
0.081755206,0.260910004,0.846368074,0,0,1,0,1,0,0.5,2
0.398414463,0.571374536,0.312879026,0,0,1,0,0,1,0.0,1
0.275216877,0.910852611,0.523206353,0,0,1,1,0,0,1.0,0
0.474909306,0.917090297,0.00847972091,0,1,0,0,0,1,1.0,1
0.118757576,0.102025591,0.687436402,0,1,0,1,0,0,0.0,2
0.956425071,0.125904426,0.195385471,0,0,1,0,1,0,0.5,0
0.26209262,0.28286311,0.481001258,1,0,0,1,0,0,1.0,0
0.926192403,0.292306483,0.210205212,0,0,1,0,0,1,1.0,2
0.454598486,0.140144721,0.0235337149,1,0,0,1,0,0,1.0,1
0.986247897,0.419040173,0.483220547,1,0,0,1,0,0,0.5,1
0.576355457,0.608339131,0.424833596,1,0,0,0,1,0,1.0,2
0.934291244,0.599254072,0.4251495,0,1,0,0,0,1,0.0,1
0.0550815389,0.566258192,0.208806157,1,0,0,0,0,1,1.0,0
0.760826886,0.371738315,0.94720459,1,0,0,0,0,1,0.0,1
0.907898128,0.721132874,0.00350715173,0,0,1,0,1,0,0.0,1
0.182734534,0.835159719,0.891545475,1,0,0,0,0,1,0.5,2
0.141319558,0.37896055,0.736901939,1,0,0,1,0,0,0.5,2
0.453343987,0.131258592,0.172072038,0,0,1,0,0,1,1.0,0
0.93699497,0.331513733,0.472191989,0,1,0,1,0,0,0.0,2
0.565267205,0.180500224,0.988850057,1,0,0,1,0,0,0.0,0
0.551083624,0.493990779,0.643698215,0,1,0,1,0,0,0.5,0
0.184069812,0.198138401,0.12737672,0,0,1,0,1,0,1.0,2
0.0507500358,0.489702523,0.457642227,0,1,0,0,1,0,1.0,2
0.819633067,0.259952754,0.468203098,1,0,0,0,1,0,0.0,1
0.133195832,0.751794577,0.802263319,0,1,0,0,1,0,1.0,2
0.652157307,0.0761898309,0.916162908,0,1,0,1,0,0,1.0,1
0.918885648,0.577008963,0.0822415426,0,0,1,1,0,0,0.0,0
0.248219311,0.211013868,0.314037293,0,0,1,0,0,1,0.5,2
0.68200922,0.0509422719,0.298438132,0,0,1,0,1,0,1.0,2
0.124763645,0.875740111,0.996048152,0,0,1,0,0,1,0.5,1
0.623567402,0.687951386,0.559227109,0,0,1,0,1,0,1.0,2
0.205735132,0.143995687,0.879831493,0,0,1,0,1,0,0.5,2
0.749155879,0.680868745,0.426032841,0,0,1,0,0,1,1.0,2
0.33616972,0.631064951,0.722723126,0,0,1,0,1,0,1.0,1
0.490221471,0.499688864,0.286585629,0,1,0,0,0,1,1.0,1
0.619459033,0.448295206,0.91178602,0,0,1,1,0,0,1.0,1
0.21270974,0.892716289,0.455146253,0,1,0,1,0,0,1.0,2
0.754555941,0.282890618,0.803725481,1,0,0,0,0,1,0.0,1
0.337508321,0.428394556,0.255816877,0,0,1,0,0,1,1.0,2
0.67925328,0.362659633,0.69360435,1,0,0,1,0,0,0.0,1
0.200368896,0.782640994,0.405158401,0,0,1,1,0,0,1.0,2
0.703711748,0.920642018,0.0314394236,1,0,0,0,1,0,0.5,0
0.171778664,0.857292593,0.413008243,0,1,0,0,1,0,0.5,2
0.454088658,0.807818711,0.550021648,0,0,1,1,0,0,0.5,0
0.284845769,0.987450421,0.151761621,0,1,0,0,1,0,0.0,2
0.760956466,0.712287307,0.183913112,1,0,0,0,0,1,0.0,1
0.298933268,0.763501108,0.464862794,0,1,0,0,0,1,0.5,1
0.887631416,0.983662426,0.342729717,0,0,1,1,0,0,0.0,1
0.897229195,0.0566412471,0.440740526,0,1,0,0,0,1,0.5,2
0.236619249,0.652345955,0.460826993,0,1,0,0,1,0,1.0,2
0.633153677,0.752022982,0.140076041,1,0,0,0,1,0,1.0,0
0.133331761,0.921935678,0.181194574,1,0,0,1,0,0,1.0,2
0.421960235,0.889652073,0.848165393,0,0,1,0,1,0,1.0,1
0.727655649,0.849862635,0.162718683,1,0,0,1,0,0,0.0,2
0.6764521,0.948501706,0.665914357,0,1,0,0,1,0,0.5,1
0.643465638,0.560510218,0.41852805,1,0,0,0,1,0,0.0,1
0.318413824,0.0565740913,0.968236685,0,0,1,0,1,0,0.5,1
0.409123689,0.0605016798,0.0661043599,1,0,0,1,0,0,1.0,0
0.147798836,0.567407131,0.830388844,0,0,1,1,0,0,0.5,1
0.733071685,0.463508636,0.491449237,0,0,1,0,1,0,0.0,0
0.528694332,0.478682786,0.00535237091,0,1,0,0,1,0,0.5,0
0.723327339,0.430384487,0.263660222,0,1,0,0,1,0,1.0,2
0.286496341,0.921839535,0.407696843,0,1,0,0,0,1,0.0,1
0.358216316,0.391211838,0.314194739,0,0,1,0,0,1,0.0,2
0.367504567,0.863415599,0.362449467,1,0,0,0,1,0,0.5,2
0.074455291,0.907721579,0.916671932,1,0,0,0,0,1,1.0,2
0.373995483,0.524526656,0.360934019,0,0,1,0,1,0,0.5,0
0.813139319,0.474591136,0.418829381,0,0,1,0,0,1,0.0,1
0.902433574,0.772969604,0.761131525,1,0,0,0,0,1,0.5,1
0.542307377,0.722572923,0.793833554,1,0,0,0,1,0,0.5,2
0.482726604,0.36210835,0.0840896517,0,0,1,1,0,0,1.0,2
0.0792833865,0.147420719,0.704070032,1,0,0,0,0,1,0.5,2
0.885244131,0.301609784,0.482571959,1,0,0,1,0,0,1.0,2
0.0623597018,0.174477085,0.133853897,0,0,1,0,0,1,0.5,0
0.947512567,0.329995662,0.264710575,0,0,1,1,0,0,1.0,2
0.514755428,0.298730493,0.0450354964,0,1,0,1,0,0,0.0,2
0.374837756,0.655825853,0.360237181,0,1,0,0,1,0,1.0,1
0.928007483,0.956771255,0.255406439,1,0,0,1,0,0,1.0,1
0.0731714442,0.701456547,0.382103384,0,0,1,0,0,1,0.5,1
0.602353632,0.930316925,0.580340564,1,0,0,0,1,0,0.5,2
0.571485877,0.79492563,0.732339561,0,0,1,0,1,0,0.0,0
0.258354396,0.741483748,0.605351985,1,0,0,0,1,0,1.0,0
0.457443058,0.443358839,0.67837733,1,0,0,1,0,0,0.0,1
0.669650793,0.35855478,0.86563915,0,0,1,1,0,0,0.5,2
0.740774632,0.853963494,0.873824418,0,1,0,0,0,1,1.0,2
0.0506810173,0.910123587,0.860719323,0,1,0,0,0,1,0.0,1
0.940010786,0.479288369,0.153168917,0,0,1,0,0,1,0.5,0
0.206299096,0.0586099438,0.251069129,1,0,0,0,0,1,0.5,2
0.271901399,0.802904487,0.502325296,1,0,0,0,0,1,0.0,0
0.300299764,0.320815384,0.358739287,1,0,0,0,1,0,1.0,2
0.085929133,0.059393473,0.13166897,0,0,1,1,0,0,0.0,2
0.166899517,0.814739108,0.287750244,0,1,0,0,1,0,0.5,2
0.987032413,0.541543484,0.97542876,0,0,1,1,0,0,1.0,1
0.349455893,0.700950205,0.346926749,0,1,0,0,1,0,1.0,0
0.159536034,0.918955326,0.41891408,0,1,0,1,0,0,0.0,1
0.151641697,0.564115167,0.00640142197,0,0,1,0,0,1,0.5,2
0.73348695,0.528034389,0.71941489,0,1,0,0,1,0,0.0,1
0.861840248,0.326129019,0.413550079,0,1,0,0,0,1,0.0,1
0.294104695,0.33993414,0.103140064,0,1,0,0,1,0,0.5,2
0.0698640347,0.806714952,0.968556762,1,0,0,0,1,0,1.0,2
0.261935532,0.476577789,0.777433217,0,0,1,0,1,0,1.0,2
0.103689909,0.205349892,0.726150095,1,0,0,0,0,1,0.0,2
0.148225188,0.139802322,0.957872331,0,0,1,0,0,1,1.0,2
0.459932715,0.499274105,0.407480091,1,0,0,0,1,0,0.5,2
0.268422455,0.491707265,0.718533516,0,1,0,0,1,0,1.0,1
0.540148556,0.670785367,0.206207901,1,0,0,0,1,0,0.5,2
0.290819079,0.497514099,0.697120547,1,0,0,0,1,0,1.0,1
0.943510413,0.186301917,0.0140790921,0,0,1,0,0,1,0.0,2
0.910646796,0.532412767,0.126305386,0,0,1,1,0,0,0.5,0
0.58846581,0.911449909,0.425258905,1,0,0,1,0,0,0.5,1
0.386702806,0.201469347,0.0120926946,0,0,1,0,1,0,0.5,2
0.412089527,0.705266893,0.461965859,0,1,0,0,1,0,1.0,1
0.441259682,0.614166319,0.522791743,0,1,0,1,0,0,0.0,0
0.741200328,0.76115644,0.621606588,0,1,0,1,0,0,1.0,0
0.479057044,0.193070263,0.100386679,0,0,1,0,1,0,0.0,1
0.863893449,0.944525063,0.181011915,0,0,1,0,1,0,0.5,0
0.946890056,0.639918089,0.613283396,1,0,0,1,0,0,1.0,0
0.36914885,0.854717553,0.658187687,0,0,1,0,0,1,0.5,2
0.582659781,0.284276426,0.0259002279,1,0,0,0,1,0,1.0,1
0.140303716,0.752442241,0.540367365,0,0,1,1,0,0,0.0,2
0.240445599,0.791979194,0.784981728,0,0,1,0,0,1,0.0,2
0.442792475,0.427563518,0.0691008791,1,0,0,1,0,0,0.5,1
0.245892584,0.414755791,0.413172871,0,1,0,0,1,0,0.0,2
0.882732451,0.674906433,0.326511264,0,0,1,1,0,0,1.0,2
0.200371936,0.138737291,0.913665652,1,0,0,0,1,0,1.0,0
0.482877791,0.748842955,0.1858024,0,0,1,0,0,1,0.5,0
0.625414252,0.0907424241,0.318360418,0,0,1,0,0,1,0.5,1
0.707270741,0.231060788,0.898444772,0,0,1,0,1,0,0.5,1
0.413915902,0.680936575,0.33065331,0,0,1,0,1,0,0.5,0
0.875644088,0.143407479,0.531347454,0,0,1,0,1,0,1.0,2
0.589903176,0.973249972,0.0330353379,1,0,0,0,0,1,0.5,0
0.467532396,0.874976397,0.984902442,0,0,1,1,0,0,0.0,1
0.1138786,0.644987226,0.824946702,1,0,0,0,1,0,0.0,0
0.491454989,0.828104556,0.634400964,1,0,0,0,0,1,0.0,2
0.829699039,0.893201053,0.0607552715,0,1,0,0,0,1,0.0,0
0.633813977,0.296501875,0.0748699605,1,0,0,1,0,0,0.5,1
0.840554357,0.856940985,0.544973612,1,0,0,0,1,0,1.0,2
0.51931107,0.235054091,0.285064429,0,1,0,1,0,0,0.0,2
0.162538618,0.442675143,0.622789443,0,0,1,0,1,0,0.0,1
0.0629578531,0.580346644,0.598192453,0,1,0,0,1,0,0.0,1
0.338058561,0.728196442,0.838651419,0,0,1,0,1,0,0.0,2
0.713090956,0.0786342546,0.281377047,0,0,1,1,0,0,0.5,1
0.800746918,0.325983942,0.577863514,1,0,0,0,0,1,0.0,2
0.330965191,0.628093123,0.7773633,0,0,1,0,0,1,0.0,1
0.520871222,0.389500231,0.490772992,0,1,0,0,0,1,0.0,2
0.45006296,0.786273777,0.830643654,0,1,0,0,0,1,1.0,1
0.43999666,0.669069529,0.131276205,0,0,1,0,1,0,1.0,2
0.269781291,0.272681385,0.733897746,0,1,0,1,0,0,0.0,2
0.179552555,0.188632533,0.942982078,0,1,0,0,1,0,1.0,2
0.236854136,0.647594631,0.331883311,1,0,0,0,1,0,0.0,2
0.102565765,0.477943957,0.366336435,1,0,0,1,0,0,0.0,2
0.238224208,0.210509196,0.0835496783,1,0,0,0,1,0,0.0,2
0.0587408543,0.360055506,0.641492784,0,0,1,1,0,0,0.0,2
0.645895481,0.33789441,0.552450716,1,0,0,0,1,0,0.5,2
0.350556642,0.152725369,0.0403457582,0,1,0,0,0,1,0.0,1
0.974487484,0.569563568,0.752212048,1,0,0,0,1,0,1.0,1
0.2340312,0.775466204,0.829284489,0,1,0,0,1,0,0.5,0
0.378537148,0.596693516,0.907119632,1,0,0,0,1,0,1.0,0
0.389949113,0.834976792,0.545734107,0,1,0,0,1,0,0.5,2
0.0580289215,0.171190113,0.452580035,1,0,0,0,1,0,0.0,2
0.847247541,0.463831276,0.876137137,1,0,0,1,0,0,0.0,2
0.0803947374,0.628944337,0.39869681,1,0,0,0,0,1,0.0,2
0.943170846,0.692201495,0.655443132,1,0,0,0,0,1,0.0,0
0.897470653,0.710996985,0.615362227,0,1,0,1,0,0,0.5,0
0.558745801,0.742517173,0.37216109,1,0,0,1,0,0,1.0,1
0.566415787,0.668858349,0.0868899375,0,0,1,0,1,0,0.0,0
0.671089053,0.139516681,0.0214155391,1,0,0,0,1,0,0.0,2
0.417697519,0.710540414,0.428237736,1,0,0,0,1,0,0.0,0
0.664861143,0.73854351,0.481201589,0,0,1,1,0,0,0.0,0
0.0925299674,0.993805945,0.822678268,0,1,0,0,1,0,1.0,2
0.101345249,0.708694339,0.414411664,0,0,1,1,0,0,0.5,2
0.484368891,0.702488899,0.281159878,0,1,0,0,1,0,0.0,1
0.572141171,0.539072633,0.462096483,0,0,1,1,0,0,0.0,2
0.893426776,0.874526739,0.237990484,0,0,1,0,0,1,1.0,0
0.149427608,0.996993005,0.0913606137,0,0,1,1,0,0,1.0,2
0.831515551,0.790092647,0.113043033,0,1,0,0,1,0,1.0,1
0.249544963,0.631875336,0.319154471,1,0,0,1,0,0,0.5,2
0.424379468,0.125007093,0.0126764178,1,0,0,0,1,0,0.0,2
0.350772321,0.740402162,0.22020328,0,0,1,0,1,0,1.0,0
0.430147499,0.723133504,0.78752315,0,1,0,0,1,0,0.5,2
0.192970723,0.786789715,0.234617189,0,1,0,0,1,0,0.5,2
0.5283916,0.168327615,0.110729508,1,0,0,0,1,0,1.0,2
0.811560452,0.671045899,0.949080586,0,1,0,0,0,1,0.0,2
0.469457299,0.330937713,0.62247014,0,1,0,0,0,1,1.0,0
0.516082883,0.772257686,0.060025949,0,0,1,0,1,0,1.0,2
0.856329203,0.278355271,0.0622439682,0,1,0,1,0,0,1.0,0
0.720755219,0.699779749,0.612122118,0,1,0,1,0,0,0.5,2
0.515931666,0.330243289,0.540128827,0,0,1,0,0,1,0.5,0
0.294810861,0.0585445799,0.0683747754,1,0,0,0,0,1,0.5,0
0.890680432,0.651690006,0.224315479,1,0,0,0,1,0,0.5,0
0.598169386,0.157605633,0.929042935,0,1,0,1,0,0,1.0,2
0.260090232,0.676326871,0.572010815,0,0,1,1,0,0,0.0,2
0.305663764,0.929328978,0.440325409,1,0,0,0,1,0,0.5,1
0.81297642,0.970783651,0.250155419,0,1,0,1,0,0,1.0,1
0.091938287,0.274126947,0.133698046,1,0,0,0,0,1,0.5,2
0.99248755,0.818790555,0.40263167,0,1,0,0,1,0,0.0,1
0.1738341,0.385875612,0.92236656,1,0,0,1,0,0,1.0,0
0.806265116,0.905434191,0.0487113968,0,0,1,1,0,0,0.0,1
0.42503655,0.798115075,0.990978837,0,0,1,0,0,1,1.0,2
0.517605364,0.120225631,0.207812726,1,0,0,0,1,0,0.5,2
0.886618078,0.436780155,0.408767372,0,0,1,0,0,1,0.5,0
0.44226563,0.370451927,0.0450513065,1,0,0,1,0,0,0.5,0
0.560619056,0.795921981,0.584782183,1,0,0,0,1,0,0.5,0
0.0968346819,0.439771414,0.483555257,0,0,1,0,0,1,0.0,2
0.0522301011,0.700358987,0.666707039,0,1,0,0,0,1,1.0,2
0.282559872,0.622313499,0.542678118,0,0,1,0,1,0,0.5,0
0.696553946,0.976856768,0.398177773,0,1,0,1,0,0,0.5,2
0.165201649,0.940895736,0.73775667,0,1,0,0,1,0,0.0,2
0.158073857,0.456314534,0.0250211284,0,1,0,0,0,1,0.0,2
0.440412581,0.73739928,0.541029036,1,0,0,0,0,1,0.5,2
0.665445209,0.837987065,0.113876201,0,1,0,0,1,0,0.0,2
0.726468384,0.903941453,0.436008334,0,1,0,0,1,0,0.0,2
0.219528139,0.114727549,0.791125298,0,0,1,0,1,0,0.5,2
0.125608742,0.336974859,0.142460749,1,0,0,0,1,0,0.5,2
0.943377197,0.354218543,0.935810328,1,0,0,0,0,1,0.5,0
0.297633052,0.462723643,0.888504684,0,1,0,0,1,0,0.5,1
0.86067915,0.210801512,0.414905071,0,0,1,0,1,0,1.0,2
0.870316863,0.521395564,0.00597484084,0,1,0,0,0,1,1.0,1
0.783896446,0.680053592,0.789744854,1,0,0,0,0,1,1.0,1
0.210391924,0.522495747,0.880895793,0,0,1,0,0,1,0.0,2
0.830711365,0.682503462,0.174738094,1,0,0,0,1,0,0.0,0
0.780788004,0.11311955,0.916192234,1,0,0,0,1,0,0.0,2
0.616886854,0.882187963,0.91409725,1,0,0,1,0,0,1.0,1
0.370341927,0.942115724,0.471290857,1,0,0,0,1,0,0.0,1
0.299383163,0.637012064,0.798034787,1,0,0,1,0,0,1.0,1
0.165794745,0.887321472,0.444947988,0,0,1,0,1,0,1.0,0
0.534269214,0.17487371,0.564046264,0,0,1,0,0,1,1.0,1
0.60599786,0.807576478,0.319839001,1,0,0,1,0,0,1.0,1
0.391372055,0.163190782,0.159469351,0,1,0,1,0,0,0.0,0
0.501591086,0.437609732,0.746536613,0,1,0,0,0,1,0.5,1
0.395338744,0.3576276,0.00139284448,1,0,0,1,0,0,0.0,1
0.658955753,0.606312215,0.57955271,0,0,1,0,1,0,0.0,1
0.906196237,0.336438805,0.864686012,0,1,0,1,0,0,0.5,1
0.205724254,0.65544796,0.221277282,0,0,1,0,0,1,1.0,2
0.412338376,0.39901793,0.332899451,0,0,1,0,1,0,0.0,0
0.18382518,0.867750883,0.58748585,0,1,0,1,0,0,1.0,2
0.643696606,0.652189672,0.24687025,0,1,0,0,1,0,1.0,1
0.742426991,0.25453338,0.847486854,0,0,1,1,0,0,1.0,1
0.935317099,0.369322956,0.366603166,0,1,0,0,0,1,0.0,1
0.314928323,0.855049849,0.581613719,1,0,0,1,0,0,0.5,1
0.952700675,0.417155772,0.226121143,0,1,0,0,0,1,0.0,1
0.110099539,0.559009135,0.0413863361,0,0,1,0,1,0,0.5,0
0.622863173,0.666494846,0.173700273,0,0,1,0,1,0,0.5,2
0.104276083,0.380419165,0.046198938,0,0,1,0,1,0,0.5,2
0.899085462,0.329279691,0.468603909,0,0,1,1,0,0,0.0,2
0.55331862,0.501492143,0.586637378,0,0,1,0,0,1,1.0,0
0.685880959,0.25413692,0.0446752086,0,0,1,1,0,0,0.5,0
0.839995205,0.320000052,0.0904822201,1,0,0,0,0,1,1.0,1
0.192795098,0.108974561,0.485525012,0,0,1,0,0,1,0.5,2
0.086661987,0.33877176,0.799179912,0,0,1,0,1,0,0.0,1
0.884937108,0.354668885,0.6280092,1,0,0,0,0,1,0.0,1
0.349186569,0.963741481,0.104710221,0,0,1,1,0,0,0.0,0
0.172529966,0.610242367,0.887542248,0,0,1,0,1,0,1.0,2
0.495038182,0.79801333,0.917450249,1,0,0,0,0,1,0.0,1
0.618390799,0.0931083933,0.324956834,0,1,0,1,0,0,0.0,0
0.0794220716,0.151209861,0.616017818,0,1,0,1,0,0,1.0,1
0.311150879,0.823810101,0.492327154,0,0,1,0,1,0,0.5,2
0.0811598822,0.642372072,0.942023754,0,1,0,0,0,1,1.0,2
0.449318618,0.23143293,0.508748531,0,1,0,0,0,1,0.5,0
0.900345027,0.43455565,0.959965825,1,0,0,0,1,0,0.0,1
0.983519793,0.561738849,0.199342549,0,1,0,0,1,0,0.5,0
0.655195177,0.851429343,0.345536768,0,0,1,0,1,0,0.0,1
0.203555807,0.107391395,0.781345248,1,0,0,0,1,0,0.0,1
0.910556912,0.616886199,0.783610761,0,1,0,1,0,0,0.0,1
0.540435433,0.731184125,0.732183278,0,0,1,0,1,0,1.0,1
0.19606185,0.97899729,0.859611452,1,0,0,0,0,1,1.0,2
0.925640345,0.816802084,0.702546179,0,0,1,0,0,1,1.0,1
0.769595623,0.312415957,0.636085153,0,1,0,0,0,1,1.0,1
0.745119989,0.724100232,0.458925009,0,0,1,1,0,0,1.0,2
0.723721683,0.775114,0.467087746,0,1,0,0,0,1,0.0,0
0.240322828,0.743248701,0.406161487,0,1,0,1,0,0,0.0,2
0.250456363,0.829136848,0.62021178,0,1,0,0,0,1,0.0,1
0.703878343,0.908543468,0.406663924,0,1,0,0,1,0,0.0,0
0.25873661,0.143508375,0.147494316,0,1,0,1,0,0,0.5,0
0.466738105,0.149525672,0.106529616,1,0,0,1,0,0,1.0,1
0.792901754,0.806580007,0.924472272,0,1,0,1,0,0,0.5,1
0.794754863,0.289753854,0.0247389078,1,0,0,0,0,1,0.5,0
0.480598688,0.105614349,0.10546726,0,0,1,0,1,0,0.5,1
0.802580416,0.431167722,0.445304871,0,0,1,0,0,1,1.0,2
0.846690714,0.828883052,0.26292628,1,0,0,1,0,0,0.0,1
0.672036946,0.170236766,0.405848891,1,0,0,0,1,0,0.0,2
0.26700455,0.688249886,0.117447384,0,0,1,1,0,0,0.5,0
0.310311198,0.0534350686,0.13090694,1,0,0,1,0,0,0.0,2
0.3490991,0.154250577,0.800657928,1,0,0,0,0,1,1.0,1
0.160963908,0.383307815,0.759108722,0,1,0,0,0,1,0.0,2
0.309501648,0.129422173,0.104252867,0,0,1,0,1,0,0.0,1
0.249043256,0.853606582,0.667790413,1,0,0,0,0,1,1.0,2
0.482562304,0.870866954,0.609311342,1,0,0,0,0,1,0.5,1
0.913015664,0.767792165,0.713362694,1,0,0,0,0,1,0.5,1
0.149256304,0.280355662,0.474448919,0,1,0,1,0,0,1.0,1
0.734254539,0.547084749,0.269986838,0,0,1,1,0,0,0.5,1
0.702918828,0.224979103,0.663679183,0,0,1,0,0,1,0.5,2
0.14096649,0.317214519,0.371357441,1,0,0,1,0,0,0.5,2
0.926443756,0.540205002,0.218952894,1,0,0,0,0,1,0.5,2
0.590048611,0.748263121,0.408629,0,1,0,0,1,0,1.0,1
0.395539254,0.139921665,0.763269842,1,0,0,0,0,1,0.5,1
0.768711627,0.331861854,0.475793183,1,0,0,0,1,0,0.5,2
0.294497192,0.930290282,0.299864262,0,1,0,0,0,1,1.0,1
0.70883435,0.457667142,0.831868589,1,0,0,0,1,0,0.0,1
0.0877256468,0.941926181,0.881643772,0,0,1,1,0,0,1.0,2
0.84743762,0.991830528,0.433250427,0,0,1,0,0,1,0.5,2
0.475762308,0.550326824,0.374688029,0,0,1,0,1,0,1.0,1
0.654858291,0.323641807,0.612698972,0,1,0,0,1,0,1.0,1
0.260175943,0.801237941,0.0579744466,0,1,0,1,0,0,1.0,1
0.693220019,0.201345205,0.691323161,0,0,1,0,1,0,1.0,2
0.783628285,0.289444506,0.782287598,0,0,1,0,0,1,0.0,2
0.499552518,0.795635939,0.397441924,0,1,0,0,1,0,1.0,2
0.636840582,0.461963624,0.174615845,1,0,0,0,1,0,0.5,0
0.48350963,0.241461039,0.0288183745,1,0,0,0,1,0,0.0,0
0.899386823,0.668569446,0.637245595,0,1,0,1,0,0,1.0,2
0.522975743,0.746123791,0.268993407,0,0,1,1,0,0,0.5,0
0.849718273,0.168817684,0.463889599,0,1,0,1,0,0,0.5,2
0.811284482,0.313131243,0.386355519,0,0,1,0,1,0,0.5,0
0.439979583,0.260212928,0.174884796,0,1,0,1,0,0,0.5,1
0.268580258,0.410861909,0.508368671,0,1,0,1,0,0,0.0,2
0.435778022,0.775272667,0.459593534,0,1,0,0,0,1,0.5,0
0.834906518,0.728022695,0.624147594,0,1,0,0,1,0,0.5,2
0.266250908,0.679397702,0.251884997,0,1,0,1,0,0,0.5,0
0.548214555,0.0559712686,0.214639083,0,1,0,0,0,1,0.5,0
0.815791905,0.185036153,0.814345062,0,0,1,0,0,1,0.0,2
0.38580361,0.262132674,0.702192247,0,0,1,0,1,0,1.0,1
0.660099149,0.308358043,0.772206426,1,0,0,0,1,0,1.0,2
0.283349991,0.189105213,0.123289809,0,1,0,0,0,1,1.0,0
0.153815478,0.439799786,0.224039644,1,0,0,0,1,0,0.0,2
0.804665029,0.121421553,0.575531542,1,0,0,0,0,1,1.0,2
0.144020185,0.762521088,0.857201338,0,1,0,1,0,0,0.5,0
0.307812333,0.798334777,0.892114639,0,1,0,0,1,0,0.0,2
0.862353981,0.595553339,0.831909955,1,0,0,1,0,0,1.0,1
0.379145831,0.135219634,0.0433979444,1,0,0,0,1,0,1.0,2
0.97439307,0.89557904,0.820879161,0,1,0,0,0,1,1.0,0
0.98074764,0.967354059,0.899091184,0,1,0,1,0,0,0.0,1
0.304862231,0.242245376,0.0567490906,0,1,0,0,0,1,0.0,1
0.0889293104,0.719407856,0.416280895,0,0,1,0,0,1,0.5,2
0.719810128,0.849841714,0.536610305,1,0,0,0,0,1,0.0,1
0.478437185,0.562851369,0.232750371,1,0,0,0,1,0,0.0,2
0.145715207,0.357156932,0.516685665,1,0,0,0,1,0,0.5,2
0.72214669,0.504630804,0.885955811,0,0,1,0,0,1,1.0,1
0.0796161667,0.536655307,0.866942525,1,0,0,0,0,1,1.0,2
0.876686871,0.430605203,0.939837277,0,1,0,0,1,0,0.0,1
0.181719899,0.933350384,0.484109789,0,0,1,1,0,0,0.5,1
0.170946285,0.756688952,0.410566956,1,0,0,0,1,0,1.0,2
0.216888681,0.279236555,0.665787816,0,0,1,0,1,0,0.5,0
0.962253034,0.606279314,0.416760564,0,0,1,0,1,0,0.5,2
0.708510876,0.704254687,0.0419445969,0,1,0,1,0,0,0.0,0
0.81130296,0.183148608,0.71992147,0,0,1,0,1,0,1.0,1
0.42775324,0.39050445,0.280983955,0,1,0,0,1,0,0.5,1
0.369497091,0.91027087,0.0490853116,0,1,0,1,0,0,1.0,1
0.272759795,0.588814437,0.0206210762,1,0,0,0,1,0,1.0,0
0.506615639,0.256147861,0.931361258,0,1,0,0,0,1,1.0,1
0.574237287,0.166645557,0.252076,1,0,0,1,0,0,1.0,1
0.650186121,0.542315543,0.447899193,1,0,0,0,1,0,0.5,0
0.294262588,0.570301414,0.950576425,1,0,0,0,0,1,1.0,1
0.951221406,0.367693722,0.467516989,0,1,0,0,0,1,0.5,2
0.211270571,0.648895204,0.078609325,1,0,0,1,0,0,0.0,0
0.96737051,0.115250453,0.55193603,0,1,0,1,0,0,0.0,2
0.0641133189,0.187882707,0.0881986544,0,1,0,0,1,0,0.5,2
0.507069409,0.56896013,0.0950878784,1,0,0,1,0,0,0.0,1
0.366699457,0.108724907,0.851477087,0,1,0,0,1,0,0.0,0
0.476667255,0.886863351,0.289421529,1,0,0,0,0,1,1.0,2
0.592131376,0.185039058,0.678670228,1,0,0,0,0,1,0.5,1
0.463809699,0.690223873,0.508924365,1,0,0,0,1,0,0.5,1
0.444104522,0.421643257,0.222326696,0,0,1,1,0,0,1.0,1
0.746087253,0.429798365,0.517820299,0,1,0,0,1,0,0.0,2
0.701582432,0.776645064,0.0689935386,0,0,1,0,1,0,1.0,2
0.84160769,0.524489045,0.347212344,0,0,1,1,0,0,0.5,1
0.287461042,0.739372671,0.522836208,0,1,0,0,1,0,1.0,0
0.629052103,0.529931664,0.228394344,0,1,0,1,0,0,0.5,0
0.605935037,0.61326009,0.660188138,1,0,0,1,0,0,0.5,1
0.401250929,0.772678912,0.0518119223,0,0,1,0,0,1,0.0,0
0.511754692,0.62694329,0.484809905,0,1,0,0,0,1,0.5,2
0.348093033,0.634834349,0.714995801,1,0,0,1,0,0,0.0,1
0.184752181,0.799758613,0.429946065,0,1,0,1,0,0,1.0,0
0.253111154,0.9516325,0.874586403,0,1,0,1,0,0,0.0,0
0.150237963,0.407880336,0.632192791,1,0,0,1,0,0,1.0,2
0.698916078,0.598261297,0.958492935,0,1,0,0,1,0,1.0,0
0.677691042,0.131959498,0.284121811,1,0,0,1,0,0,1.0,1
0.953076065,0.390863687,0.938789308,0,0,1,0,0,1,0.5,1
0.74319452,0.441446751,0.60682261,1,0,0,1,0,0,0.0,2
0.0994435474,0.843475461,0.745178878,0,1,0,0,0,1,1.0,2
0.890032887,0.537722766,0.902161121,0,0,1,1,0,0,1.0,2
0.869541407,0.744513035,0.551197171,0,0,1,0,1,0,0.0,1
0.471154302,0.0680570304,0.862180769,1,0,0,0,1,0,1.0,1
0.606569886,0.491268039,0.541696966,1,0,0,1,0,0,0.5,2
0.977274418,0.906251788,0.599198937,1,0,0,0,0,1,0.0,0
0.555689156,0.26309821,0.445098579,0,0,1,0,1,0,1.0,0
0.910055757,0.0799460784,0.145638555,1,0,0,0,0,1,0.0,1
0.128886819,0.461738288,0.553503215,0,1,0,0,0,1,0.5,2
0.23149927,0.719210207,0.977448225,0,0,1,0,1,0,0.5,0
0.468717188,0.481740326,0.787185967,1,0,0,1,0,0,1.0,1
0.605518997,0.486979395,0.747498512,0,0,1,0,0,1,0.0,1
0.825416446,0.686314762,0.643308818,0,1,0,0,0,1,0.5,1
0.988848984,0.291669369,0.347908676,0,1,0,1,0,0,0.0,2
0.419408917,0.76429528,0.169615194,0,1,0,1,0,0,0.0,1
0.0950448513,0.195457861,0.224551603,1,0,0,0,1,0,1.0,2
0.81111294,0.425963074,0.00632208958,1,0,0,0,1,0,0.5,0
0.624161661,0.6732077,0.673480392,0,0,1,1,0,0,1.0,0
0.238615721,0.836950541,0.811877549,1,0,0,1,0,0,0.0,2
0.520087063,0.801954508,0.268911362,0,0,1,0,0,1,1.0,2
0.755194724,0.735601306,0.0918504,1,0,0,1,0,0,1.0,1
0.781891227,0.391141564,0.335727066,0,1,0,0,0,1,0.5,0
0.52463752,0.166189104,0.292051226,1,0,0,0,1,0,0.0,1
0.33995381,0.255992502,0.450876355,1,0,0,0,1,0,1.0,0
0.975055456,0.871592104,0.264102042,1,0,0,0,0,1,0.0,1
0.680194497,0.864464819,0.339732707,0,1,0,0,1,0,1.0,0
0.43782565,0.95398283,0.907554805,0,0,1,0,0,1,0.5,1
0.316440076,0.122189216,0.334835351,1,0,0,0,0,1,1.0,2
0.744547844,0.55996865,0.78551805,0,1,0,0,0,1,0.5,1
0.280074269,0.666248918,0.62583369,1,0,0,1,0,0,1.0,0
0.213124484,0.725124538,0.337537944,1,0,0,0,1,0,1.0,0
0.553342223,0.661670089,0.817788243,0,1,0,0,1,0,0.5,1
0.325488031,0.78151083,0.595076084,1,0,0,0,0,1,1.0,1
0.647459865,0.391497999,0.00861872733,1,0,0,1,0,0,1.0,0
0.162041739,0.22046113,0.0687282011,1,0,0,0,1,0,0.5,0
0.672194064,0.244354203,0.752639532,1,0,0,1,0,0,1.0,1
0.319131702,0.0613797568,0.446527779,1,0,0,0,1,0,0.0,2
0.0502307862,0.382805765,0.405507803,0,1,0,0,0,1,1.0,0
0.170589253,0.137156844,0.145827189,0,1,0,0,1,0,0.5,2
0.93693459,0.355414271,0.157318592,1,0,0,1,0,0,1.0,1
0.8739869,0.646799564,0.79775244,1,0,0,0,0,1,0.0,1
0.271928579,0.899754167,0.829017162,0,0,1,1,0,0,0.0,2
0.789453328,0.847625196,0.560002565,0,1,0,0,1,0,1.0,0
0.628143013,0.290040493,0.295127809,1,0,0,0,1,0,1.0,2
0.972359478,0.177378982,0.932700813,0,0,1,0,0,1,0.5,1
0.404925376,0.233418658,0.623962402,0,1,0,0,0,1,1.0,1
0.697387576,0.972437322,0.796642125,0,0,1,1,0,0,0.5,2
0.110358939,0.572000742,0.00328292022,0,0,1,0,0,1,0.0,2
0.426434994,0.223377109,0.450319588,1,0,0,1,0,0,0.0,1
0.965626776,0.848708868,0.87094909,1,0,0,0,0,1,0.0,1
0.562031806,0.425431669,0.338233292,0,1,0,0,1,0,0.0,1
0.323485523,0.904261053,0.726551175,0,0,1,1,0,0,1.0,1
0.164257422,0.297643274,0.657674849,0,0,1,0,1,0,1.0,2
0.718351901,0.423560679,0.152218372,1,0,0,0,1,0,0.5,2
0.662613213,0.529700398,0.774903834,0,1,0,1,0,0,0.5,2
0.405241787,0.897984564,0.112526789,1,0,0,0,0,1,0.0,1
0.953394294,0.875319541,0.727914095,0,1,0,1,0,0,0.5,1
0.0710926726,0.595637321,0.990968347,0,0,1,0,1,0,1.0,2
0.338537663,0.260686725,0.957981408,0,1,0,0,1,0,0.5,1
0.925015986,0.433189124,0.800241768,0,0,1,0,1,0,0.0,1
0.354888678,0.976851404,0.534517407,0,1,0,0,1,0,0.5,1
0.289640188,0.627384543,0.674824595,1,0,0,1,0,0,1.0,1
0.557509363,0.792042851,0.728108406,1,0,0,1,0,0,0.5,1
0.83261168,0.477371454,0.00840152428,1,0,0,1,0,0,0.0,1
0.147989422,0.555406928,0.102366224,0,1,0,1,0,0,1.0,2
0.945869684,0.457506418,0.597059131,0,0,1,0,1,0,0.5,2
0.80531925,0.717774928,0.00653454009,1,0,0,0,0,1,0.0,2
0.222187743,0.858897448,0.908905625,0,1,0,1,0,0,0.5,2
0.726407588,0.531995356,0.489662707,0,1,0,0,1,0,0.5,1
0.415710777,0.506824076,0.257767081,1,0,0,1,0,0,1.0,1
0.432179958,0.373272151,0.39382118,1,0,0,0,1,0,1.0,0
0.794125617,0.218241856,0.850776434,1,0,0,0,0,1,1.0,1
0.964645565,0.942285359,0.927192867,1,0,0,0,0,1,0.0,1
0.170323074,0.350275725,0.116234981,0,1,0,1,0,0,0.5,1
0.44959873,0.810656905,0.777960658,0,0,1,0,0,1,0.0,1
0.506894529,0.729579687,0.578227103,0,0,1,0,1,0,1.0,1
0.407496214,0.801371694,0.585502744,0,1,0,0,1,0,0.0,2
0.395029664,0.939929724,0.779452145,0,0,1,1,0,0,0.0,1
0.0996552333,0.642202199,0.22284469,0,1,0,0,0,1,1.0,2
0.701261699,0.903052807,0.53104496,0,1,0,0,0,1,0.5,2
0.464403689,0.209312454,0.319352627,0,1,0,0,1,0,0.0,0
0.235054106,0.645376921,0.0945123434,0,0,1,0,1,0,0.5,2
0.82523185,0.783661842,0.105079442,0,1,0,0,1,0,1.0,2
0.812432706,0.308059067,0.136471465,0,1,0,0,1,0,0.5,0
0.512072027,0.753716111,0.614899874,1,0,0,0,0,1,0.5,2
0.333528131,0.789552987,0.1058302,1,0,0,1,0,0,0.5,1
0.656188071,0.839628577,0.570103824,0,0,1,0,0,1,0.5,1
0.323744535,0.347238779,0.588297069,1,0,0,0,0,1,0.0,1
0.274207532,0.697526276,0.903896511,1,0,0,0,1,0,0.0,1
0.743988931,0.339040607,0.626376569,1,0,0,0,1,0,1.0,0
0.0883089751,0.752088368,0.985587835,0,1,0,0,1,0,1.0,1
0.140030041,0.48982498,0.0309925806,1,0,0,1,0,0,1.0,2
0.0564487651,0.617667139,0.704146147,0,0,1,1,0,0,0.0,1
0.195296034,0.445047975,0.0264800787,0,1,0,0,1,0,0.0,2
0.115540512,0.203883782,0.729377568,0,0,1,0,1,0,0.0,2
0.99601227,0.219128057,0.385850221,0,0,1,0,0,1,0.5,0
0.32436946,0.123690464,0.61130774,0,0,1,0,0,1,0.0,0
0.191804618,0.637169063,0.309538066,0,0,1,0,0,1,0.0,2
0.278946459,0.856206477,0.159105033,0,0,1,0,1,0,0.0,2
0.939319313,0.0697949827,0.72351253,1,0,0,0,0,1,1.0,1
0.5441522,0.112927526,0.904620409,1,0,0,1,0,0,1.0,1
0.396577179,0.48459363,0.18358244,0,0,1,0,0,1,1.0,1
0.87972188,0.750834703,0.920702994,0,0,1,1,0,0,0.0,1
0.425240755,0.199822262,0.140182108,1,0,0,0,0,1,0.0,2
0.368258148,0.308068752,0.735661864,0,0,1,1,0,0,1.0,2
0.246918395,0.270405889,0.959445179,1,0,0,0,1,0,0.5,2
0.408906996,0.429098666,0.147370875,0,0,1,1,0,0,1.0,0
0.350850135,0.263748735,0.435090035,0,0,1,0,0,1,0.5,2
0.693438768,0.384968758,0.337457478,0,1,0,0,1,0,0.5,2
0.325103581,0.742115498,0.388477743,0,0,1,0,1,0,0.0,2
0.598339736,0.630458772,0.753139734,0,1,0,0,1,0,0.0,1
0.112597555,0.127122626,0.66118896,0,0,1,1,0,0,0.0,2
0.231724694,0.655858397,0.968686938,0,1,0,0,1,0,0.5,0
0.437034994,0.5032233,0.185479507,1,0,0,0,0,1,0.5,0
0.940101802,0.937837303,0.543260872,0,0,1,0,1,0,1.0,1
0.40838939,0.324839115,0.449126154,1,0,0,0,0,1,1.0,2
0.680870414,0.739858091,0.918856084,0,1,0,0,1,0,1.0,1
0.292332858,0.74431777,0.0106192324,0,1,0,1,0,0,1.0,2
0.170681894,0.260425746,0.989170372,0,1,0,0,1,0,0.5,1
0.105609767,0.908062458,0.479734302,0,1,0,0,0,1,0.0,2
0.340142816,0.516624033,0.62553966,1,0,0,0,0,1,0.0,0
0.199777976,0.694939196,0.360052556,0,1,0,0,1,0,0.0,1
0.215309933,0.188562781,0.852526665,0,0,1,1,0,0,0.5,2
0.77272135,0.294913709,0.561987936,0,1,0,0,1,0,0.0,0
0.0650461689,0.606801748,0.662810922,1,0,0,1,0,0,1.0,2
0.579919636,0.353075892,0.648904681,1,0,0,0,0,1,1.0,1
0.410488307,0.524708271,0.363982141,0,0,1,0,0,1,0.0,0
0.531222522,0.405304939,0.0759909973,1,0,0,0,1,0,0.0,0
0.584688723,0.658526123,0.807706237,0,1,0,1,0,0,1.0,1
0.347699314,0.512788117,0.289715916,0,0,1,0,0,1,0.0,2
0.330353409,0.0543794408,0.84893024,0,0,1,1,0,0,0.0,1
0.746731758,0.66719681,0.608642995,1,0,0,0,1,0,0.0,1
0.877713144,0.451015472,0.353703946,0,0,1,1,0,0,0.5,2
0.23295255,0.374613434,0.594247162,0,1,0,1,0,0,0.0,2
0.142737821,0.139439419,0.645492673,0,1,0,0,0,1,1.0,0
0.902906001,0.259351194,0.706683397,1,0,0,1,0,0,0.5,1
0.382400692,0.262583673,0.822338164,0,1,0,1,0,0,1.0,1
0.573751509,0.938601017,0.159754947,0,1,0,0,0,1,1.0,1
0.391565979,0.460887313,0.944144368,1,0,0,0,0,1,0.0,1
0.169512212,0.089962557,0.410840601,0,1,0,0,1,0,1.0,2
0.609865069,0.181875855,0.860450327,1,0,0,0,0,1,0.0,2
0.548883796,0.125081047,0.220479593,1,0,0,1,0,0,0.5,1
0.242843881,0.609425902,0.0290289726,1,0,0,0,1,0,0.0,2
0.479275584,0.227290422,0.573344052,0,0,1,0,0,1,0.0,1
0.807100117,0.523629785,0.324666291,0,1,0,0,0,1,0.0,2
0.610904813,0.401558965,0.984462023,0,1,0,0,0,1,0.0,1
0.142071456,0.813682556,0.104453452,0,1,0,0,1,0,0.0,2
0.570620418,0.354465157,0.0473028645,1,0,0,0,1,0,0.5,0
0.717601359,0.485352218,0.0450178199,1,0,0,0,0,1,0.0,1
0.803068221,0.735221267,0.21687369,0,1,0,0,1,0,0.5,0
0.647661686,0.461683661,0.579191089,0,1,0,1,0,0,1.0,2
0.19502525,0.803554773,0.505563378,0,1,0,1,0,0,0.0,2
0.724664629,0.678600132,0.350075811,0,1,0,0,1,0,1.0,0
0.69347477,0.44000265,0.0887931064,0,0,1,0,0,1,0.5,0
0.0732055381,0.528782845,0.233737096,1,0,0,0,1,0,0.0,2
0.441160291,0.968843281,0.18414706,0,0,1,0,1,0,0.0,2
0.366302729,0.678530931,0.745666862,0,1,0,0,0,1,1.0,1
0.685941458,0.909745455,0.779946387,1,0,0,0,0,1,1.0,0
0.255329013,0.219820574,0.777014017,0,0,1,1,0,0,1.0,0
0.611328304,0.50907433,0.969040573,0,0,1,1,0,0,0.5,1
0.917545676,0.913228571,0.884237945,1,0,0,0,1,0,0.5,1
0.80791223,0.356481463,0.497804761,0,0,1,1,0,0,0.0,2
0.925384879,0.969281018,0.414936006,0,1,0,0,0,1,1.0,2
0.979580641,0.142223611,0.915768504,0,0,1,0,0,1,0.5,1
0.06013662,0.907537639,0.611225247,0,0,1,1,0,0,0.5,1
0.641604185,0.472951502,0.294398665,0,1,0,0,1,0,0.5,1
0.442197442,0.120056957,0.564464033,0,1,0,1,0,0,1.0,2
0.866861761,0.885545492,0.992149413,0,0,1,0,0,1,0.5,0
0.289223969,0.289343208,0.849470079,0,1,0,1,0,0,0.5,2
0.981977999,0.071137622,0.281279713,1,0,0,1,0,0,1.0,1
0.633022547,0.179016754,0.952954412,1,0,0,0,0,1,0.5,1
0.803860545,0.676159024,0.981462121,0,1,0,0,1,0,1.0,1
0.131319582,0.978920937,0.231166959,0,1,0,0,0,1,1.0,2
0.224284992,0.155889034,0.895592093,1,0,0,1,0,0,0.5,2
0.770483494,0.488850653,0.883202732,1,0,0,0,0,1,1.0,1
0.0708871931,0.22160472,0.0397535749,0,0,1,0,1,0,0.0,2
0.826034069,0.757784724,0.669689178,0,0,1,0,1,0,1.0,1
0.0632515699,0.162155956,0.305280715,0,0,1,0,1,0,0.0,2
0.674262881,0.277849674,0.674612641,0,0,1,0,1,0,0.0,0
0.396839231,0.236585677,0.913558722,1,0,0,1,0,0,1.0,1
0.630920112,0.574893773,0.498779237,1,0,0,1,0,0,0.0,0
0.711229861,0.879524887,0.414412826,1,0,0,1,0,0,0.0,1
0.375351459,0.535535693,0.92153126,0,1,0,1,0,0,0.5,1
0.152564332,0.105331279,0.974114895,1,0,0,0,1,0,1.0,2
0.116163574,0.585219502,0.0622363277,0,1,0,0,1,0,1.0,2
0.609489202,0.807644963,0.922848046,0,1,0,1,0,0,0.0,1
0.5446226,0.17554839,0.0827685371,0,1,0,1,0,0,1.0,1
0.755090952,0.119075656,0.337286204,0,0,1,0,0,1,1.0,2
0.53424871,0.228417382,0.762574136,0,1,0,0,1,0,0.5,1
0.451323509,0.758782029,0.777036965,1,0,0,1,0,0,0.5,1
0.428182811,0.612096369,0.725821912,1,0,0,1,0,0,1.0,1
0.0751245543,0.563564897,0.0391124897,1,0,0,1,0,0,0.5,2
0.368779331,0.287005901,0.132966042,1,0,0,1,0,0,1.0,1
0.977219164,0.365624756,0.936216474,1,0,0,1,0,0,0.5,1
0.879877806,0.967590749,0.0814613849,1,0,0,0,1,0,0.0,2
0.362909168,0.278593957,0.0785459206,0,1,0,0,0,1,0.5,0
0.60840565,0.906563163,0.835645914,1,0,0,0,0,1,0.0,1
0.854931891,0.601504922,0.64126575,0,1,0,0,0,1,0.5,0
0.469210625,0.167131647,0.351656049,0,0,1,0,1,0,1.0,0
0.0670599714,0.493946761,0.165710494,1,0,0,1,0,0,1.0,2
0.120784938,0.951121271,0.884170413,0,0,1,0,0,1,0.0,2
0.534873068,0.44763732,0.988537729,0,0,1,1,0,0,0.0,1
0.970967412,0.870217264,0.0499717295,0,0,1,0,0,1,1.0,0
0.708549082,0.293607265,0.554113388,1,0,0,0,1,0,0.5,2
0.117370382,0.592376053,0.261303574,0,1,0,0,0,1,0.0,2
0.229892835,0.851659477,0.832386851,0,0,1,0,0,1,1.0,2
0.782756984,0.924654007,0.346073091,1,0,0,1,0,0,0.5,1
0.849367797,0.511532187,0.714629292,0,1,0,1,0,0,1.0,1
0.636809886,0.657703698,0.539523423,0,0,1,0,0,1,1.0,2
0.662202001,0.0528311245,0.541523397,1,0,0,0,1,0,0.5,2
0.0769205764,0.290562153,0.857999444,0,1,0,0,1,0,0.5,2
0.837103724,0.31477651,0.470404416,0,1,0,1,0,0,0.5,2
0.798861444,0.138818368,0.845599532,1,0,0,0,0,1,0.5,1
0.296083391,0.315710276,0.363426834,0,0,1,0,0,1,1.0,0
0.723242879,0.355065942,0.174782947,1,0,0,0,0,1,1.0,1
0.254111886,0.970327735,0.455477387,0,0,1,0,1,0,1.0,1
0.0883136541,0.68517226,0.498355776,1,0,0,0,1,0,0.5,2
0.241079718,0.454704821,0.478383183,0,1,0,0,0,1,1.0,2
0.219697431,0.988651752,0.808330417,0,1,0,0,0,1,1.0,1
0.370860606,0.195570707,0.564678967,0,1,0,0,1,0,0.5,0
0.447527021,0.502248645,0.888444066,0,1,0,1,0,0,0.5,1
0.53311193,0.664709091,0.514185488,0,1,0,0,0,1,0.0,0
0.502916157,0.102801606,0.224715084,1,0,0,0,1,0,0.5,0
0.307140887,0.731148899,0.129495844,1,0,0,1,0,0,1.0,1
0.0777121335,0.144873992,0.868362844,1,0,0,0,1,0,0.5,0
0.624846518,0.183268189,0.0561727993,0,0,1,0,0,1,0.0,1
0.42595759,0.201705039,0.117609613,0,0,1,0,1,0,0.0,1
0.333738536,0.932445347,0.0636585206,0,1,0,0,0,1,1.0,2
0.873593986,0.699073792,0.423734188,0,1,0,0,1,0,0.5,0
0.759406149,0.672656119,0.532615602,0,1,0,0,1,0,0.5,1
0.864877284,0.577718794,0.0198747311,0,0,1,0,0,1,0.0,1
0.520233631,0.32816571,0.515586138,0,0,1,0,0,1,0.5,0
0.174384683,0.639845192,0.393759459,1,0,0,0,0,1,1.0,2
0.711410344,0.439642221,0.773645163,0,0,1,0,1,0,1.0,1
0.245770097,0.188145339,0.829956651,0,1,0,0,0,1,0.5,2
0.469168186,0.705117404,0.684967458,1,0,0,0,1,0,0.5,0
0.111750752,0.173103064,0.473495543,0,0,1,1,0,0,1.0,2
0.834042966,0.231135145,0.2161486,1,0,0,0,1,0,0.5,1
0.169643611,0.826814353,0.847114861,0,0,1,0,0,1,0.0,2
0.907942653,0.677111268,0.341669142,0,0,1,1,0,0,0.0,2
0.871019065,0.6494416,0.35629189,0,0,1,1,0,0,0.5,0
0.491353631,0.447292656,0.916011572,0,1,0,1,0,0,0.0,1
0.757149816,0.426466495,0.975597262,0,0,1,0,0,1,1.0,1
0.638472795,0.705749452,0.898130953,0,1,0,1,0,0,0.5,0
0.812921882,0.753005266,0.998234749,1,0,0,0,0,1,0.0,1
0.460214853,0.534702539,0.868908823,0,0,1,1,0,0,1.0,1
0.796518087,0.970805764,0.704357505,0,1,0,1,0,0,0.5,2
0.489333987,0.957914591,0.293819398,0,1,0,1,0,0,0.5,0
0.943917513,0.441808015,0.952957034,1,0,0,1,0,0,0.5,0
0.51205349,0.829591155,0.876626849,1,0,0,1,0,0,0.5,1
0.489488304,0.566104472,0.240746796,1,0,0,0,1,0,0.0,0
0.795818269,0.536168098,0.489162475,0,0,1,1,0,0,0.5,0
0.830498815,0.102215856,0.0700556636,0,0,1,0,1,0,0.5,2
0.576764643,0.595275998,0.95330888,1,0,0,0,0,1,0.0,1
0.220807925,0.905549049,0.572768331,0,0,1,0,0,1,0.0,1
0.494370311,0.791127145,0.245200545,0,1,0,1,0,0,1.0,1
0.969668865,0.797001302,0.292399317,0,1,0,0,0,1,0.0,0
0.765336871,0.201932579,0.980656385,0,0,1,1,0,0,0.5,1
0.820604503,0.39052698,0.615614295,0,0,1,0,1,0,0.0,2
0.0811842233,0.271544665,0.420683116,0,1,0,0,0,1,0.5,0
0.494466484,0.350119531,0.499845475,0,1,0,1,0,0,0.0,1
0.664290071,0.600562394,0.0985500738,0,0,1,1,0,0,1.0,2
0.838531077,0.396544635,0.0750227571,0,0,1,0,0,1,1.0,2
0.0968099684,0.58266294,0.592707753,1,0,0,0,0,1,1.0,2
0.859816968,0.466576189,0.512004018,1,0,0,0,0,1,1.0,2
0.570980906,0.322284788,0.359153181,0,0,1,1,0,0,1.0,0
0.237448275,0.140633255,0.566113949,0,1,0,1,0,0,0.0,2
0.351392448,0.89724654,0.0726759508,0,0,1,1,0,0,0.5,0
0.317833066,0.0608046986,0.943991184,0,1,0,0,1,0,0.0,1
0.554316103,0.0515698642,0.293711692,0,0,1,1,0,0,1.0,0
0.0991013944,0.835457861,0.0717787892,0,0,1,1,0,0,1.0,0
0.200609356,0.996970415,0.16950427,0,1,0,1,0,0,0.5,2
0.82205838,0.74074769,0.0954739153,0,1,0,0,0,1,1.0,0
0.175973788,0.0645101443,0.178604499,0,0,1,1,0,0,0.0,2
0.271726459,0.265355706,0.416754067,0,1,0,0,1,0,1.0,2
0.480702072,0.973231554,0.738050878,0,1,0,0,1,0,1.0,2
0.541264832,0.818174064,0.272348344,0,0,1,0,0,1,0.5,2
0.775429964,0.588459849,0.435926616,1,0,0,0,1,0,1.0,1
0.474965811,0.275017679,0.92875731,1,0,0,0,1,0,0.0,2
0.800371408,0.0636516958,0.295821726,0,1,0,1,0,0,1.0,1
0.637428999,0.0698183998,0.794719756,0,0,1,1,0,0,0.0,1
0.157444745,0.63138181,0.157816872,0,1,0,1,0,0,1.0,2
0.198514864,0.0707402825,0.178321749,0,0,1,1,0,0,0.0,2
0.465182036,0.993948638,0.456152886,1,0,0,1,0,0,1.0,0
0.427044928,0.224214643,0.234102249,1,0,0,0,1,0,0.5,0
0.756367028,0.725171983,0.903028071,1,0,0,1,0,0,0.0,0
0.601700306,0.197306737,0.0507522896,0,1,0,0,1,0,1.0,1
0.418726414,0.563088775,0.597272575,1,0,0,0,0,1,0.0,1
0.212222263,0.12658073,0.604229391,1,0,0,0,1,0,1.0,2
0.265495241,0.778439522,0.0660259277,0,1,0,1,0,0,0.5,0
0.596725941,0.605675042,0.732564211,0,0,1,1,0,0,0.5,2
0.452266872,0.131858364,0.468897551,1,0,0,1,0,0,0.5,2
0.539181113,0.856156886,0.723073363,0,0,1,0,0,1,0.0,1
0.21214357,0.569667697,0.82692498,0,0,1,0,0,1,0.5,0
0.679760933,0.925512671,0.322899342,0,1,0,0,1,0,0.0,0
0.859911799,0.920792222,0.484485894,0,0,1,0,1,0,0.0,0
0.295042545,0.924482405,0.260760784,0,0,1,1,0,0,0.5,1
0.516938508,0.123895943,0.201513469,0,1,0,1,0,0,0.0,2
0.97675097,0.164909869,0.000594758021,0,0,1,1,0,0,0.0,0
0.366579652,0.988320529,0.963631511,1,0,0,0,1,0,0.0,1
0.615294039,0.513220787,0.440928459,0,1,0,1,0,0,0.0,2
0.135685921,0.276303351,0.0130697731,0,1,0,0,1,0,0.5,2
0.625714242,0.781181276,0.00893857796,0,1,0,0,1,0,0.0,1
0.135150179,0.301070958,0.288352579,1,0,0,1,0,0,0.5,2
0.96127367,0.740854919,0.0139376791,0,0,1,1,0,0,0.5,0
0.729879498,0.845421493,0.37451461,0,0,1,0,1,0,0.0,1
0.798751771,0.795050204,0.0629385039,0,0,1,0,1,0,0.0,0
0.718899131,0.310345411,0.039251592,1,0,0,0,1,0,0.5,0
0.610242605,0.431537658,0.66938138,0,0,1,0,1,0,0.5,1
0.477417141,0.442588449,0.906841278,0,0,1,0,0,1,0.5,1
0.865454733,0.516709268,0.409386575,1,0,0,1,0,0,0.0,1
0.958993912,0.209004208,0.836770415,1,0,0,0,1,0,0.0,1
0.524084389,0.479846537,0.0292654615,0,0,1,0,0,1,1.0,0
0.934958279,0.535243869,0.777690053,1,0,0,0,0,1,0.0,1
0.604166269,0.555123568,0.0627999902,1,0,0,0,1,0,0.0,1
0.561464965,0.828905404,0.838439405,1,0,0,0,0,1,0.5,1
0.481758595,0.541467786,0.882366359,0,1,0,0,0,1,0.0,0
0.248823375,0.26924473,0.785973847,0,1,0,0,0,1,1.0,2
0.053533677,0.679972291,0.820749044,0,0,1,1,0,0,0.5,1
0.279430926,0.807448447,0.561484575,0,0,1,0,1,0,1.0,0
0.534237027,0.353403091,0.264884949,1,0,0,1,0,0,0.0,1
0.410961956,0.663040638,0.643230975,0,0,1,0,0,1,1.0,1
0.476060957,0.189591095,0.439541638,0,1,0,0,0,1,0.0,1
0.981615782,0.374829978,0.00533656077,0,0,1,0,0,1,0.5,0
0.382758766,0.913762748,0.476825714,0,0,1,1,0,0,1.0,1
0.479573786,0.915742755,0.651187897,0,1,0,0,1,0,0.0,0
0.176839769,0.596558332,0.0138836596,0,1,0,0,0,1,0.5,2
0.0955598429,0.717233896,0.621360362,1,0,0,1,0,0,0.5,2
0.786639035,0.861314654,0.652531922,1,0,0,1,0,0,0.5,1
0.592149019,0.960625529,0.158107579,1,0,0,1,0,0,0.0,1
0.772669554,0.515392125,0.431074172,0,0,1,1,0,0,0.5,0
0.192369655,0.583496928,0.964332581,0,0,1,0,1,0,0.0,2
0.59323734,0.444859475,0.884189248,0,0,1,0,0,1,1.0,1
0.290960342,0.118382841,0.410821408,0,1,0,0,0,1,0.0,2
0.266658723,0.451663285,0.349846274,0,0,1,0,1,0,0.0,2
0.060949713,0.801095963,0.12408068,0,1,0,0,0,1,0.0,2
0.173823684,0.814641237,0.0351890847,0,0,1,1,0,0,1.0,2
0.343804717,0.897758245,0.297462791,0,0,1,0,0,1,0.0,2
0.161034822,0.0988933668,0.940283358,0,1,0,1,0,0,1.0,2
0.98656553,0.550796866,0.958613455,0,1,0,0,1,0,1.0,1
0.343201011,0.152053267,0.812519312,0,1,0,0,0,1,1.0,1
0.173807755,0.240705073,0.350824803,1,0,0,0,0,1,1.0,2
0.239128202,0.905205667,0.143626437,1,0,0,0,1,0,0.5,0
0.60831809,0.521951675,0.59553349,0,0,1,1,0,0,1.0,1
0.110841349,0.770617664,0.646504998,0,0,1,0,0,1,0.5,0
0.869312406,0.111164898,0.42457357,0,0,1,1,0,0,1.0,0
0.963424683,0.445985168,0.691646814,1,0,0,0,0,1,1.0,2
0.284410059,0.690528274,0.746681869,0,0,1,0,1,0,0.5,1
0.477590501,0.176736161,0.783061683,0,1,0,0,0,1,0.5,2
0.0710277259,0.359526992,0.502298117,0,1,0,1,0,0,0.0,2
0.658674717,0.111320414,0.791640759,1,0,0,0,0,1,0.5,1
0.443229765,0.668772936,0.0254764259,0,1,0,0,1,0,0.5,0
0.306555539,0.972346723,0.680404365,0,1,0,1,0,0,0.5,0
0.246495262,0.83569324,0.235633954,0,0,1,0,1,0,0.0,2
0.671321929,0.975891948,0.2705203,0,1,0,1,0,0,0.0,1
0.445406169,0.853324533,0.0913017094,0,1,0,1,0,0,1.0,2
0.220676318,0.862435997,0.19239226,1,0,0,0,0,1,1.0,0
0.704653621,0.598318338,0.992008209,0,1,0,0,1,0,0.0,1
0.586818695,0.542339683,0.415390134,0,1,0,0,1,0,0.5,1
0.865738451,0.435941547,0.927765369,0,0,1,0,0,1,0.0,2
0.16160211,0.827190161,0.162899524,0,0,1,1,0,0,0.0,2
0.796383262,0.222964227,0.204058841,0,0,1,0,0,1,0.0,2
0.689840972,0.103413671,0.557813346,1,0,0,0,1,0,0.0,0
0.159260392,0.950499117,0.349532545,0,0,1,1,0,0,0.0,2
0.71007967,0.053589277,0.643915236,0,1,0,0,1,0,1.0,2
0.469469935,0.977987885,0.422046572,1,0,0,1,0,0,0.5,1
0.947735548,0.742410719,0.811597228,0,1,0,1,0,0,1.0,1
0.18453078,0.362073988,0.431559086,0,1,0,0,0,1,1.0,0
0.660691738,0.712928832,0.572349191,0,0,1,0,1,0,0.0,0
0.412881047,0.826981425,0.321073204,1,0,0,0,0,1,1.0,0
0.958973944,0.283093959,0.704041004,1,0,0,0,0,1,0.5,1
0.363476157,0.782350898,0.654734194,0,0,1,0,0,1,0.5,1
0.964076638,0.814151168,0.397001028,1,0,0,0,1,0,0.5,1
0.906411588,0.286886901,0.27603209,0,1,0,0,1,0,0.0,2
0.306864083,0.0898300335,0.61410439,1,0,0,1,0,0,1.0,1
0.813364685,0.243916169,0.943151653,0,1,0,1,0,0,0.0,1
0.995823979,0.240614086,0.132643029,1,0,0,1,0,0,1.0,1
0.290029854,0.111978434,0.799116611,1,0,0,1,0,0,1.0,1
0.464938313,0.739706993,0.542991757,0,0,1,0,0,1,0.5,2
0.544171691,0.410976171,0.525559723,0,0,1,1,0,0,1.0,1
0.330184579,0.890166879,0.961684167,1,0,0,0,1,0,0.5,1
0.0645015985,0.289562553,0.605874777,0,1,0,1,0,0,0.0,2
0.259122789,0.480570555,0.830517828,0,0,1,0,1,0,1.0,1
0.31784004,0.657066584,0.514477253,0,0,1,0,0,1,1.0,0
0.471419722,0.883591712,0.249853373,0,0,1,0,0,1,0.5,1
0.212547362,0.548390031,0.694490254,1,0,0,0,1,0,1.0,0
0.879591644,0.404848397,0.923176885,0,1,0,0,0,1,0.5,2
0.719665587,0.87366432,0.841230094,0,1,0,0,1,0,0.0,1
0.130940452,0.344734102,0.198363602,1,0,0,0,1,0,1.0,2
0.667587817,0.125452518,0.316889107,0,1,0,0,1,0,0.0,1
0.670973659,0.472790003,0.516880691,0,0,1,0,0,1,0.0,0
0.958410144,0.795838654,0.571603298,0,1,0,1,0,0,0.5,1
0.0528698266,0.0792417899,0.193814114,0,0,1,0,0,1,0.5,2
0.285535842,0.606588125,0.230012342,0,0,1,0,0,1,1.0,0
0.931401908,0.614740849,0.758831084,1,0,0,0,0,1,0.0,1
0.935527205,0.932114661,0.730317414,0,0,1,0,0,1,0.5,2
0.734557092,0.322141588,0.839208841,0,1,0,0,0,1,1.0,1
0.777475178,0.314894795,0.932929814,0,1,0,1,0,0,0.0,1
0.136908814,0.468459457,0.308261126,0,1,0,1,0,0,1.0,2
0.53818202,0.38906917,0.859594941,0,1,0,0,1,0,0.0,1
0.270003855,0.749528587,0.66601181,0,1,0,1,0,0,0.0,1
0.222157136,0.659664452,0.957770407,0,0,1,0,0,1,1.0,2
0.819788158,0.770974994,0.272074163,1,0,0,0,1,0,0.0,1
0.178286225,0.829039693,0.2696715,1,0,0,0,0,1,0.5,0
0.495219052,0.92683208,0.70429343,0,1,0,0,1,0,1.0,1
0.941649318,0.459389895,0.928410769,0,0,1,0,0,1,0.0,1
0.226540446,0.985462546,0.824555814,1,0,0,0,1,0,0.0,2
0.97909373,0.254877776,0.727039576,0,1,0,0,1,0,0.0,1
0.994573593,0.728646874,0.387309194,0,0,1,1,0,0,0.0,1
0.577836275,0.557308853,0.717767358,1,0,0,0,1,0,0.0,1
0.211635605,0.826055586,0.801095605,0,0,1,1,0,0,1.0,2
0.350299656,0.502932012,0.753285706,0,1,0,1,0,0,1.0,1
0.4532682,0.79474169,0.676810801,0,0,1,1,0,0,0.5,2
0.343858004,0.933660269,0.0471312515,1,0,0,0,1,0,0.5,0
0.31660381,0.745679557,0.659714937,1,0,0,1,0,0,1.0,0
0.973618209,0.78728956,0.478294641,0,0,1,1,0,0,1.0,2
0.195696592,0.113816656,0.96156925,1,0,0,0,1,0,0.0,2
0.746661484,0.244709775,0.607189894,0,0,1,0,1,0,0.5,0
0.0503897741,0.97558856,0.608227253,0,0,1,0,0,1,0.5,2
0.616373539,0.708527625,0.994055212,0,1,0,0,0,1,0.5,1
0.920145869,0.583376586,0.0935877934,0,1,0,0,1,0,0.0,0
0.32353738,0.398627549,0.276316285,0,0,1,1,0,0,0.5,2
0.22624968,0.092169553,0.656079412,1,0,0,0,1,0,0.0,0
0.669095814,0.400679111,0.31523627,0,1,0,0,1,0,0.0,1
0.726971328,0.523967206,0.34615016,1,0,0,0,0,1,0.0,2
0.703629017,0.25088653,0.892644942,0,0,1,0,0,1,0.0,1
0.353351027,0.214479953,0.579353929,1,0,0,0,1,0,1.0,2
0.289592296,0.532995701,0.102865584,1,0,0,1,0,0,0.5,1
0.958122849,0.606609046,0.310862571,0,0,1,0,1,0,1.0,1
0.927134514,0.277922034,0.0760583729,0,1,0,0,1,0,0.5,0
0.484450787,0.608020008,0.556129932,0,1,0,0,0,1,1.0,2
0.853884161,0.905322969,0.173268199,1,0,0,1,0,0,0.0,1
0.479707301,0.49951461,0.857115149,0,0,1,0,0,1,1.0,1
0.453169554,0.864520669,0.577314019,0,0,1,1,0,0,0.0,2
0.198924795,0.930907845,0.0593756437,0,1,0,0,1,0,1.0,0
0.455085754,0.137774333,0.300875664,0,0,1,0,1,0,0.0,0
0.5605461,0.141020998,0.616337657,0,0,1,1,0,0,1.0,0
0.0713791102,0.502241969,0.335498333,1,0,0,1,0,0,0.0,2
0.471907347,0.608697295,0.51317668,1,0,0,0,1,0,0.5,2
0.792288423,0.454589278,0.909362316,0,1,0,1,0,0,0.0,0
0.69604373,0.360128224,0.350035965,0,1,0,0,1,0,1.0,0
0.65339911,0.658944428,0.335872859,1,0,0,1,0,0,0.5,1
0.91407764,0.051977437,0.819756866,0,0,1,0,0,1,0.0,1
0.0671304092,0.96966964,0.318756521,0,0,1,1,0,0,1.0,2
0.579195201,0.270475119,0.0779583454,1,0,0,0,0,1,1.0,1
0.797981381,0.921243846,0.180944949,1,0,0,0,0,1,0.0,0
0.564268589,0.153564006,0.948800266,1,0,0,0,0,1,0.5,1
0.357700765,0.27618283,0.933292806,1,0,0,0,0,1,1.0,1
0.17943804,0.273130029,0.22481209,0,0,1,0,0,1,1.0,0
0.8931849,0.996345282,0.553501844,0,0,1,0,0,1,1.0,0
0.497224271,0.0543705188,0.137368098,0,1,0,0,0,1,0.5,0
0.884209454,0.657656312,0.67467761,1,0,0,1,0,0,0.5,1
0.606559515,0.876202226,0.185305789,0,1,0,1,0,0,1.0,2
0.690482497,0.688659966,0.0497904234,0,0,1,0,0,1,1.0,0
0.814048111,0.394597113,0.824896812,0,1,0,0,0,1,0.5,2
0.676197767,0.960393906,0.325400382,0,0,1,0,0,1,0.5,0
0.428152084,0.898844719,0.1085224,0,0,1,1,0,0,0.0,1
0.537951708,0.462257177,0.833903968,0,1,0,1,0,0,0.0,2
0.812893271,0.59466207,0.762397468,0,1,0,0,1,0,0.0,1
0.404967785,0.969143212,0.683758438,1,0,0,0,1,0,0.0,2
0.418715388,0.983432353,0.911248684,0,0,1,0,1,0,1.0,1
0.140905604,0.477332115,0.489226073,1,0,0,1,0,0,1.0,2
0.91885519,0.854982555,0.128056496,1,0,0,1,0,0,0.0,2
0.136484504,0.33688122,0.0613464117,0,0,1,1,0,0,1.0,2
0.665798724,0.403222233,0.318441004,0,1,0,1,0,0,0.5,1
0.442534745,0.206580788,0.0868308321,1,0,0,0,0,1,0.5,0
0.435338408,0.24872537,0.535509467,1,0,0,0,1,0,0.0,1
0.695574224,0.674029648,0.014499018,0,0,1,0,1,0,1.0,2
0.113739043,0.535242558,0.443763316,0,1,0,0,1,0,0.5,2
0.614020467,0.269575268,0.178460285,0,1,0,0,0,1,1.0,1
0.783430219,0.432764143,0.368268043,1,0,0,0,0,1,0.5,0
0.836802125,0.404524297,0.675034046,0,0,1,0,1,0,1.0,0
0.212003872,0.987992167,0.350963771,1,0,0,0,0,1,0.5,2
0.902548075,0.860887527,0.341339886,0,1,0,1,0,0,0.5,0
0.673338771,0.418568015,0.99075073,1,0,0,0,0,1,0.5,1
0.88776207,0.918220758,0.718814731,0,0,1,0,1,0,0.0,1
0.511016667,0.375503629,0.513861716,1,0,0,0,1,0,1.0,1
0.564931691,0.684506416,0.579375625,0,1,0,0,0,1,0.0,1
0.923086345,0.968317509,0.620182633,0,0,1,1,0,0,1.0,1
0.904914081,0.420764923,0.0245753992,0,0,1,1,0,0,0.5,0
0.475752831,0.695890725,0.0802645907,0,0,1,0,1,0,0.0,0
0.310692012,0.331127614,0.649189353,0,0,1,0,1,0,0.5,1
0.423511922,0.302996695,0.364468873,0,0,1,0,0,1,0.0,1
0.418376118,0.595448852,0.0554440394,1,0,0,1,0,0,1.0,2
0.322523534,0.98030138,0.297513247,0,0,1,0,0,1,1.0,2
0.305150628,0.480477154,0.130283415,0,1,0,0,1,0,1.0,0
0.868009806,0.940755129,0.916313827,0,0,1,0,0,1,0.5,0
0.116368823,0.918645322,0.202925399,0,1,0,0,1,0,0.0,2
0.693730652,0.291074485,0.143691197,0,1,0,0,1,0,0.0,2
0.214179054,0.431728423,0.626168787,0,1,0,0,0,1,0.0,2
0.377280593,0.661137342,0.521911919,0,1,0,0,0,1,0.0,2
0.10846588,0.542143583,0.575932443,0,1,0,0,1,0,0.0,0
0.306474954,0.141160607,0.435948133,1,0,0,1,0,0,0.0,1
0.780000031,0.994013131,0.467169315,0,1,0,1,0,0,1.0,0
0.890764534,0.765021324,0.778797567,0,1,0,0,1,0,1.0,1
0.26045078,0.465809345,0.219922185,0,1,0,0,0,1,0.0,2
0.490370452,0.637260139,0.396529317,1,0,0,0,1,0,0.0,1
0.496807843,0.133194178,0.957825363,0,0,1,1,0,0,0.0,2
0.879896522,0.520536542,0.189985707,0,1,0,0,1,0,0.0,2
0.774659097,0.934290767,0.293773592,1,0,0,0,1,0,1.0,1
0.537423372,0.90177089,0.191566929,1,0,0,0,1,0,0.5,1
0.687209845,0.3705118,0.0204954967,1,0,0,1,0,0,1.0,1
0.854987323,0.554799497,0.269829929,0,0,1,1,0,0,0.0,0
0.0590620078,0.712514341,0.0464674458,1,0,0,0,0,1,0.0,2
0.432745516,0.373008817,0.154685125,0,1,0,0,0,1,1.0,1
0.91188103,0.11163526,0.362682074,0,1,0,1,0,0,1.0,1
0.753297389,0.530169547,0.0207212176,0,1,0,1,0,0,0.5,0
0.565699279,0.621553957,0.752956569,0,0,1,0,1,0,0.5,1
0.553162277,0.055549521,0.79558903,1,0,0,0,0,1,1.0,2
0.380381584,0.140796602,0.411413789,0,1,0,0,0,1,1.0,2
0.54449451,0.246926114,0.98466599,0,1,0,0,1,0,1.0,1
0.672614038,0.380649686,0.67899394,0,1,0,0,0,1,0.0,0
0.447444886,0.56399864,0.743721724,0,0,1,1,0,0,1.0,0
0.72844547,0.329150766,0.192300424,0,1,0,1,0,0,0.5,1
0.868170619,0.312374622,0.83743763,1,0,0,1,0,0,0.0,1
0.1969506,0.875881851,0.945046425,1,0,0,1,0,0,1.0,2
0.478969663,0.187798113,0.236310169,0,0,1,0,1,0,0.0,2
0.43761909,0.520687103,0.68646431,0,0,1,0,0,1,0.0,1
0.703091562,0.955183506,0.74694103,0,0,1,0,1,0,0.0,2
0.287374079,0.643762589,0.305169165,1,0,0,0,1,0,0.5,1
0.658238351,0.731345177,0.475008994,0,0,1,1,0,0,0.0,1
0.883614779,0.459675133,0.0975390971,0,0,1,0,1,0,0.5,0
0.447225034,0.0689355582,0.173094809,1,0,0,0,1,0,0.5,0
0.915464938,0.663823843,0.0615705252,0,1,0,0,1,0,0.5,2
0.993505538,0.65032804,0.560165465,0,0,1,1,0,0,0.5,2
0.150787443,0.154906258,0.625262916,0,1,0,0,1,0,0.0,1
0.271400541,0.489051729,0.916119576,0,1,0,1,0,0,1.0,1
0.952860773,0.919562519,0.54218483,0,1,0,1,0,0,1.0,0
0.96041131,0.244830593,0.260611385,0,1,0,0,0,1,1.0,0
0.142821908,0.488043815,0.0594735481,0,0,1,0,1,0,1.0,2
0.0642485768,0.488048017,0.884953082,0,0,1,1,0,0,1.0,2
0.203045025,0.820223391,0.478858083,0,0,1,0,0,1,1.0,2
0.996212125,0.833347082,0.737321973,1,0,0,0,0,1,1.0,1
0.220999643,0.771305978,0.0146493483,1,0,0,0,0,1,1.0,2
0.527420223,0.397181451,0.488138914,0,1,0,1,0,0,0.5,1
0.855996847,0.118435077,0.325722635,1,0,0,1,0,0,0.0,1
0.0693815276,0.382008821,0.0303312726,0,1,0,0,1,0,0.5,2
0.624264538,0.695801616,0.775672793,0,1,0,1,0,0,1.0,1
0.313174188,0.717609227,0.512901664,0,0,1,0,1,0,1.0,2
0.869218171,0.966750205,0.333180249,0,0,1,1,0,0,1.0,2
0.319288105,0.480959177,0.805798471,1,0,0,0,0,1,0.0,1
0.70241791,0.650813818,0.446923465,0,0,1,1,0,0,0.5,1
0.690508664,0.562231302,0.00349795632,1,0,0,0,1,0,0.0,2
0.260418862,0.193087637,0.944447637,0,0,1,0,1,0,0.5,2
0.0830592364,0.488142341,0.255682737,0,0,1,0,0,1,0.5,0
0.438787103,0.567593396,0.830575526,1,0,0,0,0,1,1.0,2
0.324733496,0.953212142,0.81641537,0,1,0,0,0,1,0.5,1
0.818528891,0.398212105,0.16237393,1,0,0,0,1,0,0.5,0
0.810346007,0.981094122,0.474002689,0,0,1,1,0,0,0.0,0
0.484172761,0.56518507,0.040198978,0,1,0,1,0,0,0.5,0
0.626186609,0.280345768,0.354551673,0,0,1,0,1,0,0.0,1
0.624046564,0.232081175,0.730978847,0,0,1,0,1,0,0.5,1
0.835800231,0.184610173,0.237069473,0,0,1,0,1,0,0.0,1
0.453752279,0.480286241,0.117127933,0,1,0,0,1,0,1.0,1
0.311674356,0.0708301067,0.50712353,0,0,1,1,0,0,0.5,1
0.301783174,0.472793013,0.536986411,1,0,0,0,0,1,0.0,0
0.559382677,0.988984466,0.675828934,1,0,0,1,0,0,0.0,0
0.476690799,0.68660146,0.75913775,1,0,0,0,1,0,1.0,1
0.468114734,0.771796823,0.695809543,0,1,0,0,0,1,1.0,1
0.136580467,0.163055122,0.845412195,1,0,0,1,0,0,0.0,1
0.732673526,0.499445826,0.22290647,0,0,1,0,1,0,0.0,0
0.25304985,0.321911961,0.56976676,0,1,0,0,1,0,0.0,2
0.237105951,0.899392664,0.360095352,0,0,1,0,1,0,0.5,2
0.442120403,0.222227842,0.962112367,0,0,1,1,0,0,0.5,1
0.26638943,0.48579666,0.440279514,0,0,1,1,0,0,0.0,2
0.604665339,0.60864532,0.959713936,1,0,0,1,0,0,1.0,1
0.402890176,0.538339019,0.769065678,1,0,0,0,1,0,1.0,1
0.476466149,0.838731349,0.718463838,0,1,0,1,0,0,1.0,0
0.560310841,0.269880503,0.491563708,0,1,0,0,0,1,0.5,0
0.243358746,0.408521563,0.443378121,1,0,0,0,0,1,1.0,0
0.197964042,0.802480102,0.526548207,1,0,0,0,1,0,1.0,2
0.886400819,0.551667869,0.293633074,0,0,1,0,0,1,0.0,0
0.462037504,0.432011515,0.904509962,1,0,0,0,1,0,1.0,1
0.441488922,0.0779703856,0.794330657,0,0,1,1,0,0,0.5,1
0.0838315412,0.765716136,0.801395833,1,0,0,0,1,0,0.5,2
0.523077488,0.973572969,0.4331536,0,0,1,0,1,0,0.0,0
0.576461256,0.63927263,0.0710889474,1,0,0,1,0,0,0.0,1
0.580898821,0.863714159,0.683077335,1,0,0,0,1,0,0.5,1
0.721679628,0.541031957,0.37441358,0,1,0,0,1,0,0.0,2
0.218607739,0.270096928,0.870430291,0,1,0,0,0,1,0.5,2
0.289611965,0.0637199953,0.780338466,0,0,1,0,1,0,1.0,1
0.820193946,0.670728326,0.145328149,0,1,0,0,0,1,0.5,2
0.949812114,0.518453419,0.601715744,0,1,0,0,1,0,0.5,2
0.179136112,0.792993248,0.692213953,1,0,0,1,0,0,1.0,1
0.522767067,0.709948301,0.568137586,0,0,1,1,0,0,1.0,1
0.253467441,0.988554776,0.514042199,0,1,0,0,0,1,1.0,1
0.107069507,0.534796953,0.227863073,0,1,0,0,1,0,0.0,0
0.359228164,0.45581606,0.235906839,1,0,0,0,1,0,0.0,2
0.186503246,0.322402716,0.768008113,1,0,0,0,1,0,0.0,1
0.724436402,0.5030182,0.0186897852,1,0,0,0,0,1,0.5,0
0.557039142,0.879227877,0.778910041,0,0,1,0,0,1,1.0,1
0.186642751,0.090317741,0.526798725,1,0,0,0,0,1,0.0,2
0.0587795079,0.979005039,0.936222672,0,0,1,0,0,1,0.0,2
0.817749202,0.993641853,0.997321546,1,0,0,0,0,1,0.0,1
0.217384681,0.617930293,0.663484573,0,1,0,0,0,1,0.0,0
0.625905812,0.364966989,0.412257195,0,0,1,1,0,0,1.0,0
0.370075822,0.261896521,0.475085914,1,0,0,1,0,0,1.0,1
0.606211662,0.31266588,0.204215422,1,0,0,0,1,0,0.0,0
0.34987095,0.0976001546,0.0992343277,0,1,0,0,1,0,0.5,0
0.132592589,0.50135541,0.578763366,0,1,0,0,0,1,1.0,2
0.261802495,0.104458056,0.805495083,0,1,0,1,0,0,0.5,1
0.228655636,0.732550502,0.261766523,1,0,0,0,0,1,0.5,2
0.456618398,0.403332978,0.41965282,0,1,0,1,0,0,1.0,2
0.67536962,0.239396498,0.554773688,0,1,0,1,0,0,0.5,2
0.300615758,0.56761086,0.90789783,0,0,1,1,0,0,1.0,1
0.0614664368,0.975071371,0.138631225,0,0,1,1,0,0,0.0,2
0.542990506,0.710374475,0.236883163,0,0,1,0,0,1,1.0,0
0.625471532,0.517159522,0.918530464,1,0,0,0,0,1,0.0,2
0.964726985,0.788068593,0.0395355932,0,0,1,0,0,1,0.5,1
0.609997272,0.750602663,0.656115651,1,0,0,1,0,0,0.5,2
0.497613937,0.897148669,0.63952589,0,1,0,0,1,0,0.0,1
0.594731569,0.244435504,0.383254439,1,0,0,0,0,1,1.0,0
0.93150562,0.865933716,0.468164682,1,0,0,0,0,1,0.0,0
0.836959243,0.335974783,0.854917943,0,1,0,0,1,0,0.5,0
0.356829792,0.943948984,0.164982066,0,0,1,0,0,1,0.0,0
0.275391638,0.317011893,0.231567472,0,0,1,0,0,1,0.0,2
0.299501926,0.93050611,0.51235044,0,0,1,1,0,0,0.0,1
0.529200017,0.965601206,0.409745425,0,1,0,0,1,0,0.5,2
0.756846964,0.188216791,0.57437247,1,0,0,0,1,0,1.0,2
0.528058231,0.975774884,0.92083919,0,1,0,0,1,0,1.0,1
0.114406578,0.131436825,0.917102039,0,1,0,0,0,1,0.5,2
0.737401664,0.257639408,0.230018333,0,1,0,0,1,0,0.5,2
0.815671623,0.471960336,0.302144617,0,1,0,1,0,0,0.0,0
0.325022966,0.993917525,0.16206868,1,0,0,0,1,0,1.0,2
0.680919468,0.514134884,0.927790344,0,0,1,0,1,0,1.0,1
0.455262303,0.57288897,0.397864133,0,0,1,1,0,0,1.0,1
0.894663393,0.709703684,0.449705154,0,1,0,0,0,1,0.5,2
0.852964282,0.969878852,0.802640796,1,0,0,1,0,0,1.0,1
0.549160421,0.79418385,0.512973487,0,1,0,1,0,0,0.0,2
0.70693028,0.262946308,0.119755484,1,0,0,0,1,0,1.0,1
0.88918221,0.337841392,0.437848717,0,1,0,0,1,0,1.0,0
0.520931184,0.142746821,0.630524039,0,0,1,0,1,0,0.0,1
0.347588211,0.662229717,0.719209075,0,0,1,0,1,0,0.0,1
0.765982807,0.221703291,0.645351827,0,1,0,1,0,0,0.5,1
0.259062946,0.294534653,0.119180717,0,0,1,0,0,1,0.5,0
0.419104576,0.893707991,0.304344535,0,1,0,0,0,1,0.0,1
0.872440875,0.360417902,0.733564615,1,0,0,0,1,0,1.0,0
0.738201201,0.588314354,0.880190194,1,0,0,0,1,0,1.0,1
0.433620453,0.427687705,0.0471864156,1,0,0,0,1,0,0.0,1
0.25400728,0.120329723,0.0422291085,1,0,0,0,0,1,0.5,1
0.388169974,0.394720644,0.643404543,0,1,0,1,0,0,0.0,2
0.319898933,0.437664807,0.548046172,0,0,1,1,0,0,1.0,2
0.217284828,0.90091604,0.155339047,1,0,0,0,0,1,1.0,2
0.756166279,0.358228117,0.548291564,0,0,1,1,0,0,0.5,2
0.289466381,0.410279065,0.974487364,0,1,0,0,0,1,0.5,1
0.481459111,0.793751955,0.630900204,0,0,1,1,0,0,0.5,0
0.416566461,0.77100879,0.449141145,0,0,1,1,0,0,0.0,0
0.982973516,0.808371007,0.82753247,0,0,1,0,1,0,0.5,1
0.421537638,0.956082225,0.212822482,0,1,0,0,0,1,0.0,2
0.125983357,0.805779636,0.414326429,0,1,0,0,0,1,0.0,2
0.135334462,0.437227786,0.527767897,0,1,0,0,1,0,0.0,2
0.611216009,0.830433071,0.504539907,0,0,1,0,1,0,0.5,0
0.619395375,0.533240914,0.920972466,1,0,0,0,0,1,0.0,1
0.447821051,0.313828319,0.292668104,1,0,0,0,0,1,0.5,0
0.46025151,0.337771207,0.0565037206,0,0,1,0,1,0,0.0,2
0.101235956,0.262650281,0.916377187,1,0,0,0,0,1,0.0,0
0.540719211,0.187743306,0.217067659,1,0,0,0,1,0,0.5,2
0.529502511,0.22526589,0.379027963,0,0,1,0,0,1,0.0,2
0.192071855,0.110019147,0.530891597,0,1,0,0,1,0,1.0,2
0.148647413,0.894028306,0.975880444,1,0,0,0,0,1,0.0,2
0.167393863,0.934457421,0.535268426,0,1,0,0,0,1,0.5,2
0.145976841,0.607431889,0.447743297,1,0,0,1,0,0,1.0,2
0.62922281,0.848465085,0.583638489,0,0,1,0,0,1,0.5,2
0.236658514,0.224392548,0.970808148,0,0,1,0,1,0,0.0,2
0.288858652,0.906590164,0.817944586,0,1,0,1,0,0,0.5,1
0.214893535,0.53104347,0.168968141,0,1,0,0,1,0,0.0,1
0.959943533,0.113806739,0.803260028,0,1,0,0,1,0,1.0,1
0.861886561,0.184247106,0.841099083,0,1,0,0,1,0,0.5,0
0.268970102,0.343527645,0.690694094,0,0,1,0,1,0,1.0,0
0.361187965,0.0913797021,0.657233477,0,0,1,0,0,1,1.0,1
0.249398202,0.343828708,0.440876991,0,0,1,0,1,0,0.0,2
0.517282188,0.106933914,0.64169538,0,1,0,1,0,0,0.5,2
0.0686300024,0.274226218,0.737574995,0,0,1,1,0,0,0.5,2
0.687799633,0.302386254,0.122820251,0,0,1,0,1,0,0.5,0
0.547000229,0.994650543,0.257329971,1,0,0,0,0,1,1.0,0
0.903706968,0.273769349,0.194081873,1,0,0,1,0,0,0.0,1
0.206173047,0.277227134,0.841211855,1,0,0,0,0,1,1.0,0
0.813903809,0.702449501,0.68000257,0,1,0,1,0,0,0.5,2
0.802362978,0.866389632,0.450778544,0,1,0,0,1,0,0.0,1
0.170822129,0.417702645,0.826055765,0,0,1,1,0,0,0.0,2
0.428631276,0.88183713,0.716781318,0,0,1,0,1,0,0.0,1
0.211645007,0.373134911,0.913593054,0,1,0,0,0,1,0.0,2
0.291984469,0.237165079,0.0768069997,1,0,0,1,0,0,0.0,1
0.300083876,0.363156885,0.50915736,0,0,1,1,0,0,0.5,0
0.578424573,0.628888547,0.70674789,1,0,0,0,1,0,0.5,1
0.440840393,0.398786008,0.207493186,0,0,1,0,0,1,0.5,0
0.950346172,0.689249098,0.327126235,1,0,0,0,1,0,0.5,0
0.170051634,0.275089085,0.418976247,0,0,1,0,1,0,1.0,2
0.975007534,0.715943277,0.79432559,1,0,0,0,0,1,0.0,1
0.269106716,0.380066454,0.493576199,1,0,0,0,1,0,0.0,2
0.784230232,0.483074963,0.492870033,0,1,0,0,1,0,0.5,0
0.372021437,0.579857886,0.43088761,0,0,1,0,0,1,0.5,1
0.185927331,0.701913774,0.228589088,1,0,0,1,0,0,0.0,2
0.864994705,0.276778013,0.923071563,0,1,0,0,0,1,1.0,1
0.343417853,0.844148278,0.317801118,0,0,1,0,0,1,1.0,2
0.675912619,0.735750616,0.567465663,0,1,0,0,0,1,0.0,2
0.588121474,0.272393018,0.148779735,1,0,0,0,1,0,0.5,1
0.498168498,0.976225853,0.434243381,0,0,1,0,0,1,0.0,2
0.521028519,0.681557119,0.903803527,1,0,0,0,1,0,0.5,2
0.745626032,0.479805529,0.995465219,1,0,0,0,0,1,0.0,1
0.133384272,0.199650958,0.361751854,0,1,0,0,0,1,0.0,2
0.684771657,0.55655998,0.153990552,1,0,0,0,1,0,0.5,2
0.901021481,0.206537098,0.314451516,0,0,1,0,1,0,0.0,1
0.104898788,0.458017081,0.327241778,0,1,0,1,0,0,0.0,2
0.183620676,0.438276887,0.644508779,1,0,0,1,0,0,1.0,2
0.730800331,0.733942688,0.496156722,1,0,0,0,1,0,1.0,2
0.465417564,0.232764021,0.768459737,1,0,0,1,0,0,0.5,1
0.433371186,0.830777764,0.701303303,0,1,0,0,1,0,0.0,0
0.180118307,0.359825701,0.251308709,0,0,1,1,0,0,1.0,2
0.531431556,0.471789181,0.784255683,0,1,0,1,0,0,0.5,1
0.17021805,0.78372395,0.847461879,1,0,0,0,1,0,1.0,2
0.502789438,0.644122779,0.598390162,0,1,0,0,0,1,1.0,1
0.775434554,0.342624098,0.927667737,1,0,0,0,1,0,0.0,1
0.295351148,0.416892767,0.782948136,0,1,0,1,0,0,1.0,1
0.506746888,0.340497464,0.595395923,1,0,0,1,0,0,1.0,1
0.99241519,0.61503166,0.906166017,0,1,0,0,1,0,0.0,2
0.702317894,0.365993321,0.600358486,1,0,0,1,0,0,0.5,1
0.84928894,0.739412785,0.52119112,1,0,0,0,1,0,0.0,0
0.444105238,0.600797772,0.356258333,0,1,0,1,0,0,0.0,0
0.779467881,0.188421279,0.882863343,0,1,0,1,0,0,0.5,1
0.0884837136,0.344755203,0.122727171,1,0,0,0,0,1,1.0,0
0.16676563,0.260375082,0.473502725,0,0,1,0,1,0,0.0,1
0.242917061,0.420797557,0.537413359,1,0,0,0,0,1,0.0,2
0.431854337,0.540184855,0.554749131,1,0,0,0,0,1,0.0,2
0.85345763,0.531424701,0.651889801,0,0,1,1,0,0,0.5,0
0.378952742,0.766797483,0.505795598,1,0,0,0,1,0,0.0,0
0.67189014,0.229713276,0.256818146,0,1,0,1,0,0,0.0,1
0.723848581,0.949149191,0.856944382,0,1,0,0,1,0,0.5,1
0.606873214,0.375702858,0.657525301,0,0,1,0,0,1,1.0,0
0.389379859,0.3352364,0.858187795,1,0,0,1,0,0,0.0,1
0.598200679,0.700919628,0.276043504,0,1,0,1,0,0,1.0,1
0.37515232,0.8152408,0.637056887,1,0,0,0,0,1,0.5,1
0.129680052,0.409548163,0.714173734,0,0,1,0,0,1,1.0,2
0.993163764,0.759504616,0.383405149,0,1,0,0,1,0,0.5,1
0.170823336,0.889549136,0.812244117,0,0,1,1,0,0,0.5,2
0.118730962,0.778463483,0.00250877487,1,0,0,0,0,1,1.0,1
0.884604216,0.0824866593,0.594919741,1,0,0,0,1,0,1.0,0
0.336742938,0.836000443,0.613568485,1,0,0,0,1,0,0.0,1
0.667782128,0.785756886,0.5338431,0,0,1,0,0,1,0.5,0
0.362555444,0.685825706,0.630048513,0,1,0,1,0,0,1.0,1
0.421881557,0.772021294,0.167226851,0,0,1,0,0,1,0.0,2
0.299007326,0.980454147,0.684781492,0,1,0,0,0,1,0.5,0
0.375891805,0.459557235,0.335788965,1,0,0,0,1,0,0.0,2
0.440165371,0.113862075,0.452053756,1,0,0,0,1,0,0.0,1
0.734395266,0.48784548,0.333109379,0,0,1,0,1,0,0.5,2
0.535959363,0.0941119716,0.4739362,0,1,0,0,0,1,0.0,2
0.946386933,0.329537898,0.621569216,1,0,0,0,1,0,1.0,2
0.0897863731,0.607535779,0.838343441,1,0,0,0,0,1,0.0,2
0.527914882,0.344141752,0.483435065,0,0,1,0,0,1,0.0,1
0.605013549,0.701125503,0.323223829,0,0,1,0,1,0,0.5,2
0.924187124,0.83088702,0.487941891,0,1,0,0,0,1,1.0,1
0.0967005938,0.449417233,0.688803673,1,0,0,0,1,0,1.0,2
0.594824612,0.905131042,0.346700728,0,1,0,0,0,1,1.0,1
0.860948443,0.125846982,0.414282084,0,1,0,0,0,1,1.0,1
0.27983135,0.848107517,0.562839806,0,1,0,0,1,0,0.0,2
0.88247776,0.837144494,0.294009268,0,0,1,0,0,1,1.0,1
0.0680912361,0.355894208,0.20908466,0,1,0,0,0,1,1.0,2
0.745831907,0.333779424,0.140392289,0,1,0,0,1,0,0.5,0
0.936457574,0.339840233,0.352609992,0,1,0,1,0,0,1.0,0
0.674337804,0.820824027,0.0483429059,0,0,1,0,1,0,0.5,0
0.467077792,0.840070784,0.583482504,0,0,1,1,0,0,1.0,0
0.0926369652,0.363236338,0.17590937,1,0,0,0,0,1,0.0,1
0.924108148,0.612960815,0.377394795,0,0,1,1,0,0,1.0,0
0.496781409,0.18198657,0.269222826,0,0,1,0,1,0,0.5,0
0.0775469095,0.495339811,0.630389988,0,1,0,0,0,1,1.0,2
0.705330014,0.998853207,0.850345671,1,0,0,1,0,0,0.0,1
0.507745385,0.200897187,0.63330102,0,0,1,0,1,0,0.5,2
0.168128058,0.950184524,0.542504907,1,0,0,1,0,0,0.0,2
0.253558218,0.833041966,0.669083714,0,1,0,0,1,0,1.0,2
0.111266144,0.973603904,0.0299906377,0,0,1,0,0,1,1.0,2
0.595578849,0.220599815,0.122844659,0,1,0,0,1,0,0.5,1
0.64092803,0.252842575,0.0949272364,0,1,0,1,0,0,0.0,1
0.530455172,0.0660238191,0.0981971622,1,0,0,0,0,1,0.0,2
0.826247036,0.73846674,0.260483712,0,0,1,0,0,1,0.5,0
0.867958367,0.66188997,0.532052279,1,0,0,0,1,0,1.0,1
0.634843171,0.219162166,0.114681579,0,1,0,0,0,1,1.0,2
0.0621186569,0.801587701,0.935116231,0,0,1,1,0,0,0.0,2
0.710468173,0.334235728,0.854256809,0,1,0,0,0,1,0.5,1
0.447099268,0.178245798,0.971644342,1,0,0,0,1,0,0.0,1
0.587279618,0.451434523,0.0425000452,1,0,0,0,1,0,1.0,1
0.666626573,0.136421353,0.851402462,0,1,0,0,0,1,1.0,2
0.382724792,0.300081462,0.803734064,1,0,0,1,0,0,0.0,1
0.921243608,0.402766705,0.902105868,1,0,0,0,0,1,1.0,1
0.17727612,0.85927099,0.527944148,0,1,0,0,0,1,1.0,2
0.687936246,0.802921295,0.787889063,0,0,1,0,1,0,0.5,1
0.0541415997,0.470616579,0.0512868799,0,0,1,0,0,1,0.5,1
0.928418577,0.738346279,0.0758777931,0,0,1,1,0,0,0.5,2
0.156878933,0.590217173,0.11853224,0,1,0,1,0,0,1.0,2
0.140140012,0.373799771,0.914788842,0,1,0,1,0,0,0.5,2
0.366357237,0.739580631,0.0611693487,1,0,0,1,0,0,0.0,0
0.404887974,0.699324191,0.100149527,0,0,1,1,0,0,1.0,2
0.25358507,0.638139725,0.930410385,1,0,0,0,0,1,0.0,1
0.605865598,0.637057722,0.107392579,0,1,0,1,0,0,1.0,1
0.470768392,0.69883287,0.869756281,0,0,1,1,0,0,0.0,1
0.0824668109,0.415318251,0.789270759,0,1,0,0,0,1,0.5,2
0.353669465,0.875622034,0.0402819887,1,0,0,0,0,1,1.0,0
0.819911242,0.20419246,0.0218473971,1,0,0,1,0,0,1.0,1
0.705216467,0.889691174,0.534388363,0,1,0,1,0,0,0.0,0
0.738627315,0.375167757,0.997175395,0,1,0,0,1,0,1.0,0
0.71321106,0.168780029,0.878830135,0,0,1,1,0,0,0.0,1
0.345424384,0.620026052,0.310025424,0,1,0,1,0,0,0.5,1
0.144680724,0.407187343,0.386309236,1,0,0,0,1,0,0.0,1
0.308843821,0.824724734,0.387905985,1,0,0,0,0,1,0.0,0
0.840196013,0.459246188,0.734178841,0,1,0,0,0,1,1.0,2
0.981447279,0.685134411,0.34113276,0,1,0,0,0,1,0.5,1
0.519154668,0.342845082,0.147797063,0,0,1,1,0,0,0.5,0
0.059215337,0.248979762,0.747107387,1,0,0,0,1,0,0.5,2
0.183042571,0.418646574,0.458015621,1,0,0,0,1,0,0.5,2
0.355976552,0.626467466,0.0767787248,1,0,0,1,0,0,1.0,1
0.599656105,0.674099386,0.790052295,0,1,0,1,0,0,1.0,2
0.121338964,0.599296331,0.585311294,1,0,0,1,0,0,1.0,0
0.946189463,0.988652945,0.489369333,0,1,0,1,0,0,0.5,1
0.396829486,0.706535697,0.673343182,0,0,1,0,0,1,0.0,1
0.916954994,0.934943676,0.505367696,0,1,0,0,1,0,0.5,0
0.79149574,0.162036538,0.648420155,0,0,1,0,1,0,0.5,1
0.767665386,0.108304285,0.867488563,0,0,1,0,1,0,0.5,2
0.626383603,0.345444977,0.613514364,0,1,0,0,0,1,0.0,0
0.645444632,0.179759488,0.659600496,0,0,1,0,0,1,0.0,0
0.656103075,0.54957509,0.613856077,0,1,0,0,1,0,1.0,2
0.647285342,0.543032169,0.531179786,1,0,0,0,0,1,0.5,1
0.576041818,0.59629482,0.171972409,0,1,0,0,0,1,0.5,1
0.987093329,0.757966459,0.335677654,0,0,1,0,1,0,0.5,1
0.745676041,0.97276324,0.693108976,0,0,1,1,0,0,0.5,2
0.788099051,0.88434577,0.425476104,1,0,0,0,1,0,1.0,2
0.878839672,0.162448883,0.406129003,0,1,0,1,0,0,0.0,2
0.254857779,0.371587992,0.759269297,1,0,0,0,0,1,1.0,1
0.129613951,0.293031871,0.00556886056,0,0,1,1,0,0,1.0,2
0.508749723,0.217976496,0.678994477,0,1,0,1,0,0,1.0,2
0.538376689,0.567488611,0.48922652,0,0,1,1,0,0,0.0,0
0.837722719,0.575601161,0.376762569,0,1,0,1,0,0,1.0,2
0.471594393,0.265882581,0.340536624,1,0,0,0,0,1,0.5,0
0.592310369,0.726302385,0.172875494,1,0,0,0,1,0,1.0,2
0.550717413,0.74626857,0.334252089,0,0,1,0,1,0,0.5,1
0.0862926468,0.069930993,0.391418487,1,0,0,1,0,0,1.0,2
0.634454131,0.425969809,0.437448919,1,0,0,0,1,0,1.0,2
0.836641133,0.895633638,0.672300637,0,0,1,0,1,0,0.5,2
0.199625522,0.544302702,0.453571022,0,0,1,0,1,0,0.5,2
0.614615142,0.380246401,0.796284318,0,0,1,0,1,0,0.5,0
0.613930047,0.290992349,0.639738023,0,1,0,0,0,1,0.5,2
0.205975711,0.281186789,0.189597085,0,0,1,0,1,0,0.5,2
0.16729039,0.144779637,0.277173162,0,1,0,1,0,0,0.0,2
0.981049359,0.826365113,0.0792491883,0,0,1,0,1,0,0.0,1
0.424033225,0.132324532,0.945721745,0,1,0,0,0,1,0.0,2
0.266050637,0.327680022,0.886550486,0,0,1,0,1,0,1.0,1
0.212758318,0.0933919549,0.0847962275,0,1,0,1,0,0,0.0,0
0.684221625,0.792317212,0.574075997,1,0,0,0,0,1,0.5,1
0.628973007,0.0873195007,0.960401833,0,0,1,0,1,0,0.0,1
0.661374509,0.34288606,0.747142792,0,0,1,1,0,0,0.0,1
0.133605734,0.594632506,0.491812199,0,1,0,1,0,0,1.0,2
0.898857832,0.439083278,0.241102993,1,0,0,1,0,0,0.5,1
0.419803083,0.318157524,0.279037088,1,0,0,0,1,0,1.0,0
0.347700924,0.31142962,0.736237943,0,1,0,0,0,1,0.0,1
0.489243388,0.807900786,0.780575275,0,0,1,0,1,0,0.0,1
0.420562774,0.975279212,0.528693318,1,0,0,0,0,1,1.0,1
0.870398164,0.380639017,0.120948702,0,0,1,0,0,1,1.0,2
0.932797909,0.0871882364,0.933868349,0,1,0,1,0,0,0.5,1
0.338280559,0.0847374871,0.844762743,0,0,1,1,0,0,0.0,1
0.870739043,0.771252751,0.140538782,1,0,0,1,0,0,0.5,1
0.792446971,0.574751318,0.0567275845,0,1,0,0,1,0,0.0,0
0.934267282,0.79441303,0.535867691,1,0,0,0,0,1,0.0,0
0.283462793,0.712622166,0.284142613,0,0,1,1,0,0,1.0,0
0.598111212,0.912131011,0.283249706,0,0,1,0,1,0,0.0,0
0.310817361,0.891533077,0.0872215927,0,1,0,0,0,1,0.0,0
0.832889795,0.798911035,0.95338583,1,0,0,0,0,1,0.5,0
0.0550579801,0.501429677,0.830166459,1,0,0,0,1,0,0.0,2
0.58657819,0.342720091,0.11383459,1,0,0,0,0,1,0.0,1
0.372243255,0.531675458,0.876598775,0,1,0,0,1,0,0.0,2
0.356549531,0.526968002,0.68295604,0,0,1,1,0,0,0.0,0
0.662661016,0.629761755,0.325441122,0,0,1,0,0,1,1.0,2
0.858910203,0.226792693,0.87125057,0,0,1,0,1,0,0.0,1
0.628735602,0.672838867,0.598022163,1,0,0,1,0,0,0.0,1
0.860514343,0.483770877,0.848669827,0,1,0,1,0,0,1.0,1
0.301367253,0.639194608,0.469267935,1,0,0,1,0,0,0.0,2
0.543526769,0.277624577,0.500651062,0,1,0,0,0,1,1.0,1
0.478009701,0.462675154,0.291010022,1,0,0,1,0,0,0.5,1
0.0610626563,0.249691159,0.38769269,0,1,0,1,0,0,0.0,0
0.578971565,0.881539881,0.567752063,1,0,0,1,0,0,1.0,1
0.678448081,0.513562977,0.947059214,1,0,0,0,1,0,0.5,2
0.612318695,0.263732344,0.600117743,0,1,0,0,0,1,0.0,0
0.749465883,0.0891482607,0.147378191,0,0,1,1,0,0,0.5,0
0.592772543,0.691951752,0.00699618552,0,0,1,0,0,1,0.0,1
0.113412745,0.253912479,0.850987852,0,1,0,1,0,0,1.0,2
0.160623252,0.990103066,0.364325434,0,1,0,0,1,0,1.0,0
0.61665082,0.557015359,0.314965934,0,0,1,1,0,0,1.0,2
0.311230242,0.324528158,0.800731122,1,0,0,0,0,1,1.0,1
0.125662878,0.674793541,0.945364296,0,0,1,1,0,0,1.0,2
0.458122611,0.311458915,0.748045087,0,1,0,0,0,1,0.0,1
0.576606452,0.829260588,0.173847318,1,0,0,0,0,1,1.0,1
0.362308681,0.34282425,0.391378284,0,1,0,0,1,0,0.0,0
0.734412014,0.988835335,0.75939858,0,0,1,1,0,0,0.0,1
0.661582053,0.624887526,0.906925797,1,0,0,0,0,1,0.0,1
0.36617744,0.852190614,0.998600066,0,0,1,0,1,0,0.0,1
0.767128885,0.119174697,0.511560917,0,0,1,0,0,1,0.0,1
0.666260302,0.380884439,0.822524846,0,0,1,0,1,0,0.0,2
0.65557313,0.750612736,0.0466316417,1,0,0,1,0,0,1.0,0
0.575756311,0.672306061,0.285824746,0,0,1,1,0,0,1.0,1
0.0608201846,0.23453097,0.371513397,1,0,0,1,0,0,1.0,0
0.711681843,0.388392776,0.975523829,0,0,1,1,0,0,0.0,1
0.407239705,0.300271243,0.00339364819,0,0,1,1,0,0,0.0,2
0.945479214,0.632701635,0.308020741,0,1,0,1,0,0,0.0,2
0.827085555,0.37733981,0.930412233,0,0,1,0,0,1,0.0,1
0.608309746,0.343601525,0.306678236,1,0,0,0,0,1,0.5,2
0.289572895,0.247009084,0.225066766,0,1,0,0,1,0,0.5,2
0.243531525,0.438575774,0.730088532,1,0,0,1,0,0,1.0,2
0.373365581,0.235727459,0.745338917,0,0,1,1,0,0,1.0,0
0.502739549,0.964441121,0.472177893,0,1,0,0,0,1,0.0,1
0.331262231,0.196776718,0.946917474,0,1,0,0,1,0,0.0,0
0.539183021,0.917639494,0.202707082,0,1,0,0,1,0,1.0,0
0.207101911,0.457049429,0.913415849,1,0,0,0,1,0,1.0,2
0.978827178,0.408972681,0.755508065,0,1,0,1,0,0,1.0,1
0.152528331,0.269753814,0.368208349,0,1,0,1,0,0,0.0,2
0.935346961,0.653968513,0.806908607,1,0,0,0,1,0,1.0,1
0.917899132,0.701251626,0.13320218,1,0,0,1,0,0,0.0,1
0.549092472,0.494192421,0.130982488,1,0,0,1,0,0,0.5,1
0.738664746,0.102921553,0.929937184,0,0,1,1,0,0,0.0,1
0.464245886,0.922584653,0.0947805047,1,0,0,1,0,0,1.0,1
0.648532867,0.981312692,0.00407960685,1,0,0,0,1,0,0.5,0
0.373547137,0.459491253,0.389030486,0,1,0,0,1,0,1.0,2
0.336101055,0.632977784,0.103850976,0,0,1,0,0,1,0.5,0
0.599318326,0.47778371,0.863036513,0,1,0,1,0,0,0.0,1
0.523223162,0.355785668,0.922693491,1,0,0,1,0,0,1.0,1
0.600559533,0.12345285,0.482426375,1,0,0,1,0,0,1.0,1
0.322327554,0.483264357,0.425471544,0,1,0,0,0,1,1.0,2
0.398609936,0.827465355,0.539039254,0,0,1,0,0,1,0.5,2
0.12970306,0.0661798865,0.22619462,0,0,1,0,0,1,0.0,0
0.0996625572,0.60300231,0.297965854,0,1,0,0,0,1,1.0,2
0.29078427,0.886733532,0.100977167,1,0,0,1,0,0,0.5,1
0.120534517,0.256671965,0.446450084,0,0,1,1,0,0,0.5,2
0.148585975,0.224093065,0.611691594,0,0,1,1,0,0,1.0,2
0.822281957,0.783662796,0.930223763,0,1,0,0,0,1,0.0,1
0.0869300142,0.292332113,0.739073157,0,0,1,0,1,0,0.5,2
0.675995648,0.232385054,0.723063707,1,0,0,0,1,0,0.5,1
0.308929861,0.409089774,0.307998955,0,1,0,1,0,0,1.0,2
0.877968371,0.422876924,0.888293326,0,0,1,0,1,0,1.0,1
0.510742664,0.880396008,0.946955681,1,0,0,0,0,1,1.0,0
0.340297639,0.637521327,0.932262957,1,0,0,0,0,1,1.0,1
0.541756988,0.435663372,0.0388030261,0,1,0,1,0,0,0.5,2
0.412860125,0.557668567,0.604350626,0,1,0,0,1,0,0.5,1
0.586086035,0.956266999,0.643225133,1,0,0,1,0,0,0.5,1
0.15880622,0.157553941,0.295065165,1,0,0,0,0,1,0.5,2
0.997141004,0.247329742,0.99241221,0,0,1,0,1,0,0.5,1
0.454278082,0.964402258,0.291187465,0,0,1,0,0,1,1.0,1
0.380819112,0.95945859,0.216611654,0,0,1,0,1,0,0.5,2
0.724699378,0.218307152,0.484145641,0,0,1,1,0,0,0.0,1
0.395704448,0.187853381,0.323147386,0,0,1,0,0,1,1.0,0
0.84161061,0.450030863,0.924029469,0,1,0,1,0,0,1.0,1
0.48155719,0.097232379,0.440076739,0,0,1,0,0,1,1.0,0
0.73358047,0.67215836,0.410149544,0,0,1,0,1,0,0.0,2
0.152080551,0.123621218,0.625862122,0,0,1,0,1,0,0.5,2
0.853813231,0.105128147,0.0811146721,1,0,0,0,0,1,0.5,0
0.748932064,0.510927618,0.756732941,0,0,1,0,0,1,1.0,1
0.251130939,0.95989728,0.768398821,0,1,0,0,0,1,0.0,1
0.188021705,0.455456138,0.474025846,1,0,0,0,1,0,1.0,2
0.350477725,0.388657093,0.955697954,1,0,0,1,0,0,0.5,2
0.977267087,0.998058856,0.579339087,0,0,1,1,0,0,1.0,0
0.293989986,0.55537051,0.695236444,1,0,0,0,0,1,0.0,2
0.483320862,0.406479329,0.924344957,0,0,1,1,0,0,0.5,1
0.0785192177,0.416567773,0.666345358,0,0,1,1,0,0,1.0,2
0.427366167,0.235211521,0.431825995,0,0,1,1,0,0,0.0,2
0.592754006,0.536611915,0.0247711763,0,1,0,1,0,0,0.0,2
0.955468357,0.46691227,0.72829932,1,0,0,0,1,0,0.0,2
0.540899217,0.307255536,0.964865983,1,0,0,0,1,0,0.0,1
0.828151941,0.202513084,0.470235109,1,0,0,0,1,0,0.5,2
0.56977129,0.345676929,0.339768648,1,0,0,0,0,1,0.0,1
0.0887457654,0.53324914,0.519259453,1,0,0,0,0,1,1.0,2
0.349257857,0.105416611,0.728437185,0,0,1,0,1,0,0.0,2
0.596772015,0.196056828,0.000690474466,0,0,1,1,0,0,0.5,0
0.953064263,0.950274408,0.88721174,0,0,1,0,1,0,0.5,0
0.866173863,0.565712571,0.886362851,0,1,0,1,0,0,1.0,1
0.266937822,0.110276841,0.541297913,0,1,0,1,0,0,1.0,1
0.259104341,0.70843339,0.122378767,0,1,0,0,1,0,1.0,2
0.241114318,0.108712725,0.671805799,0,1,0,0,0,1,1.0,2
0.926373959,0.751930535,0.137845665,1,0,0,1,0,0,0.0,1
0.860032856,0.762464583,0.50754714,0,1,0,1,0,0,0.0,0
0.78613925,0.66852504,0.0936299711,1,0,0,0,1,0,0.0,1
0.423098356,0.745594323,0.589065313,1,0,0,1,0,0,1.0,1
0.529161692,0.133567497,0.318069339,1,0,0,1,0,0,1.0,1
0.491115153,0.740441501,0.830991387,0,0,1,0,1,0,1.0,1
0.290728211,0.179853901,0.799946129,0,0,1,1,0,0,0.0,1
0.529776633,0.372530609,0.998473883,1,0,0,0,0,1,0.0,1
0.0789717212,0.94560802,0.257503182,0,1,0,0,0,1,1.0,2
0.175219849,0.527731717,0.0618010946,1,0,0,0,0,1,1.0,2
0.892260134,0.969055116,0.443003267,0,0,1,0,1,0,0.0,0
0.764095783,0.134476334,0.083403334,0,1,0,0,1,0,1.0,0
0.451724976,0.503678799,0.178499714,0,0,1,0,0,1,0.0,0
0.541292846,0.109282203,0.597300112,0,1,0,0,1,0,0.0,0
0.401498944,0.64869976,0.59213084,0,0,1,0,1,0,1.0,2
0.753740847,0.124771655,0.0433274768,1,0,0,0,1,0,1.0,1
0.794977844,0.21659942,0.442904741,0,0,1,0,0,1,1.0,0
0.775120914,0.295888782,0.53021872,0,1,0,0,1,0,0.5,1
0.73648113,0.761306643,0.268024236,0,0,1,0,1,0,0.5,1
0.244279116,0.205764011,0.872043192,0,1,0,0,0,1,1.0,2
0.371071488,0.854300439,0.161098644,0,0,1,0,0,1,0.5,1
0.496353149,0.175308749,0.253901809,0,0,1,0,1,0,0.0,2
0.364253342,0.0834822282,0.156994417,1,0,0,0,1,0,0.0,1
0.767193198,0.425293148,0.116546631,0,1,0,1,0,0,0.0,2
0.362885863,0.980469584,0.878979206,0,1,0,0,0,1,0.0,2
0.181320488,0.154825121,0.277859151,1,0,0,1,0,0,0.0,2
0.429088444,0.146632522,0.722524047,0,0,1,1,0,0,0.0,1
0.980918705,0.763608158,0.42798236,0,1,0,1,0,0,0.0,1
0.264587343,0.346553624,0.635873497,0,1,0,1,0,0,0.0,2
0.631550729,0.731417537,0.928176224,0,1,0,0,0,1,0.5,2
0.461324394,0.240010053,0.84460789,1,0,0,0,0,1,0.5,1
0.117473342,0.487068385,0.0689863935,1,0,0,0,0,1,1.0,2
0.513482749,0.302025378,0.845202506,0,1,0,1,0,0,0.0,2
0.717056096,0.478951812,0.451823503,0,0,1,0,0,1,0.0,2
0.537558973,0.780642211,0.350145727,0,0,1,0,0,1,0.0,2
0.87850076,0.77390945,0.672387898,1,0,0,0,0,1,0.5,2
0.32449016,0.53998369,0.950207889,0,0,1,0,1,0,1.0,1
0.131936714,0.931953251,0.0941355005,1,0,0,1,0,0,0.5,2
0.93973732,0.300594896,0.768077016,0,1,0,0,0,1,0.0,1
0.409286529,0.278295785,0.203508034,0,1,0,0,0,1,0.5,2
0.597585261,0.633116066,0.380136132,0,1,0,1,0,0,0.5,2
0.802402973,0.640232205,0.873822987,1,0,0,1,0,0,0.5,1
0.35809797,0.0942130387,0.545799196,0,0,1,0,0,1,0.5,1
0.730356336,0.627388835,0.0674566478,0,1,0,0,1,0,0.0,0
0.178647906,0.405714363,0.508048534,0,0,1,0,0,1,0.0,2
0.326729059,0.760070384,0.789641917,0,0,1,0,1,0,0.5,1
0.1874751,0.817700386,0.528880596,1,0,0,1,0,0,0.0,2
0.820669055,0.574546158,0.166889235,1,0,0,1,0,0,0.5,1
0.26151678,0.0516197793,0.44504106,0,0,1,0,1,0,1.0,2
0.731533349,0.654547513,0.924345374,0,0,1,1,0,0,1.0,1
0.946133494,0.761437237,0.658204019,0,1,0,0,1,0,0.0,1
0.551383615,0.286534101,0.729886532,0,1,0,0,0,1,0.0,1
0.56302774,0.491413713,0.785936534,0,1,0,0,0,1,0.0,1
0.487981886,0.967440307,0.0906934217,0,0,1,1,0,0,0.5,1
0.359595627,0.333209783,0.581536531,1,0,0,1,0,0,1.0,0
0.501872301,0.261995584,0.3759152,0,0,1,1,0,0,1.0,1
0.622667134,0.25031206,0.139159158,0,1,0,0,1,0,0.0,2
0.986692011,0.580860794,0.202709556,0,1,0,1,0,0,1.0,0
0.940876305,0.952297747,0.781160474,1,0,0,0,0,1,0.0,1
0.869045317,0.628255606,0.161489099,0,0,1,0,0,1,0.0,0
0.894674003,0.338156968,0.31241861,0,1,0,0,0,1,1.0,2
0.494456738,0.656641304,0.284873337,1,0,0,0,1,0,1.0,0
0.67457211,0.643600166,0.0486303642,0,1,0,0,0,1,0.5,0
0.900313377,0.6170789,0.462158442,1,0,0,0,0,1,0.0,2
0.423303217,0.201454893,0.765929818,0,0,1,1,0,0,0.5,2
0.963674366,0.652838469,0.0221526325,1,0,0,0,0,1,0.5,1
0.444996744,0.458656222,0.112551451,0,0,1,1,0,0,1.0,1
0.621028543,0.0676624551,0.720186651,0,0,1,0,0,1,1.0,2
0.724314451,0.562776268,0.593580961,0,1,0,0,0,1,1.0,2
0.953062415,0.989803433,0.715247631,0,0,1,1,0,0,0.5,0
0.282385468,0.382252604,0.230103955,0,1,0,1,0,0,1.0,2
0.758824408,0.967281282,0.803768754,0,1,0,0,0,1,1.0,1
0.54477483,0.14139545,0.479871064,0,0,1,0,1,0,0.0,2
0.30512929,0.745827615,0.610301971,1,0,0,0,1,0,1.0,1
0.78777647,0.158613488,0.0921534151,0,0,1,1,0,0,0.0,1
0.574611187,0.309892982,0.205031589,0,0,1,1,0,0,0.5,1
0.67792511,0.592298806,0.773357868,1,0,0,0,0,1,0.0,1
0.356756002,0.613140702,0.223908439,0,1,0,0,1,0,1.0,2
0.507210255,0.786450744,0.0925298259,0,1,0,0,1,0,0.0,2
0.63648653,0.634545863,0.597203255,0,0,1,0,0,1,1.0,0
0.434665263,0.61393398,0.547936499,1,0,0,0,1,0,0.5,1
0.23845391,0.916735411,0.607893944,1,0,0,0,0,1,0.0,2
0.963558495,0.479552716,0.618305504,1,0,0,0,0,1,1.0,0
0.535894156,0.264002502,0.500197351,1,0,0,1,0,0,1.0,1
0.747224331,0.203699157,0.493773907,0,0,1,0,0,1,0.0,2
0.440494835,0.429994881,0.924165547,0,0,1,0,1,0,0.0,1
0.387375176,0.727115095,0.533881724,0,1,0,0,1,0,0.5,2
0.436806083,0.0904163122,0.617300212,1,0,0,0,0,1,1.0,2
0.438736826,0.172600716,0.266969383,0,0,1,1,0,0,1.0,1
0.566971123,0.150807783,0.871093214,0,0,1,0,1,0,0.0,1
0.566296399,0.605987668,0.0243680924,1,0,0,1,0,0,0.0,1
0.522296131,0.280721426,0.557226777,1,0,0,0,0,1,0.5,2
0.178046495,0.20794645,0.383850306,0,1,0,0,0,1,0.0,2
0.521271706,0.613132179,0.603904188,1,0,0,0,1,0,0.0,2
0.210648701,0.773244441,0.360172063,0,1,0,0,1,0,0.5,2
0.169828996,0.36554718,0.717687905,0,1,0,1,0,0,0.0,1
0.93601346,0.599294364,0.0203314424,1,0,0,0,0,1,1.0,2
0.624702513,0.143218189,0.405889452,1,0,0,1,0,0,1.0,1
0.676515579,0.938431501,0.831263602,0,0,1,0,1,0,0.5,1
0.431703985,0.370051384,0.250200719,1,0,0,0,1,0,0.5,0
0.91353184,0.997630417,0.052750878,1,0,0,1,0,0,0.5,1
0.656033993,0.979658365,0.496524066,0,1,0,0,0,1,0.0,2
0.780711353,0.789882302,0.976533473,1,0,0,0,1,0,0.0,1
0.400134355,0.069063738,0.0641585588,0,0,1,0,0,1,1.0,2
0.962011278,0.566301167,0.0700564906,0,0,1,0,1,0,0.5,0
0.82943821,0.132494599,0.595116556,1,0,0,0,0,1,0.5,1
0.861251056,0.900381148,0.250067711,1,0,0,0,1,0,0.5,0
0.213584557,0.800154448,0.410231233,0,1,0,0,0,1,1.0,2
0.307415038,0.973723352,0.830507159,1,0,0,0,0,1,0.5,0
0.32134527,0.627963781,0.19884868,0,1,0,0,1,0,1.0,1
0.307363749,0.546064138,0.719299912,1,0,0,0,0,1,0.5,0
0.862637758,0.543025136,0.504485488,0,1,0,0,0,1,1.0,0
0.080290556,0.41712597,0.904957712,0,0,1,0,1,0,1.0,0
0.122294992,0.49525556,0.972962022,1,0,0,1,0,0,0.0,1
0.310219139,0.653641939,0.484960794,1,0,0,0,1,0,1.0,1
0.239879325,0.936300218,0.584647059,0,1,0,1,0,0,0.5,2
0.270266622,0.616090119,0.745842516,0,1,0,0,1,0,0.5,2
0.808046043,0.864260137,0.318674147,1,0,0,1,0,0,1.0,1
0.584970236,0.869640887,0.226740345,0,1,0,1,0,0,1.0,1
0.0554821268,0.542891026,0.964685202,1,0,0,0,1,0,0.0,2
0.457856625,0.380096167,0.432615399,0,0,1,0,0,1,1.0,2
0.437490672,0.657595158,0.00159082655,0,1,0,0,1,0,0.0,1
0.158248007,0.47358349,0.837718308,1,0,0,1,0,0,0.5,2
0.692334712,0.127368823,0.599664152,0,0,1,1,0,0,0.0,1
0.716992319,0.408918649,0.168558568,1,0,0,1,0,0,1.0,1
0.734848559,0.994368553,0.030139694,1,0,0,0,1,0,0.5,0
0.742047369,0.0960862786,0.291482419,0,0,1,1,0,0,1.0,2
0.0500501841,0.711833537,0.927887082,0,1,0,0,0,1,1.0,2
0.95622474,0.84912926,0.93349117,0,0,1,0,0,1,0.5,1
0.823498309,0.666289628,0.311003476,1,0,0,0,0,1,0.0,1
0.908782601,0.591260791,0.835931003,0,0,1,0,1,0,0.0,1
0.0648611337,0.722176671,0.441845328,1,0,0,0,0,1,0.0,0
0.937165856,0.457875609,0.654344738,0,0,1,0,1,0,0.0,0
0.819299102,0.136793643,0.334443867,0,1,0,1,0,0,0.0,2
0.845358193,0.964253187,0.515972614,0,0,1,0,1,0,0.0,0
0.138623014,0.46068573,0.293779433,0,0,1,0,0,1,0.5,2
0.751839101,0.682119787,0.0611143634,0,1,0,0,1,0,1.0,1
0.961920857,0.554744899,0.13937819,1,0,0,0,1,0,0.5,0
0.694619954,0.101939417,0.290674508,0,0,1,0,1,0,1.0,1
0.592033327,0.955109298,0.976253808,1,0,0,0,1,0,0.5,1
0.948348165,0.802910388,0.965672135,0,0,1,1,0,0,1.0,1
0.470790267,0.191643,0.827663362,0,1,0,0,1,0,1.0,2
0.619328916,0.982566416,0.232506052,0,0,1,0,1,0,0.5,2
0.502521396,0.750056326,0.441602141,1,0,0,0,1,0,0.0,1
0.936203897,0.498705566,0.439782828,1,0,0,1,0,0,1.0,0
0.122280493,0.630801558,0.386973232,0,1,0,1,0,0,0.5,2
0.52606374,0.151399851,0.0448803045,1,0,0,1,0,0,1.0,0
0.70260483,0.582390964,0.534527361,0,1,0,0,1,0,0.0,1
0.802311182,0.119978018,0.072811991,0,1,0,0,1,0,1.0,1
0.60386771,0.567612469,0.801918685,1,0,0,1,0,0,0.0,1
0.913471878,0.575060904,0.691307127,1,0,0,0,1,0,1.0,1
0.94489187,0.88071686,0.35273701,0,1,0,0,1,0,0.0,2
0.111103259,0.738804638,0.64713639,1,0,0,1,0,0,1.0,2
0.43225202,0.287074775,0.23303701,0,1,0,1,0,0,0.0,1
0.0722860694,0.894004822,0.265250057,0,0,1,0,0,1,1.0,1
0.362945825,0.594580531,0.314133525,1,0,0,1,0,0,0.5,1
0.560024798,0.626060486,0.797011614,1,0,0,1,0,0,1.0,0
0.915255189,0.210532308,0.210691348,0,1,0,1,0,0,0.0,1
0.854226589,0.864884913,0.562781215,0,0,1,1,0,0,0.0,0
0.171124741,0.934416831,0.20046711,0,0,1,0,1,0,1.0,2
0.138378859,0.786241114,0.285037428,1,0,0,1,0,0,1.0,2
0.609803975,0.943714857,0.235481292,0,1,0,0,1,0,1.0,0
0.555512071,0.337184906,0.64500469,0,1,0,0,1,0,0.0,0
0.303058773,0.868063211,0.526728928,1,0,0,1,0,0,0.5,1
0.904480457,0.514448464,0.721299171,0,0,1,1,0,0,0.5,1
0.930998087,0.205721349,0.219943434,0,1,0,0,0,1,0.5,0
0.432480872,0.685360551,0.00914853532,0,1,0,0,1,0,0.0,1
0.895787418,0.699914277,0.680509567,1,0,0,1,0,0,0.0,1
0.41475144,0.322578281,0.114853956,1,0,0,0,1,0,0.5,0
0.749975979,0.076118663,0.246305227,0,0,1,0,0,1,0.5,1
0.502145112,0.239854902,0.305686146,0,0,1,1,0,0,0.0,2
0.166454002,0.429788679,0.746802092,0,1,0,0,0,1,0.0,2
0.931537509,0.209184766,0.625891805,1,0,0,0,1,0,0.0,2
0.481391758,0.234328449,0.184265435,1,0,0,0,0,1,0.0,0
0.74776268,0.421821117,0.597887814,1,0,0,0,0,1,0.0,1
0.398815125,0.963697255,0.708148003,0,0,1,0,1,0,0.0,1
0.0679368377,0.776031315,0.38889721,0,0,1,0,1,0,0.5,2
0.145503834,0.353760988,0.245952919,0,1,0,0,1,0,0.0,2
0.521408498,0.954023838,0.678982794,1,0,0,0,1,0,1.0,2
0.705466151,0.66336447,0.610891223,0,0,1,0,1,0,0.0,0
0.36799857,0.482677162,0.0779121593,1,0,0,0,1,0,0.0,0
0.710714042,0.494885176,0.666679621,0,0,1,0,0,1,0.5,0
0.713703811,0.440207243,0.48851794,1,0,0,0,1,0,0.5,0
0.718739092,0.271342456,0.753368974,0,1,0,0,1,0,0.0,2
0.517895758,0.417300582,0.190717548,0,0,1,0,1,0,0.0,2
0.919141829,0.551501572,0.258216411,0,0,1,0,1,0,1.0,0
0.514736712,0.551625967,0.543312728,0,1,0,1,0,0,0.5,2
0.47775194,0.77365005,0.481733531,0,1,0,0,0,1,0.5,0
0.239411771,0.390857965,0.386365384,1,0,0,0,0,1,0.0,0
0.342272341,0.730958104,0.746033311,0,0,1,1,0,0,0.0,1
0.0902177691,0.599187255,0.564751565,1,0,0,0,0,1,1.0,2
0.651858509,0.963753164,0.710271835,1,0,0,0,0,1,1.0,1
0.286108971,0.416020691,0.153254956,1,0,0,0,1,0,1.0,1
0.338947505,0.906155646,0.72898829,0,0,1,0,0,1,1.0,1
0.782273769,0.829610407,0.461528122,0,1,0,1,0,0,1.0,0
0.360860109,0.65578109,0.0337679349,1,0,0,0,0,1,0.0,0
0.2800861,0.671788752,0.234491557,0,0,1,1,0,0,0.0,1
0.210604861,0.130417436,0.0257563926,1,0,0,1,0,0,0.5,2
0.786115468,0.95271337,0.45687452,0,1,0,0,0,1,0.5,1
0.173220947,0.15158926,0.325879753,0,1,0,0,1,0,0.5,2
0.481066078,0.585071623,0.987449586,0,0,1,1,0,0,0.0,1
0.531583607,0.363567263,0.868504107,0,0,1,0,0,1,0.5,0
0.703020394,0.45835939,0.825670838,0,1,0,0,0,1,0.5,1
0.651619315,0.629673839,0.501116574,0,0,1,0,1,0,1.0,1
0.820184648,0.913408816,0.807087481,0,1,0,0,1,0,1.0,2
0.0925138593,0.484688759,0.266869634,1,0,0,0,0,1,0.5,2
0.331618696,0.98834306,0.560649455,0,1,0,0,1,0,1.0,1
0.316127419,0.613171458,0.39291805,1,0,0,1,0,0,0.5,1
0.188716054,0.202526242,0.171341911,0,0,1,0,0,1,1.0,2
0.32471934,0.230508834,0.072613433,1,0,0,0,1,0,0.0,0
0.344277054,0.730305493,0.55821836,0,1,0,0,0,1,0.0,2
0.545790255,0.0978779048,0.097639136,0,0,1,0,1,0,0.0,1
0.680519283,0.50632447,0.718003094,0,0,1,1,0,0,0.5,1
0.412045479,0.190808147,0.921468496,0,1,0,0,0,1,0.5,1
0.733496726,0.461557716,0.162106112,0,0,1,0,1,0,0.5,0
0.369357079,0.762421548,0.470938593,0,1,0,1,0,0,1.0,1
0.325769484,0.485872269,0.738774598,1,0,0,1,0,0,0.5,1
0.564128637,0.205278561,0.286839664,1,0,0,0,1,0,0.5,2
0.0725305453,0.289329112,0.920764506,0,0,1,0,0,1,0.0,2
0.125799671,0.39916262,0.888465583,0,1,0,0,1,0,0.5,2
0.447071075,0.116083123,0.103754357,0,1,0,0,1,0,1.0,1
0.945767105,0.605120778,0.0273997709,1,0,0,1,0,0,0.0,1
0.735436201,0.627157092,0.97645849,1,0,0,0,1,0,0.0,1
0.133720234,0.109044328,0.956475019,0,0,1,0,1,0,1.0,2
0.854002118,0.432195753,0.422285616,0,1,0,0,0,1,0.5,1
0.745685756,0.443300635,0.0505633242,0,0,1,0,1,0,0.0,2
0.630399227,0.367128581,0.618875563,0,0,1,0,0,1,0.0,1
0.82927829,0.57985276,0.293410093,0,0,1,0,1,0,0.5,0
0.43390435,0.378659606,0.936722994,0,1,0,1,0,0,1.0,2
0.260425985,0.445588827,0.794661939,1,0,0,0,1,0,0.5,1
0.536422193,0.807647347,0.649593771,0,1,0,0,0,1,1.0,2
0.571399689,0.204003885,0.284503847,0,1,0,0,0,1,0.5,0
0.561410069,0.638158977,0.701268554,0,1,0,0,1,0,0.0,0
0.586820126,0.530314684,0.289168268,0,0,1,0,1,0,0.5,1
0.951269686,0.33981806,0.0376309827,0,0,1,0,1,0,0.5,0
0.907133341,0.741157949,0.508434594,0,1,0,0,0,1,0.0,2
0.881931186,0.573628962,0.488684535,0,0,1,0,0,1,0.0,0
0.811345994,0.503493428,0.763005972,0,0,1,1,0,0,1.0,1
0.946256697,0.68428582,0.8656739,1,0,0,0,1,0,1.0,1
0.143569916,0.81217581,0.354468495,0,1,0,0,0,1,0.5,1
0.301867098,0.974035323,0.449473023,0,1,0,0,0,1,0.5,1
0.52030313,0.647882879,0.470400423,0,0,1,0,0,1,0.0,2
0.854207754,0.880717993,0.324224085,0,1,0,0,0,1,0.0,1
0.529907405,0.0510369651,0.743386924,0,1,0,1,0,0,0.5,1
0.760632992,0.553723931,0.522101164,0,1,0,0,0,1,0.5,2
0.182011917,0.253915161,0.913955748,0,1,0,0,0,1,0.5,2
0.289793134,0.139482841,0.650310755,0,0,1,0,1,0,1.0,2
0.745187283,0.555372477,0.211896554,1,0,0,1,0,0,0.5,1
0.206497312,0.759485185,0.164808646,0,0,1,1,0,0,0.0,2
0.383788139,0.441658884,0.37238434,1,0,0,1,0,0,0.5,1
0.301622957,0.686602056,0.34692654,0,1,0,0,1,0,0.0,2
0.382368624,0.515233278,0.407131821,0,1,0,1,0,0,0.0,0
0.722907841,0.465231568,0.183591068,0,1,0,0,0,1,1.0,2
0.399454832,0.325743794,0.978222668,0,1,0,1,0,0,0.0,2
0.577500165,0.413463831,0.145709768,0,1,0,0,0,1,1.0,0
0.14493528,0.382305861,0.652648747,0,1,0,1,0,0,0.5,2
0.814766824,0.663877845,0.0130692348,0,1,0,1,0,0,0.0,0
0.401394188,0.160217583,0.406961024,1,0,0,0,0,1,0.5,0
0.666107476,0.138004556,0.309183389,0,0,1,0,1,0,0.5,1
0.739120126,0.677012324,0.382024646,0,1,0,0,1,0,0.0,2
0.249177873,0.568983138,0.498077333,0,1,0,0,1,0,0.5,2
0.890441239,0.458690077,0.600374997,0,1,0,0,0,1,0.0,0
0.635413051,0.194820747,0.583511353,1,0,0,0,0,1,0.0,0
0.457288891,0.440475762,0.630713642,0,1,0,1,0,0,0.5,2
0.223218426,0.800245166,0.844547689,0,0,1,1,0,0,0.0,2
0.9451859,0.895140171,0.886717141,1,0,0,0,0,1,1.0,1
0.767314792,0.717447758,0.737250328,1,0,0,1,0,0,1.0,1
0.247623339,0.106916569,0.0789422393,0,1,0,1,0,0,0.5,2
0.370825231,0.686889291,0.961292386,1,0,0,0,1,0,0.0,2
0.819190562,0.278936297,0.947398067,0,1,0,0,0,1,0.5,1
0.71089381,0.349488676,0.711703777,0,0,1,0,1,0,0.5,2
0.777495086,0.236079544,0.517439067,0,0,1,1,0,0,0.0,1
0.469141036,0.786967993,0.250618368,1,0,0,1,0,0,0.5,1
0.730652452,0.666172028,0.756351113,1,0,0,0,1,0,0.0,1
0.417169034,0.631243289,0.877860188,0,1,0,0,0,1,0.0,1
0.250699759,0.684574008,0.665187597,1,0,0,1,0,0,0.5,1
0.651043177,0.274933636,0.629072607,0,0,1,0,0,1,1.0,1
0.977213204,0.472412199,0.193004698,1,0,0,0,1,0,1.0,0
0.345070928,0.651591063,0.35779652,0,0,1,1,0,0,1.0,1
0.487921119,0.654764354,0.723136246,0,1,0,0,1,0,0.0,1
0.690301299,0.802259266,0.0168987382,0,0,1,0,0,1,0.5,2
0.564430952,0.32274878,0.64126426,1,0,0,1,0,0,0.0,1
0.85125643,0.781819344,0.766670287,0,0,1,0,0,1,0.5,2
0.773655593,0.468175262,0.334704489,0,0,1,0,0,1,0.0,0
0.105382346,0.686664045,0.0761677697,1,0,0,1,0,0,0.5,2
0.998500168,0.482933402,0.819119394,0,1,0,0,1,0,1.0,2
0.76478231,0.951179683,0.141836837,0,0,1,1,0,0,1.0,0
0.870708168,0.220337152,0.370801091,1,0,0,0,0,1,1.0,2
0.668637812,0.691254854,0.707254112,0,0,1,0,0,1,1.0,2
0.863470852,0.597708225,0.816985965,0,0,1,0,0,1,0.5,1
0.156763822,0.21409449,0.862381935,0,0,1,1,0,0,0.5,2
0.380350947,0.11270602,0.530417204,0,1,0,0,0,1,1.0,2
0.88259989,0.809187174,0.475871682,0,0,1,1,0,0,0.5,1
0.241572455,0.199578762,0.848317266,1,0,0,1,0,0,0.0,2
0.124329992,0.227181345,0.563077092,1,0,0,0,0,1,0.5,2
0.798712969,0.979512513,0.578650713,0,0,1,0,0,1,0.5,2
0.843711853,0.731397808,0.433973372,0,1,0,0,0,1,0.0,2
0.204519615,0.287962496,0.37281397,1,0,0,0,1,0,1.0,0
0.861628711,0.611401498,0.480540872,0,1,0,0,1,0,0.0,2
0.702429414,0.557406247,0.364847481,0,1,0,0,1,0,1.0,2
0.544078529,0.852249622,0.34354645,1,0,0,0,0,1,0.0,2
0.838737667,0.742854714,0.993664324,1,0,0,0,0,1,1.0,2
0.448286802,0.840135098,0.336213499,0,1,0,0,1,0,0.0,2
0.234294266,0.250931263,0.256383747,0,0,1,1,0,0,0.5,2
0.320610046,0.658208251,0.353924096,0,1,0,0,1,0,0.0,1
0.529905796,0.0882288143,0.590781331,1,0,0,0,1,0,0.0,2
0.554764271,0.115493581,0.910990477,0,1,0,1,0,0,1.0,1
0.815301776,0.727850676,0.787864268,1,0,0,0,1,0,1.0,1
0.801785111,0.0731991008,0.842241168,0,0,1,0,1,0,0.5,1
0.6022982,0.600776732,0.85900861,0,0,1,0,1,0,0.0,2
0.791746199,0.848384857,0.920528412,0,0,1,1,0,0,0.5,1
0.232184783,0.41094473,0.235071227,0,0,1,1,0,0,1.0,2
0.0975612998,0.0925984159,0.458366036,0,0,1,0,1,0,0.0,2
0.879952133,0.728155077,0.385197669,1,0,0,0,0,1,0.5,1
0.121776767,0.933202147,0.381877005,0,1,0,0,1,0,0.5,2
0.284354001,0.731312811,0.652283669,0,0,1,1,0,0,1.0,1
0.71055299,0.599524856,0.401803046,1,0,0,1,0,0,0.0,0
0.438975543,0.268527389,0.616330326,0,1,0,1,0,0,1.0,1
0.882498264,0.0646068454,0.382279366,0,1,0,0,0,1,1.0,1
0.333080798,0.709938526,0.311128169,0,0,1,0,0,1,0.0,0
0.0612777807,0.269474864,0.353077173,0,0,1,0,0,1,0.0,2
0.335622847,0.865254521,0.803757071,0,1,0,0,1,0,1.0,1
0.599171281,0.493045926,0.601051033,0,1,0,1,0,0,1.0,0
0.407141447,0.554103792,0.973997712,1,0,0,0,1,0,0.0,1
0.558129132,0.766239703,0.832656205,0,0,1,0,1,0,0.5,2
0.882768214,0.790459096,0.485780597,0,1,0,0,0,1,0.5,2
0.916860819,0.660518289,0.242376342,0,1,0,0,1,0,0.0,0
0.302675366,0.941510201,0.673909128,0,0,1,0,0,1,0.0,0
0.489033461,0.983183503,0.726646006,1,0,0,0,0,1,0.0,1
0.571686804,0.949541152,0.464175969,1,0,0,1,0,0,0.5,1
0.951656818,0.832970202,0.229922131,0,0,1,1,0,0,0.0,2
0.998686433,0.720343947,0.55723834,1,0,0,0,1,0,1.0,1
0.273636878,0.680159569,0.253829241,1,0,0,0,1,0,0.0,0
0.740630865,0.14856267,0.939998329,1,0,0,1,0,0,0.0,0
0.4091295,0.307910144,0.628884256,0,1,0,0,1,0,1.0,0
0.0577027872,0.0554038137,0.291930974,0,1,0,1,0,0,0.0,2
0.0587898977,0.18053937,0.215730682,1,0,0,1,0,0,1.0,2
0.487537712,0.46726799,0.716723263,0,0,1,0,0,1,0.5,0
0.513918161,0.189209729,0.707793295,0,0,1,1,0,0,0.5,1
0.0714412108,0.906580269,0.597132206,0,0,1,1,0,0,0.0,2
0.702581048,0.81541425,0.614301026,1,0,0,0,0,1,0.5,1
0.329303205,0.118031316,0.603869021,0,0,1,0,0,1,0.0,1
0.581898451,0.286468029,0.360103458,0,1,0,0,0,1,0.0,0
0.335873127,0.828118265,0.937414408,0,0,1,0,0,1,1.0,1
0.208777606,0.812893808,0.479278475,0,0,1,1,0,0,1.0,2
0.436815053,0.948177993,0.0203278996,0,1,0,1,0,0,0.0,0
0.270659685,0.997670352,0.348361343,0,1,0,1,0,0,0.5,1
0.558060944,0.97745657,0.130282581,1,0,0,1,0,0,0.0,1
0.238887101,0.439631075,0.3633838,1,0,0,1,0,0,0.5,2
0.532985687,0.287812024,0.608262479,1,0,0,1,0,0,1.0,1
0.199509591,0.770489693,0.0226644743,1,0,0,0,0,1,0.5,2
0.687425971,0.33430925,0.870200515,1,0,0,1,0,0,0.0,1
0.766240776,0.816080332,0.610309124,0,1,0,0,0,1,0.5,1
0.154874519,0.557256997,0.29537189,0,1,0,0,0,1,0.5,2
0.494412303,0.804230928,0.311205178,0,1,0,1,0,0,0.0,1
0.117328115,0.312085897,0.465668172,0,0,1,0,0,1,1.0,2
0.618273318,0.532625973,0.248091802,0,0,1,1,0,0,0.0,1
0.301184088,0.585822582,0.00434192782,0,0,1,0,1,0,1.0,0
0.551243246,0.945952654,0.0265574474,1,0,0,0,0,1,0.5,0
0.541587949,0.303267688,0.35774067,0,0,1,0,1,0,1.0,2
0.928136647,0.939853847,0.124221675,1,0,0,0,0,1,0.5,0
0.571629047,0.814615965,0.0223636739,1,0,0,1,0,0,1.0,1
0.603848577,0.74434936,0.859269261,1,0,0,1,0,0,0.0,2
0.43157047,0.797526777,0.274137318,1,0,0,1,0,0,0.5,2
0.951625645,0.62515378,0.503122568,0,0,1,1,0,0,0.0,2
0.788326621,0.281875998,0.179409087,0,1,0,0,0,1,0.0,2
0.321135014,0.230020225,0.0467249714,1,0,0,1,0,0,1.0,1
0.851999104,0.873024344,0.744866312,0,0,1,0,1,0,0.0,1
0.460776538,0.738882422,0.124956854,1,0,0,0,0,1,1.0,2
0.837233782,0.252544075,0.0257169027,1,0,0,0,1,0,1.0,1
0.831743658,0.634338677,0.587230325,0,1,0,1,0,0,0.5,0
0.229426682,0.475169152,0.0134675726,1,0,0,1,0,0,0.0,1
0.716084063,0.200722411,0.436285943,0,1,0,1,0,0,0.0,2
0.32611081,0.555264235,0.288836062,0,0,1,0,0,1,0.0,0
0.332618028,0.317443132,0.319417983,1,0,0,0,1,0,0.0,2
0.33153066,0.141431913,0.00389904319,0,1,0,1,0,0,1.0,1
0.73928982,0.493610382,0.964346051,1,0,0,1,0,0,1.0,1
0.268334746,0.610603154,0.516963124,1,0,0,1,0,0,0.0,0
0.0508605428,0.0945610926,0.57251215,1,0,0,0,0,1,1.0,2
0.729475021,0.43198812,0.666122496,0,1,0,0,0,1,1.0,0
0.212625504,0.294778824,0.79752177,0,0,1,1,0,0,0.0,2
0.149258271,0.0791180581,0.607909143,0,1,0,0,1,0,1.0,2
0.275640309,0.169379428,0.762198091,0,0,1,1,0,0,0.0,1
0.41090551,0.182082444,0.448735297,0,1,0,0,0,1,0.5,0
0.502111018,0.223730534,0.371275127,0,1,0,1,0,0,1.0,0
0.0923415422,0.813208699,0.823133886,0,0,1,0,1,0,0.5,2
0.972044647,0.467517287,0.86531055,0,0,1,0,0,1,0.5,1
0.730259895,0.189731687,0.137806669,0,0,1,0,1,0,0.5,0
0.357034355,0.14528212,0.542660177,0,1,0,0,1,0,1.0,2
0.352762401,0.333043426,0.683642447,0,0,1,1,0,0,0.0,0
0.476115435,0.808114767,0.0835987329,1,0,0,0,0,1,0.0,1
0.644932568,0.396236867,0.929596841,1,0,0,0,0,1,0.5,2
0.189054415,0.201902494,0.520109773,1,0,0,0,0,1,0.5,2
0.229483321,0.43391037,0.645457447,1,0,0,0,1,0,0.5,0
0.866462827,0.577546,0.178242743,0,0,1,0,0,1,0.5,0
0.29344219,0.0781049728,0.264434695,0,0,1,0,1,0,1.0,2
0.411185235,0.646259725,0.121001214,1,0,0,0,0,1,1.0,2
0.877708256,0.425345719,0.263998717,0,0,1,1,0,0,0.5,1
0.679990411,0.0592395812,0.492396772,1,0,0,0,1,0,1.0,0
0.374626279,0.690194905,0.833629608,0,1,0,1,0,0,0.5,2
0.699514568,0.726768255,0.533723414,0,0,1,1,0,0,0.0,2
0.0686990544,0.647397816,0.244463593,0,1,0,1,0,0,0.5,2
0.748860538,0.374833703,0.0446210764,0,0,1,1,0,0,1.0,0
0.512665212,0.553124607,0.621969819,0,0,1,0,1,0,0.0,2
0.822523057,0.41779983,0.420159906,0,0,1,0,0,1,1.0,0
0.956905782,0.715590656,0.98435384,0,1,0,0,1,0,1.0,1
0.929499149,0.604401171,0.779759884,0,1,0,1,0,0,1.0,1
0.913801789,0.127709165,0.808362842,1,0,0,1,0,0,0.0,1
0.53656143,0.660938859,0.0122350231,0,1,0,0,0,1,0.5,0
0.392134994,0.702876508,0.777795315,0,1,0,1,0,0,0.0,1
0.491783559,0.402167082,0.194613308,1,0,0,0,1,0,0.0,0
0.705401182,0.881996512,0.585795879,0,1,0,0,1,0,1.0,0
0.889797866,0.850863636,0.447421581,0,1,0,0,1,0,0.0,0
0.246636987,0.216408193,0.571603835,1,0,0,0,1,0,0.0,2
0.92228353,0.909052968,0.133443534,0,1,0,1,0,0,1.0,2
0.824421227,0.468828768,0.456891686,1,0,0,0,0,1,0.5,1
0.979913235,0.73756218,0.0369446874,0,0,1,0,1,0,0.0,1
0.886239171,0.823392153,0.0409993492,0,0,1,1,0,0,1.0,1
0.31594047,0.529856801,0.657738149,0,1,0,0,1,0,0.5,1
0.150658116,0.429146856,0.951698363,0,0,1,0,0,1,0.5,2
0.156629011,0.919678807,0.777392924,0,1,0,1,0,0,0.5,2
0.326662153,0.269310862,0.469155788,1,0,0,0,1,0,0.5,1
0.633474529,0.294121563,0.0558707416,1,0,0,0,0,1,0.0,1
0.814104319,0.39353931,0.0450201482,1,0,0,1,0,0,0.0,0
0.904287815,0.86649251,0.157892257,0,0,1,1,0,0,1.0,1
0.642565727,0.941848874,0.975810528,1,0,0,0,1,0,0.0,1
0.0553497486,0.259064317,0.398661077,1,0,0,1,0,0,0.0,2
0.227000937,0.870676637,0.843407273,0,1,0,1,0,0,0.0,2
0.144739896,0.295292825,0.705142438,0,1,0,0,1,0,0.5,0
0.395158261,0.972109199,0.605428636,0,1,0,0,1,0,0.0,2
0.526283443,0.617537498,0.947826087,0,1,0,1,0,0,1.0,1
0.0912273228,0.0567321442,0.230411574,1,0,0,0,1,0,0.0,2
0.381054074,0.0824234113,0.454889655,0,1,0,0,1,0,0.5,1
0.220220685,0.190110311,0.864722967,0,0,1,1,0,0,1.0,0
0.664716661,0.228194505,0.551761329,0,0,1,0,1,0,0.5,0
0.491058737,0.779238164,0.246445134,0,0,1,0,0,1,0.0,1
0.520551741,0.261627585,0.208916411,0,1,0,1,0,0,1.0,0
0.456307203,0.970684528,0.752880991,1,0,0,1,0,0,0.5,2
0.958218753,0.654306471,0.0127888946,0,1,0,0,0,1,0.5,2
0.253998369,0.707891643,0.91419208,0,0,1,0,1,0,0.5,0
0.540831029,0.256925702,0.018417988,0,1,0,0,1,0,0.0,1
0.749216497,0.898070991,0.630989075,0,0,1,0,1,0,0.0,2
0.579002202,0.684423864,0.604747951,1,0,0,1,0,0,1.0,1
0.932569861,0.871185362,0.578411162,1,0,0,0,1,0,0.5,2
0.409069926,0.958657026,0.474343061,1,0,0,0,1,0,0.5,1
0.490492016,0.169358924,0.852430344,1,0,0,1,0,0,1.0,0
0.134096205,0.141757876,0.659332871,1,0,0,1,0,0,0.5,1
0.628549159,0.813237429,0.781862259,0,1,0,0,1,0,0.0,1
0.323801368,0.872819781,0.115521803,1,0,0,0,0,1,0.0,1
0.20229359,0.604573369,0.0498986356,0,1,0,1,0,0,1.0,2
0.56730473,0.397700518,0.0285285097,0,0,1,0,0,1,0.5,1
0.555694759,0.669998169,0.147205979,0,0,1,0,0,1,0.0,1
0.122078061,0.340380877,0.667007864,1,0,0,1,0,0,0.0,2
0.713304698,0.276466399,0.494021744,0,1,0,0,0,1,0.5,0
0.642583609,0.513737977,0.752252281,1,0,0,0,1,0,1.0,1
0.229566425,0.255346149,0.191730335,0,0,1,0,0,1,0.0,0
0.495963126,0.509518445,0.366963029,0,1,0,0,1,0,0.0,0
0.734306753,0.958776176,0.888497531,0,0,1,1,0,0,0.5,1
0.552963972,0.847794831,0.935714543,0,1,0,0,1,0,1.0,1
0.425714612,0.944549382,0.921729147,0,0,1,1,0,0,0.0,0
0.356221527,0.816012502,0.818305016,1,0,0,0,0,1,0.5,2
0.62987417,0.387013376,0.688235879,1,0,0,1,0,0,0.0,1
0.942153275,0.821442962,0.913677871,1,0,0,0,1,0,0.0,1
0.688157618,0.926769972,0.714181602,0,0,1,1,0,0,0.0,1
0.121008605,0.949684024,0.953936219,0,0,1,0,0,1,0.0,2
0.487650722,0.699037969,0.0247883312,0,0,1,0,0,1,1.0,0
0.896282911,0.250798315,0.921642065,1,0,0,0,1,0,1.0,1
0.139739305,0.0877426937,0.555740535,0,0,1,0,1,0,0.5,2
0.989431918,0.189840212,0.11179775,0,0,1,1,0,0,0.0,1
0.95161593,0.967269599,0.214911267,1,0,0,0,1,0,1.0,2
0.124360755,0.488991976,0.852159262,0,0,1,1,0,0,1.0,2
0.936742663,0.862236738,0.506116927,0,1,0,0,1,0,0.5,1
0.39497596,0.491791934,0.982817709,0,0,1,0,0,1,0.5,1
0.852473736,0.677776694,0.117531106,1,0,0,0,0,1,0.5,0
0.447464168,0.0729337409,0.412503451,0,1,0,0,1,0,1.0,1
0.468812346,0.287371695,0.33187443,1,0,0,1,0,0,0.0,1
0.652530909,0.464455813,0.516135454,1,0,0,0,0,1,0.5,2
0.785753548,0.649099469,0.633437812,1,0,0,1,0,0,1.0,0
0.082099691,0.212945133,0.661629498,0,1,0,0,0,1,0.5,2
0.613498211,0.776323915,0.00129587995,0,1,0,0,1,0,0.0,1
0.227396339,0.396184474,0.0889604315,1,0,0,0,1,0,0.5,1
0.378652036,0.826563478,0.035063833,0,0,1,0,1,0,1.0,2
0.380570233,0.143070638,0.864599168,0,1,0,0,0,1,1.0,1
0.495607316,0.695768774,0.313292265,1,0,0,0,1,0,0.5,0
0.367429584,0.328661919,0.367063433,0,0,1,0,1,0,0.5,0
0.151993066,0.805613995,0.450371236,1,0,0,0,1,0,0.0,2
0.188347295,0.432061911,0.849304378,0,1,0,1,0,0,0.5,2
0.0817660838,0.682082176,0.0141662611,0,1,0,0,1,0,0.5,2
0.496736646,0.937590003,0.118618272,0,0,1,1,0,0,0.0,2
0.956725299,0.0695952997,0.68516314,0,1,0,1,0,0,0.0,0
0.159891456,0.0605609417,0.963892519,1,0,0,0,0,1,0.0,2
0.948951244,0.781765282,0.642786443,1,0,0,0,1,0,0.0,1
0.746693432,0.664073408,0.261123478,0,0,1,0,0,1,1.0,0
0.655623853,0.328330725,0.51986444,0,0,1,0,1,0,0.5,2
0.663013875,0.519676864,0.974980474,0,0,1,1,0,0,1.0,1
0.835391283,0.0898388848,0.52807653,0,0,1,0,0,1,0.5,0
0.151573867,0.232823327,0.373507619,1,0,0,1,0,0,1.0,2
0.529516578,0.453271568,0.383425564,1,0,0,0,1,0,1.0,1
0.712236583,0.842342198,0.967033505,1,0,0,0,0,1,0.5,2
0.607479393,0.505683839,0.718916535,1,0,0,0,1,0,1.0,1
0.841140091,0.607044399,0.68717283,0,0,1,0,0,1,0.0,0
0.118658125,0.880066097,0.232054323,0,1,0,0,1,0,1.0,2
0.706165969,0.343377978,0.559484661,1,0,0,1,0,0,1.0,1
0.557326317,0.715664327,0.356745213,0,1,0,1,0,0,0.5,1
0.410202831,0.868583918,0.240201533,0,0,1,0,0,1,1.0,2
0.373261243,0.242484912,0.895552278,0,0,1,0,1,0,1.0,0
0.639791012,0.388654262,0.383155823,0,1,0,0,1,0,1.0,1
0.896445632,0.980819643,0.282787174,0,0,1,1,0,0,1.0,2
0.521367133,0.984057665,0.931720376,0,1,0,0,0,1,1.0,1
0.833487034,0.262068421,0.197346389,1,0,0,0,1,0,0.5,0
0.432048559,0.113123544,0.745504797,0,0,1,0,1,0,0.0,2
0.147274733,0.30737552,0.652747154,0,0,1,1,0,0,0.0,2
0.108430453,0.427845359,0.920484424,0,1,0,0,1,0,0.5,2
0.0987676531,0.468955308,0.832047164,0,1,0,1,0,0,1.0,2
0.411142647,0.63786602,0.705295205,0,1,0,0,0,1,1.0,0
0.370375872,0.904527605,0.314571649,0,1,0,0,1,0,0.5,0
0.732040167,0.363830626,0.495569021,0,1,0,0,1,0,0.0,2
0.755680442,0.857485294,0.944495738,0,0,1,1,0,0,1.0,1
0.0983112678,0.138804972,0.0232026298,0,1,0,1,0,0,0.5,2
0.260067105,0.089780964,0.794331849,1,0,0,0,1,0,1.0,1
0.310548753,0.528842926,0.251810342,0,1,0,1,0,0,0.0,0
0.570231378,0.106679112,0.185016945,0,0,1,1,0,0,1.0,0
0.187289461,0.422865301,0.232224613,1,0,0,0,0,1,0.0,2
0.177244157,0.901939213,0.0597509928,0,0,1,1,0,0,1.0,2
0.946599424,0.279408872,0.991979837,0,1,0,0,1,0,0.5,2
0.813992739,0.720676959,0.869869173,0,0,1,1,0,0,0.0,1
0.221622154,0.337247133,0.521055996,0,0,1,0,1,0,1.0,2
0.436239421,0.0926740542,0.715103149,0,1,0,0,1,0,0.0,1
0.387840897,0.578856051,0.556595385,0,0,1,1,0,0,0.5,1
0.801453888,0.8431108,0.811578929,0,0,1,0,1,0,1.0,1
0.534702241,0.438995034,0.844765186,0,0,1,0,0,1,0.5,1
0.171457246,0.636429131,0.232790425,1,0,0,0,0,1,0.0,2
0.752042472,0.905022442,0.459747761,0,0,1,0,1,0,1.0,0
0.427043587,0.800209761,0.63484776,0,1,0,0,0,1,0.5,2
0.299778044,0.234182581,0.978440821,0,1,0,1,0,0,0.0,1
0.406723678,0.746714771,0.682689369,0,0,1,1,0,0,1.0,0
0.522868752,0.526798368,0.897634983,0,1,0,1,0,0,0.5,1
0.375959754,0.758668482,0.846112072,1,0,0,0,1,0,0.0,1
0.279810488,0.519789755,0.582063079,0,1,0,1,0,0,1.0,2
0.428576916,0.171560258,0.89365536,0,1,0,1,0,0,0.5,1
0.0682142675,0.591413975,0.377421737,0,0,1,0,1,0,1.0,2
0.783872962,0.517527282,0.379283518,1,0,0,0,0,1,1.0,0
0.21239765,0.542025626,0.780965626,1,0,0,1,0,0,0.5,2
0.0917093828,0.884957314,0.134543672,0,1,0,0,1,0,1.0,0
0.671013772,0.900095165,0.305825204,0,1,0,0,0,1,0.5,2
0.785239339,0.480860263,0.608572423,0,0,1,0,0,1,1.0,0
0.823137701,0.482945442,0.420065612,0,0,1,0,0,1,0.0,1
0.518833697,0.539427638,0.940723717,1,0,0,1,0,0,0.5,1
0.245099768,0.543609798,0.958506048,0,0,1,0,0,1,0.5,1
0.750366271,0.952867806,0.502581298,1,0,0,0,0,1,0.0,2
0.714727402,0.666930437,0.539061904,1,0,0,0,0,1,0.5,2
0.283957183,0.313584149,0.724627078,0,1,0,1,0,0,1.0,1
0.908237398,0.554959953,0.45726493,1,0,0,0,1,0,0.5,1
0.14915289,0.645862401,0.190098464,1,0,0,0,0,1,1.0,2
0.983553827,0.657783151,0.746969163,1,0,0,0,1,0,1.0,2
0.867235422,0.605991542,0.737785876,1,0,0,0,0,1,0.5,1
0.703503728,0.218849346,0.24498111,0,1,0,0,0,1,0.5,0
0.941812396,0.0819135308,0.832916498,0,0,1,1,0,0,0.5,2
0.736195624,0.370950907,0.613649189,0,0,1,0,0,1,0.0,0
0.230934143,0.456146061,0.236301616,1,0,0,0,0,1,0.5,2
0.470048338,0.108714029,0.65203917,0,0,1,0,1,0,0.5,2
0.117927872,0.824218988,0.233609527,0,0,1,1,0,0,1.0,2
0.420174539,0.376873553,0.26523295,1,0,0,0,1,0,0.5,2
0.75452286,0.917951107,0.848009288,1,0,0,0,1,0,0.0,2
0.417121172,0.196689606,0.92949158,0,0,1,0,1,0,1.0,2
0.363779455,0.10408821,0.256882668,0,1,0,0,1,0,1.0,2
0.61558795,0.508200288,0.928051054,0,0,1,1,0,0,0.5,2
0.878594279,0.229672864,0.238798842,1,0,0,0,0,1,1.0,1
0.095204033,0.940529287,0.117267363,0,0,1,1,0,0,1.0,2
0.416196913,0.0597882271,0.0582238771,0,0,1,0,0,1,0.5,0
0.200328708,0.441988677,0.242113248,0,1,0,0,0,1,0.5,0
0.710586548,0.930410385,0.385246545,0,0,1,0,1,0,0.0,2
0.150438339,0.415197283,0.927548409,0,0,1,0,0,1,0.0,2
0.681567371,0.138453811,0.242157996,1,0,0,1,0,0,0.5,1
0.321871817,0.337750196,0.365465343,0,1,0,0,0,1,1.0,0
0.23897098,0.523109853,0.734155893,0,0,1,1,0,0,0.0,1
0.939534903,0.225894108,0.302074075,0,0,1,1,0,0,0.0,1
0.0675983503,0.493233621,0.684368134,1,0,0,1,0,0,0.5,1
0.465888411,0.844526052,0.432077825,1,0,0,0,0,1,1.0,1
0.0705456436,0.878987074,0.196444958,0,1,0,0,1,0,0.0,0
0.509413421,0.0967976972,0.734058917,0,1,0,1,0,0,0.5,1
0.525995016,0.202858195,0.0270388331,0,1,0,0,1,0,0.5,2
0.355579346,0.311525643,0.292334825,1,0,0,1,0,0,1.0,1
0.175553694,0.615122557,0.356181532,1,0,0,0,0,1,0.5,2
0.407568157,0.392945021,0.458218247,1,0,0,1,0,0,0.5,1
0.688649774,0.851838887,0.679869235,1,0,0,0,0,1,0.5,2
0.793276012,0.730838299,0.459405005,0,1,0,0,0,1,0.0,0
0.554213047,0.145433217,0.594324112,0,1,0,0,0,1,1.0,1
0.610342681,0.64332962,0.595779061,0,1,0,0,0,1,0.5,1
0.240585551,0.157361999,0.373271644,1,0,0,0,1,0,0.5,1
0.322963804,0.292283893,0.933971286,1,0,0,0,0,1,1.0,1
0.203800827,0.218977109,0.95585382,1,0,0,1,0,0,0.0,2
0.286830574,0.214408845,0.581850886,1,0,0,0,1,0,1.0,0
0.26364243,0.635575771,0.0716908798,0,0,1,0,1,0,0.0,2
0.543476343,0.585424662,0.491127551,0,1,0,0,1,0,0.5,0
0.584554315,0.217226744,0.184419334,0,1,0,0,1,0,1.0,2
0.947700024,0.990664184,0.483214527,0,0,1,1,0,0,0.0,2
0.235792115,0.450744897,0.188483149,0,1,0,0,0,1,1.0,2
0.659591913,0.142215863,0.703855217,1,0,0,1,0,0,0.5,1
0.826396286,0.164540559,0.0804291219,0,1,0,0,0,1,0.0,0
0.582229376,0.604699016,0.953304052,1,0,0,0,1,0,0.5,2
0.292253464,0.98011595,0.19537589,1,0,0,0,1,0,1.0,0
0.299422711,0.59335357,0.660656333,1,0,0,0,1,0,0.5,1
0.0872903988,0.951589406,0.916962326,0,0,1,0,1,0,1.0,2
0.340172023,0.471926212,0.247886315,0,1,0,0,0,1,1.0,2
0.757373512,0.464049041,0.934296906,1,0,0,0,1,0,0.5,1
0.0951418728,0.52500701,0.388674676,0,1,0,0,0,1,0.0,1
0.258330524,0.712554157,0.960530818,0,0,1,0,1,0,1.0,1
0.720920861,0.399235159,0.971363842,0,1,0,1,0,0,1.0,1
0.79351896,0.870691717,0.188079908,0,1,0,0,1,0,0.0,2
0.482552499,0.0778173134,0.831087351,0,1,0,0,0,1,0.0,1
0.713170648,0.467775971,0.193421006,0,1,0,0,0,1,0.0,2
0.418554574,0.535442233,0.226440623,0,0,1,1,0,0,0.5,1
0.201917589,0.626680613,0.0841265023,0,1,0,0,0,1,0.0,1
0.428242028,0.312268317,0.156536952,1,0,0,1,0,0,1.0,1
0.600969434,0.456105977,0.632218957,0,0,1,0,1,0,1.0,2
0.950650632,0.510310888,0.449252725,0,1,0,0,1,0,0.5,0
0.115313403,0.702564478,0.790944219,0,1,0,0,1,0,0.5,2
0.532024384,0.784866989,0.331996828,1,0,0,0,0,1,1.0,1
0.362473786,0.750935972,0.968624592,0,0,1,0,1,0,1.0,1
0.532896101,0.374503911,0.0498725399,0,0,1,0,1,0,1.0,2
0.0727766752,0.999477983,0.0629359558,1,0,0,0,1,0,0.5,0
0.347374082,0.856232047,0.701374888,0,1,0,0,1,0,1.0,1
0.828874767,0.297022194,0.88753891,0,1,0,0,1,0,1.0,1
0.576244652,0.235350519,0.795500219,0,0,1,0,0,1,0.5,2
0.478053361,0.348320186,0.489817083,0,0,1,0,0,1,1.0,1
0.321248829,0.479727596,0.26964137,0,1,0,0,0,1,1.0,0
0.333140403,0.85825938,0.0134515297,1,0,0,0,0,1,0.0,1
0.41394636,0.789444149,0.509451449,1,0,0,0,1,0,1.0,0
0.8437922,0.858683825,0.475636184,0,1,0,0,0,1,0.0,1
0.96885252,0.308359265,0.344245911,1,0,0,1,0,0,0.5,1
0.466722608,0.613788188,0.578072786,0,0,1,0,1,0,0.5,0
0.423685193,0.319086611,0.728814721,0,1,0,0,1,0,0.0,1
0.854223251,0.153572008,0.700888216,1,0,0,1,0,0,1.0,1
0.455560058,0.699987829,0.263252854,1,0,0,0,0,1,0.0,1
0.574417293,0.18584767,0.585303664,0,0,1,1,0,0,0.5,2
0.269394577,0.68431288,0.148774475,0,0,1,0,0,1,1.0,2
0.756327391,0.665566087,0.121601842,0,1,0,1,0,0,1.0,0
0.555388927,0.819736004,0.78585583,0,0,1,0,1,0,0.5,2
0.818582833,0.18257688,0.693745911,0,0,1,0,0,1,0.0,2
0.791696072,0.794306159,0.767928898,0,1,0,0,0,1,0.0,1
0.25425452,0.999312699,0.152462274,1,0,0,0,0,1,0.5,0
0.729853749,0.858490348,0.914618611,0,0,1,0,1,0,1.0,1
0.81005168,0.764221489,0.133111611,0,1,0,0,0,1,0.5,0
0.378801882,0.679057062,0.87003696,0,0,1,1,0,0,1.0,1
0.213978663,0.450692415,0.352379292,0,0,1,0,0,1,0.0,2
0.052500546,0.743975163,0.10543409,1,0,0,0,0,1,0.0,2
0.478358477,0.73796916,0.286768973,0,0,1,0,1,0,0.0,2
0.384811103,0.649923384,0.181448013,0,0,1,1,0,0,0.0,0
0.577164352,0.806464434,0.490669727,0,0,1,1,0,0,0.5,2
0.228639036,0.476325691,0.949745357,1,0,0,1,0,0,0.0,0
0.866682291,0.165190071,0.327871174,0,0,1,0,0,1,0.5,1
0.294867456,0.581114352,0.612098992,0,1,0,0,0,1,0.5,2
0.265108138,0.30179134,0.891720891,0,1,0,0,1,0,0.5,1
0.506678343,0.415211439,0.630073905,1,0,0,0,1,0,1.0,2
0.523908496,0.0665441602,0.362199128,1,0,0,0,0,1,0.0,0
0.254330963,0.413651049,0.990839124,1,0,0,1,0,0,1.0,1
0.308267683,0.818361044,0.187413603,0,0,1,1,0,0,1.0,1
0.211219981,0.565586269,0.523256004,1,0,0,0,0,1,0.5,2
0.73253715,0.0593104996,0.796705484,0,1,0,1,0,0,0.0,1
0.781584561,0.496351629,0.000648869551,0,1,0,1,0,0,0.5,0
0.489212066,0.326879054,0.702043235,0,0,1,0,0,1,0.0,1
0.728382647,0.503673136,0.266498893,0,0,1,0,1,0,1.0,1
0.749138594,0.434458077,0.169726729,0,0,1,0,0,1,1.0,2
0.18136175,0.93538028,0.274194449,0,0,1,0,1,0,0.5,2
0.967869103,0.089118436,0.966816425,0,1,0,1,0,0,0.0,1
0.829980373,0.699408591,0.891935289,0,1,0,0,1,0,0.5,1
0.244259283,0.858475268,0.21375446,1,0,0,0,1,0,0.5,2
0.226856783,0.96127665,0.117026776,0,0,1,0,0,1,1.0,2
0.169378087,0.218754411,0.36415261,0,1,0,1,0,0,0.5,2
0.181459635,0.554739535,0.592336476,0,1,0,1,0,0,0.5,2
0.760753691,0.0914101005,0.867144644,1,0,0,1,0,0,0.0,1
0.496171534,0.524224341,0.966090143,0,1,0,0,1,0,0.0,1
0.793787479,0.169185191,0.75115335,0,1,0,0,1,0,0.0,1
0.758942127,0.846001863,0.599007189,0,0,1,0,0,1,0.5,2
0.624382079,0.158176497,0.142332032,1,0,0,1,0,0,0.0,2
0.702048302,0.537623942,0.0740283728,0,0,1,1,0,0,0.5,0
0.0674379393,0.545041263,0.596026897,0,0,1,0,1,0,0.0,2
0.346188754,0.973067999,0.539064109,1,0,0,0,1,0,0.0,2
0.655931056,0.672231674,0.846088111,1,0,0,0,1,0,0.0,1
0.0588777065,0.323448271,0.322605848,0,0,1,1,0,0,0.5,2
0.081328094,0.278759331,0.0396908559,0,0,1,1,0,0,1.0,2
0.85929358,0.171835795,0.42370826,0,0,1,0,0,1,1.0,1
0.699823618,0.768688977,0.969182312,0,0,1,0,0,1,0.5,1
0.302101254,0.706218839,0.795574903,1,0,0,1,0,0,0.5,1
0.703564703,0.629383266,0.0337721743,0,1,0,0,0,1,1.0,1
0.802833855,0.0887984186,0.87467891,1,0,0,0,1,0,0.5,1
0.341454566,0.774687409,0.471689492,0,1,0,0,0,1,0.0,1
0.0842355117,0.659793198,0.364768028,1,0,0,0,1,0,1.0,0
0.93614018,0.965694427,0.346739531,0,0,1,0,0,1,0.5,2
0.377920836,0.607842028,0.595144272,0,1,0,1,0,0,0.5,1
0.151157677,0.338754326,0.530599415,1,0,0,0,1,0,1.0,2
0.517264009,0.412444532,0.656627238,1,0,0,0,0,1,0.5,2
0.780044377,0.217048675,0.573641479,1,0,0,1,0,0,1.0,1
0.260564953,0.736768484,0.143944576,0,0,1,0,1,0,0.5,2
0.306015551,0.722335577,0.257236004,1,0,0,0,1,0,0.5,1
0.280579239,0.240617514,0.841029584,1,0,0,1,0,0,1.0,0
0.992089391,0.200564861,0.663258493,0,0,1,1,0,0,1.0,2
0.237533554,0.123154685,0.448400617,0,1,0,0,1,0,0.0,2
0.59674418,0.916376948,0.182601437,0,1,0,1,0,0,0.5,0
0.929001391,0.271416336,0.00769103598,0,0,1,0,0,1,0.5,0
0.189551741,0.37695536,0.311887413,0,1,0,0,0,1,1.0,1
0.972311497,0.316479295,0.0548469573,1,0,0,0,1,0,0.0,1
0.950103402,0.442943364,0.482284129,1,0,0,0,1,0,1.0,1
0.890343368,0.728346348,0.821801424,0,1,0,0,0,1,0.5,1
0.253828704,0.877065837,0.285398662,0,1,0,1,0,0,1.0,0
0.652352273,0.22346881,0.84775418,0,1,0,1,0,0,0.5,1
0.772846878,0.702091753,0.704564393,0,0,1,0,1,0,0.5,1
0.986726522,0.384934038,0.125262335,0,1,0,1,0,0,1.0,0
0.22140263,0.981500804,0.644561887,0,0,1,0,1,0,0.5,1
0.777724624,0.333973199,0.151679814,0,1,0,1,0,0,0.5,0
0.3718611,0.0568333082,0.654790938,0,0,1,1,0,0,0.0,0
0.21684514,0.539857984,0.142714486,0,0,1,1,0,0,0.0,2
0.450308084,0.193194523,0.392511368,1,0,0,0,0,1,0.5,0
0.804144144,0.0922697037,0.566594243,0,1,0,0,1,0,0.5,1
0.491607308,0.71335578,0.0503741726,1,0,0,1,0,0,0.5,1
0.560646951,0.745646298,0.153308347,1,0,0,1,0,0,0.0,2
0.995401442,0.487664074,0.320408821,0,0,1,0,0,1,0.5,2
0.42915383,0.693041265,0.462320089,0,0,1,0,0,1,0.0,0
0.63463074,0.561327457,0.858487308,0,0,1,0,0,1,0.0,1
0.396981984,0.648311079,0.187273085,0,0,1,0,1,0,0.5,0
0.423146367,0.616868794,0.347470939,1,0,0,0,0,1,0.0,1
0.710858703,0.682531655,0.475776225,0,0,1,0,0,1,0.5,1
0.940992653,0.239649117,0.295778543,1,0,0,1,0,0,1.0,1
0.565240979,0.305271298,0.6257478,1,0,0,1,0,0,1.0,1
0.779979944,0.467965007,0.256602436,0,1,0,0,0,1,1.0,2
0.134746224,0.47382161,0.77235043,0,1,0,1,0,0,1.0,1
0.250600129,0.785691142,0.505154073,0,0,1,1,0,0,0.5,0
0.527025044,0.39902398,0.0863048807,1,0,0,0,0,1,1.0,0
0.0690111369,0.204379901,0.626998901,1,0,0,0,0,1,0.5,2
0.290212244,0.288892686,0.569243491,1,0,0,0,0,1,0.5,1
0.541531205,0.253996819,0.338597357,0,1,0,0,0,1,0.5,0
0.0642131418,0.745077014,0.0111570787,1,0,0,0,0,1,0.5,0
0.301318973,0.496822625,0.200701535,1,0,0,1,0,0,0.5,1
0.538329303,0.723199189,0.405709535,1,0,0,0,1,0,0.0,2
0.59449178,0.445408702,0.199914038,0,1,0,1,0,0,1.0,1
0.929464102,0.89524883,0.577491105,0,0,1,0,0,1,0.0,2
0.663078368,0.984344304,0.712324917,0,0,1,0,1,0,0.0,1
0.443999022,0.686350405,0.856017649,0,0,1,0,1,0,1.0,1
0.933833599,0.87062192,0.64698261,0,1,0,0,1,0,0.5,1
0.795638859,0.532536626,0.689009249,0,1,0,1,0,0,0.5,1
0.240008473,0.937889814,0.608441889,0,0,1,0,0,1,1.0,0
0.174300238,0.840007186,0.985486031,0,0,1,1,0,0,1.0,2
0.692021072,0.992189646,0.261000574,0,1,0,0,1,0,1.0,0
0.581889033,0.641939044,0.266258687,0,0,1,1,0,0,0.0,2
0.800189912,0.790246427,0.126333639,1,0,0,0,0,1,0.0,0
0.751864791,0.56572473,0.485684335,0,1,0,1,0,0,1.0,2
0.643950939,0.296164095,0.0961617008,0,0,1,0,1,0,1.0,2
0.98706305,0.387017399,0.270146608,0,0,1,0,1,0,1.0,1
0.556910217,0.899305165,0.482680917,0,1,0,1,0,0,1.0,1
0.157450467,0.103150547,0.957595587,0,1,0,0,0,1,0.0,2
0.836859882,0.611905873,0.963813007,1,0,0,0,0,1,1.0,1
0.289260685,0.403859824,0.743740261,0,1,0,0,0,1,1.0,0
0.788437068,0.417357922,0.389250159,0,1,0,1,0,0,1.0,0
0.959251761,0.890342653,0.8651613,1,0,0,0,1,0,1.0,1
0.711955726,0.861131251,0.875455797,0,0,1,1,0,0,0.5,1
0.61622864,0.618900239,0.910197377,0,1,0,0,1,0,0.5,1
0.487366855,0.309272915,0.64002502,0,0,1,1,0,0,1.0,2
0.396189362,0.501683533,0.201792791,1,0,0,0,1,0,0.0,1
0.385354519,0.437878728,0.0910807699,0,1,0,0,0,1,0.5,0
0.654554069,0.385937124,0.914775491,1,0,0,1,0,0,0.0,1
0.763709486,0.147646293,0.0555461086,0,0,1,0,0,1,0.5,0
0.694591224,0.565958202,0.295890063,1,0,0,1,0,0,0.5,1
0.238489598,0.336739719,0.486961752,0,1,0,0,0,1,1.0,2
0.519287825,0.677767575,0.0219766926,0,1,0,0,1,0,1.0,1
0.802058041,0.353243738,0.906912267,0,0,1,0,1,0,1.0,1
0.501918852,0.459605306,0.287120998,0,0,1,0,1,0,0.0,2
0.559792101,0.099742353,0.0285047982,0,0,1,0,1,0,0.0,2
0.782579243,0.99291116,0.993589997,0,0,1,1,0,0,0.0,1
0.678202033,0.532229841,0.311393172,0,1,0,0,1,0,1.0,0
0.438877672,0.0730257109,0.876764894,0,1,0,0,0,1,0.5,1
0.900642097,0.564169109,0.453474462,0,1,0,0,0,1,0.5,1
0.204438716,0.8768363,0.663125873,1,0,0,1,0,0,0.5,2
0.995740652,0.78392452,0.241090149,1,0,0,1,0,0,1.0,1
0.162909955,0.71586132,0.502875328,0,0,1,0,1,0,0.5,2
0.0642024726,0.182491422,0.25765118,0,0,1,1,0,0,0.5,2
0.895517945,0.674850225,0.951083899,0,0,1,0,1,0,0.0,0
0.282705843,0.777983487,0.060945414,0,1,0,1,0,0,0.0,1
0.743214667,0.593798101,0.274673939,1,0,0,0,1,0,1.0,0
0.820464611,0.898111582,0.893108904,0,0,1,0,0,1,0.5,1
0.866037071,0.313140303,0.480035961,0,0,1,0,1,0,1.0,1
0.992014527,0.280037463,0.600084126,0,1,0,0,0,1,0.0,0
0.329337716,0.876091242,0.651693344,1,0,0,0,0,1,0.5,1
0.724731147,0.644128323,0.0709275082,0,0,1,1,0,0,0.5,0
0.159629866,0.0513748601,0.0177387409,0,0,1,0,0,1,0.0,2
0.43646884,0.385474831,0.937841058,0,0,1,0,1,0,0.5,1
0.855573118,0.864963174,0.271502852,0,0,1,1,0,0,1.0,1
0.399275154,0.0759535357,0.380313098,1,0,0,1,0,0,0.5,1
0.611540616,0.053085532,0.682093143,1,0,0,0,1,0,0.0,1
0.528584778,0.317196339,0.236303881,0,0,1,1,0,0,0.0,1
0.66365397,0.918300033,0.733071387,0,1,0,0,1,0,1.0,1
0.974249661,0.90640372,0.458242178,0,0,1,0,0,1,1.0,1
0.102948748,0.542823851,0.856609821,0,1,0,1,0,0,0.0,2
0.595263422,0.575575054,0.278540641,0,0,1,0,0,1,1.0,0
0.869877338,0.365407616,0.203822479,0,0,1,1,0,0,0.0,0
0.50731355,0.281549841,0.831688344,0,1,0,0,1,0,1.0,0
0.124600828,0.824460745,0.326326072,0,0,1,0,1,0,0.0,2
0.582512379,0.150980115,0.411868632,1,0,0,0,1,0,1.0,1
0.365470201,0.51298666,0.793707848,0,1,0,0,1,0,1.0,1
0.197194695,0.652677417,0.635576546,1,0,0,1,0,0,1.0,1
0.856582761,0.14849627,0.44172588,0,1,0,0,0,1,1.0,2
0.545519531,0.543626726,0.249890506,1,0,0,0,0,1,0.5,0
0.936612606,0.59864521,0.764200985,0,0,1,1,0,0,0.0,2
0.815715671,0.755371273,0.180431038,0,0,1,1,0,0,0.0,1
0.708323181,0.273094237,0.928279579,0,1,0,0,0,1,0.5,1
0.0547742285,0.328661114,0.150316074,1,0,0,0,0,1,1.0,2
0.456432283,0.591045082,0.804933667,0,0,1,1,0,0,1.0,1
0.237611964,0.983970106,0.424248874,1,0,0,1,0,0,0.0,0
0.91525799,0.25661853,0.186006233,1,0,0,1,0,0,0.0,1
0.215854779,0.986608624,0.402378947,0,1,0,1,0,0,0.0,2
0.321757048,0.728625417,0.221551821,0,0,1,1,0,0,0.5,0
0.540994942,0.834777951,0.135993645,0,1,0,0,0,1,0.0,1
0.300195426,0.135159209,0.239155397,0,1,0,0,0,1,0.5,2
0.249371439,0.335399181,0.8673985,0,0,1,0,1,0,0.5,2
0.61914438,0.104849465,0.105942391,1,0,0,0,1,0,0.0,1
0.134483039,0.402969658,0.972539604,0,1,0,0,0,1,0.0,1
0.105259374,0.98222518,0.00499845389,0,0,1,0,0,1,0.0,2
0.403633028,0.150009409,0.658238173,1,0,0,0,1,0,1.0,0
0.73463124,0.584254146,0.85651201,1,0,0,0,1,0,1.0,1
0.577066422,0.0557670929,0.933957636,1,0,0,0,1,0,1.0,1
0.451732635,0.727048695,0.143985599,0,1,0,1,0,0,0.0,2
0.587463975,0.237333059,0.698208511,0,1,0,0,1,0,0.5,0
0.397178918,0.173105314,0.107349217,0,0,1,1,0,0,0.5,0
0.939339042,0.370166928,0.352611482,1,0,0,1,0,0,1.0,1
0.102159649,0.782492101,0.731926382,1,0,0,0,1,0,0.5,2
0.689721882,0.15128243,0.345973223,0,0,1,0,0,1,1.0,1
0.896718502,0.268347055,0.313374728,1,0,0,0,1,0,0.5,0
0.813690484,0.0580412,0.116054617,1,0,0,0,1,0,0.0,1
0.224838987,0.969994128,0.0664380938,0,0,1,0,1,0,0.0,1
0.331130028,0.612538338,0.115277991,0,0,1,0,1,0,0.5,0
0.731195569,0.73390466,0.875474751,0,1,0,0,1,0,1.0,1
0.130057037,0.668814003,0.0111985253,0,1,0,1,0,0,0.0,2
0.821268618,0.187146336,0.692865849,0,1,0,0,1,0,0.5,0
0.732961595,0.61519295,0.768624246,0,0,1,0,0,1,1.0,1
0.743126333,0.174844816,0.567888319,0,1,0,0,0,1,0.5,1
0.145229295,0.431174636,0.730775356,1,0,0,1,0,0,1.0,2
0.731872499,0.590514958,0.652269661,0,1,0,1,0,0,0.5,0
0.695827246,0.580937088,0.455558479,0,1,0,0,1,0,0.5,1
0.83937639,0.163119748,0.382710427,0,1,0,0,1,0,0.0,0
0.0895161554,0.0827141702,0.941331983,0,0,1,1,0,0,1.0,2
0.071955137,0.808322608,0.971938014,1,0,0,0,0,1,0.0,1
0.404356748,0.739626288,0.651271403,0,0,1,0,1,0,0.0,1
0.191348866,0.127727956,0.19729884,1,0,0,0,0,1,0.0,1
0.580465257,0.171044737,0.447899163,0,1,0,1,0,0,0.5,1
0.921481431,0.897954583,0.496537477,0,1,0,0,0,1,0.5,1
0.421905756,0.780672431,0.757970035,1,0,0,0,0,1,0.0,1
0.852702856,0.996352255,0.667777121,0,0,1,0,0,1,1.0,1
0.0502288304,0.291288078,0.514814436,0,0,1,0,1,0,0.5,2
0.210088909,0.513412833,0.680364549,0,1,0,1,0,0,0.0,0
0.0789023638,0.274636596,0.0240568463,1,0,0,0,1,0,0.5,1
0.361739814,0.641660154,0.776635349,1,0,0,0,0,1,0.0,1
0.912780106,0.159643531,0.211632237,1,0,0,0,1,0,0.5,1
0.142104521,0.170881018,0.656409144,1,0,0,0,1,0,0.0,2
0.626089275,0.118293494,0.113973252,0,1,0,0,1,0,1.0,0
0.478921145,0.70890677,0.114460833,0,0,1,1,0,0,1.0,0
0.941544831,0.519368947,0.0356576443,0,1,0,1,0,0,1.0,0
0.166393191,0.636844635,0.910232782,1,0,0,0,0,1,1.0,2
0.251426458,0.885335982,0.604558766,0,0,1,0,1,0,1.0,2
0.0780648738,0.753312051,0.361961931,0,1,0,0,0,1,0.0,2
0.462238491,0.488636762,0.787777722,1,0,0,0,1,0,0.5,1
0.31394124,0.985138178,0.626082182,0,1,0,0,0,1,0.0,0
0.876410663,0.48344329,0.620080531,1,0,0,1,0,0,1.0,1
0.624693751,0.156828135,0.487042785,0,1,0,0,0,1,0.0,2
0.633386195,0.993022025,0.00792677887,0,1,0,1,0,0,0.0,2
0.555315137,0.0716796964,0.258462518,0,1,0,0,1,0,0.0,0
0.137257814,0.572389364,0.109076694,1,0,0,0,1,0,0.0,2
0.47276774,0.343640715,0.662409842,0,0,1,0,1,0,1.0,1
0.999529958,0.528374553,0.248620823,0,0,1,0,0,1,0.0,1
0.843467832,0.580777287,0.450166672,1,0,0,0,0,1,0.0,2
0.898786128,0.278091103,0.353430301,0,0,1,0,0,1,0.0,2
0.832065046,0.579015791,0.143198743,0,0,1,1,0,0,1.0,1
0.147889614,0.768258035,0.958370209,0,1,0,0,1,0,0.0,2
0.26607585,0.30318436,0.933419287,0,1,0,0,1,0,0.5,2
0.0529655702,0.414254814,0.0846081898,1,0,0,1,0,0,1.0,2
0.33833462,0.304830551,0.827365339,1,0,0,1,0,0,1.0,1
0.153177038,0.829531729,0.488373697,0,1,0,0,1,0,0.0,0
0.499153674,0.738733172,0.773735881,1,0,0,0,1,0,1.0,1
0.693271101,0.877636611,0.151157126,1,0,0,1,0,0,0.5,1
0.880780041,0.211547405,0.132274136,0,0,1,1,0,0,0.5,0
0.761756301,0.119900659,0.890757501,1,0,0,0,1,0,0.5,1
0.941656291,0.163414329,0.897819519,1,0,0,0,1,0,1.0,2
0.101203375,0.20296742,0.465912163,0,1,0,1,0,0,1.0,2
0.0615708418,0.556428552,0.870157778,1,0,0,0,1,0,0.5,1
0.678271234,0.972366452,0.667458951,0,1,0,1,0,0,1.0,2
0.324884802,0.38937366,0.185009748,1,0,0,0,1,0,1.0,0
0.290825963,0.960582852,0.328954279,0,0,1,0,0,1,1.0,2
0.364342719,0.0862907544,0.136060655,0,1,0,0,0,1,1.0,2
0.306306243,0.930528581,0.773948669,1,0,0,0,1,0,1.0,1
0.535864592,0.222094983,0.985250711,1,0,0,1,0,0,0.0,1
0.468141019,0.916851223,0.546378314,0,0,1,0,0,1,1.0,2
0.53680712,0.103416055,0.655864418,1,0,0,1,0,0,0.0,1
0.689077914,0.950808465,0.746092558,0,0,1,0,0,1,0.0,2
0.417773992,0.240758345,0.224259108,0,1,0,0,0,1,0.5,1
0.288742304,0.337578356,0.336001247,0,1,0,0,0,1,1.0,1
0.207890511,0.516395211,0.41232121,1,0,0,0,1,0,1.0,2
0.382000417,0.411684841,0.594588339,0,1,0,0,1,0,0.0,0
0.754716158,0.68415159,0.850492597,0,0,1,1,0,0,0.0,0
0.768869638,0.976067364,0.254203558,0,0,1,0,1,0,0.5,1
0.683560133,0.626105189,0.470888793,1,0,0,1,0,0,0.0,1
0.272326767,0.735411167,0.751533926,0,0,1,0,0,1,0.0,2
0.608681917,0.133604988,0.0873849988,0,0,1,0,1,0,1.0,0
0.592155159,0.64642179,0.512893438,0,0,1,0,0,1,1.0,1
0.51005286,0.481157303,0.144379705,1,0,0,1,0,0,0.0,1
0.572480023,0.891493261,0.539148867,0,1,0,0,1,0,0.5,2
0.517201126,0.418800533,0.767822742,0,0,1,0,1,0,0.5,1
0.587183535,0.69548142,0.236947417,0,1,0,0,0,1,1.0,0
0.729730666,0.266746044,0.849478424,0,1,0,0,1,0,0.5,1
0.154146791,0.296403915,0.334804118,1,0,0,1,0,0,0.0,2
0.762144446,0.407316297,0.190784857,1,0,0,0,1,0,1.0,1
0.179091841,0.338860363,0.465323389,0,1,0,0,0,1,1.0,0
0.113296598,0.291184902,0.876075089,1,0,0,1,0,0,0.0,2
0.977275729,0.097185269,0.0689330623,0,1,0,0,1,0,1.0,1
0.959142208,0.844909012,0.327571452,0,0,1,0,0,1,1.0,2
0.107414715,0.111086458,0.653163195,0,1,0,0,0,1,0.5,2
0.471090764,0.892997265,0.35758087,0,1,0,0,0,1,1.0,1
0.22693269,0.16919212,0.0708239973,0,0,1,0,0,1,0.5,2
0.511077642,0.111998647,0.331998974,1,0,0,0,0,1,0.5,0
0.838668406,0.584854543,0.820959389,0,1,0,1,0,0,1.0,1
0.953081191,0.527319729,0.968037546,1,0,0,0,0,1,1.0,1
0.652540028,0.51667285,0.0397791974,0,0,1,0,0,1,0.0,2
0.386210382,0.595779121,0.569283843,0,1,0,0,1,0,1.0,0
0.623159289,0.322703779,0.105303437,0,1,0,1,0,0,1.0,1
0.346401244,0.679801822,0.680396557,0,1,0,0,0,1,1.0,0
0.914332449,0.527282119,0.00789222587,0,1,0,0,1,0,1.0,0
0.876880467,0.368006289,0.0147416256,1,0,0,1,0,0,0.0,1
0.580320179,0.835175633,0.776879847,1,0,0,1,0,0,1.0,0
0.358558983,0.741335034,0.0744353235,0,0,1,0,0,1,1.0,1
0.328720182,0.423929811,0.305181682,1,0,0,1,0,0,1.0,1
0.0817470923,0.855236888,0.958040416,0,1,0,0,1,0,0.5,2
0.82502979,0.924245358,0.985247135,0,0,1,1,0,0,0.0,0
0.477864057,0.56002295,0.161402866,0,1,0,0,0,1,0.5,0
0.358876288,0.254204839,0.56090194,0,1,0,0,0,1,1.0,2
0.497554839,0.92000252,0.559148848,0,0,1,0,1,0,1.0,1
0.827801108,0.230005637,0.452380687,0,1,0,1,0,0,0.0,2
0.168383494,0.0960020646,0.924700141,0,1,0,0,1,0,0.5,2
0.864773214,0.361112654,0.754033923,0,0,1,1,0,0,0.5,1
0.902633369,0.74061805,0.764526963,1,0,0,1,0,0,1.0,1
0.94937253,0.927110374,0.269569427,0,0,1,1,0,0,0.5,0
0.427613586,0.655421376,0.434319764,0,0,1,1,0,0,0.5,2
0.256283373,0.95424664,0.487423688,0,0,1,0,0,1,1.0,1
0.404958785,0.137752295,0.298912048,1,0,0,0,0,1,1.0,1
0.366266489,0.107716046,0.0948177725,0,0,1,0,1,0,0.5,0
0.217346221,0.62398237,0.126359224,1,0,0,1,0,0,1.0,1
0.626903355,0.967810512,0.180671126,0,1,0,0,1,0,0.0,2
0.502792954,0.527585268,0.203653336,0,0,1,0,1,0,1.0,1
0.87241596,0.0989394635,0.242261812,0,1,0,0,0,1,0.5,0
0.0805041045,0.260157734,0.255460024,0,1,0,0,1,0,0.5,2
0.661674559,0.282553256,0.455716342,1,0,0,0,1,0,1.0,0
0.774801433,0.370964259,0.509573162,0,1,0,0,1,0,0.0,2
0.77151227,0.0914232135,0.308879197,0,1,0,1,0,0,1.0,0
0.891770244,0.909648061,0.907296419,0,0,1,1,0,0,0.0,1
0.742582083,0.539785743,0.553139746,0,1,0,0,1,0,0.0,0
0.931419551,0.687384248,0.787476957,0,0,1,0,1,0,0.0,2
0.366023779,0.113814197,0.924237847,0,1,0,1,0,0,0.0,1
0.528048933,0.101409696,0.163135111,1,0,0,1,0,0,0.0,1
0.0633756816,0.607144356,0.427874476,0,1,0,0,1,0,0.0,2
0.0566097088,0.892931223,0.433210403,1,0,0,0,1,0,0.5,2
0.278120279,0.552057922,0.35447225,0,0,1,1,0,0,0.0,0
0.145766839,0.883928239,0.00890586618,0,0,1,1,0,0,0.0,2
0.297200799,0.820441723,0.81597209,0,1,0,1,0,0,0.5,0
0.218191132,0.122061096,0.111559324,0,1,0,1,0,0,0.0,2
0.0770940259,0.2418596,0.995480597,0,0,1,0,1,0,0.5,2
0.913838923,0.674825132,0.772958517,0,0,1,1,0,0,0.0,1
0.0578119755,0.471326321,0.580009997,0,0,1,1,0,0,0.5,2
0.749278009,0.326164812,0.154606417,1,0,0,1,0,0,1.0,1
0.194540486,0.447702169,0.515392959,0,1,0,0,0,1,0.5,2
0.916618168,0.47293967,0.261108726,0,0,1,0,0,1,1.0,0
0.898156166,0.915024638,0.252322525,0,0,1,1,0,0,0.5,2
0.671206117,0.148285374,0.829529226,0,1,0,0,1,0,1.0,2
0.688622415,0.315744221,0.380644411,0,1,0,1,0,0,1.0,1
0.0550721847,0.560686588,0.450723797,1,0,0,1,0,0,0.5,2
0.985628009,0.713372588,0.842964709,0,0,1,1,0,0,0.0,1
0.883940995,0.64910543,0.0877906233,0,1,0,1,0,0,1.0,0
0.900350928,0.944560587,0.594617844,1,0,0,0,0,1,0.5,0
0.676282287,0.805828452,0.578215659,0,0,1,1,0,0,1.0,1
0.377547592,0.579222977,0.425214559,1,0,0,1,0,0,0.5,1
0.898966193,0.253948569,0.829774618,0,1,0,0,0,1,1.0,1
0.326941073,0.478330523,0.942890048,1,0,0,1,0,0,0.5,1
0.584575951,0.708713114,0.465335876,0,0,1,0,1,0,0.0,0
0.144744426,0.846064091,0.456147045,0,1,0,0,0,1,1.0,2
0.925857842,0.961749434,0.502063751,0,0,1,1,0,0,0.0,2
0.183731928,0.625180125,0.723124027,1,0,0,0,1,0,0.5,0
0.263651967,0.550573409,0.668060303,1,0,0,1,0,0,0.0,1
0.580227435,0.0668073297,0.222834945,1,0,0,1,0,0,0.0,1
0.775888324,0.118494116,0.0638953522,0,1,0,0,1,0,0.5,0
0.638383746,0.198299751,0.949254155,1,0,0,0,1,0,0.5,1
0.270527214,0.102021933,0.261069775,0,1,0,0,1,0,0.0,2
0.0508958921,0.430820078,0.638596714,1,0,0,1,0,0,0.5,2
0.76929307,0.370034605,0.828437984,1,0,0,0,1,0,0.5,2
0.985946953,0.655486465,0.300276756,0,1,0,0,1,0,0.5,1
0.819417477,0.558881879,0.635433435,0,1,0,1,0,0,0.0,1
0.487196296,0.616172194,0.10790024,0,1,0,1,0,0,1.0,1
0.908578873,0.498378336,0.969931424,0,0,1,1,0,0,0.0,2
0.439355284,0.313850284,0.0581582747,1,0,0,1,0,0,1.0,0
0.548687398,0.955184042,0.438174665,0,0,1,0,0,1,1.0,2
0.503273308,0.132088706,0.53681922,1,0,0,1,0,0,1.0,1
0.475242674,0.941946447,0.790481806,1,0,0,0,1,0,1.0,1
0.786431253,0.345676154,0.121128514,1,0,0,0,1,0,0.0,1
0.550430477,0.537028372,0.440807968,1,0,0,1,0,0,0.0,1
0.350881279,0.153400213,0.299711555,0,0,1,0,1,0,0.0,2
0.295250267,0.117384516,0.312010705,1,0,0,0,1,0,1.0,0
0.0858599544,0.458068162,0.778787911,0,0,1,0,0,1,0.0,2
0.604035378,0.754612505,0.00546094496,0,1,0,0,0,1,0.0,2
0.268463343,0.30589655,0.749083638,0,0,1,1,0,0,1.0,1
0.190727219,0.584230483,0.810398459,1,0,0,0,0,1,1.0,2
0.671138465,0.314717829,0.90136224,0,0,1,0,1,0,0.5,1
0.6971488,0.41918242,0.626881778,0,0,1,1,0,0,0.5,2
0.764547169,0.911123991,0.333455324,0,1,0,1,0,0,0.0,0
0.528398037,0.863047659,0.427234739,0,1,0,0,1,0,0.0,2
0.899351895,0.540216684,0.969736099,0,1,0,0,1,0,0.0,1
0.939525604,0.276200354,0.881186843,1,0,0,0,1,0,0.0,0
0.817002416,0.23352471,0.463525921,0,0,1,0,1,0,1.0,1
0.653813779,0.95638299,0.943063021,0,0,1,0,0,1,1.0,1
0.338534892,0.242580771,0.822954893,0,1,0,0,1,0,0.5,1
0.983797669,0.817759871,0.901089847,1,0,0,1,0,0,1.0,1
0.310429364,0.400521696,0.682977259,1,0,0,0,0,1,1.0,1
0.242524073,0.986376882,0.857654035,1,0,0,1,0,0,0.0,0
0.470046401,0.399747968,0.891766131,0,1,0,0,1,0,0.5,0
0.103998542,0.383940786,0.0920165852,1,0,0,0,1,0,1.0,0
0.979569733,0.655590475,0.965216994,1,0,0,1,0,0,1.0,1
0.609011889,0.963440955,0.333613098,1,0,0,1,0,0,0.5,1
0.579104483,0.977399111,0.439899504,0,1,0,0,1,0,0.0,0
0.673006475,0.721845865,0.791903734,0,1,0,0,0,1,0.0,1
0.522172451,0.766876042,0.664896309,0,0,1,0,1,0,0.0,2
0.0804603398,0.585232079,0.893059909,0,0,1,0,0,1,1.0,2
0.631695747,0.767986953,0.40057376,0,0,1,0,1,0,1.0,2
0.730365157,0.866790652,0.373288155,0,1,0,0,0,1,0.5,0
0.445911616,0.511790514,0.0316888504,0,0,1,0,1,0,1.0,0
0.769430816,0.638869166,0.462725371,1,0,0,1,0,0,0.0,0
0.265651226,0.560450852,0.724070787,0,1,0,1,0,0,0.0,1
0.260212749,0.584347069,0.301178724,0,1,0,0,1,0,1.0,0
0.203346133,0.895545542,0.462726504,0,0,1,0,1,0,1.0,2
0.403395027,0.387835979,0.219397768,1,0,0,0,0,1,0.0,2
0.854661405,0.247774825,0.772787809,1,0,0,0,0,1,1.0,2
0.83651644,0.483466119,0.060511563,0,1,0,0,1,0,1.0,1
0.413682997,0.247680932,0.705383062,0,1,0,0,0,1,0.5,2
0.609662771,0.523480415,0.378940016,0,0,1,1,0,0,0.5,2
0.734775484,0.908332705,0.0415960699,1,0,0,1,0,0,1.0,1
0.279146433,0.636561871,0.85346961,0,1,0,0,1,0,0.0,1
0.209734038,0.862661183,0.48772186,1,0,0,1,0,0,0.0,2
0.973491192,0.207881376,0.599318981,0,1,0,0,0,1,1.0,2
0.636679471,0.905829906,0.73203069,0,0,1,0,1,0,1.0,1
0.982344925,0.621697783,0.655074418,0,1,0,1,0,0,0.5,1
0.370868176,0.0801718011,0.730856895,0,1,0,0,1,0,0.0,1
0.71788013,0.651463032,0.762281656,0,1,0,1,0,0,0.0,0
0.261473447,0.953827083,0.589151502,0,0,1,1,0,0,0.5,0
0.298140168,0.125208646,0.365637839,0,0,1,1,0,0,0.0,0
0.536307037,0.603333294,0.243142143,0,0,1,1,0,0,0.5,2
0.353637218,0.919704676,0.902903259,0,1,0,0,1,0,0.0,1
0.209240481,0.0592104085,0.969924867,0,1,0,1,0,0,1.0,0
0.299736679,0.649367273,0.357662767,1,0,0,1,0,0,0.5,1
0.0839609727,0.501157165,0.11231073,0,0,1,1,0,0,0.5,2
0.719202459,0.379639864,0.222537324,0,0,1,0,1,0,0.0,2
0.517510831,0.646159649,0.67066735,0,1,0,1,0,0,0.5,0
0.139530912,0.10006699,0.17293337,0,0,1,1,0,0,0.5,2
0.2131093,0.765409887,0.78012228,1,0,0,1,0,0,0.0,2
0.147407815,0.0542555042,0.923030257,0,0,1,0,1,0,1.0,0
0.631963193,0.341588944,0.963651538,0,0,1,1,0,0,0.0,1
0.139499843,0.528760731,0.00932550617,0,0,1,1,0,0,0.0,2
0.766568244,0.408171147,0.958154142,1,0,0,0,1,0,0.0,1
0.0694853738,0.34210214,0.74019444,1,0,0,0,0,1,0.5,2
0.286906987,0.839293361,0.0840502307,0,0,1,0,1,0,1.0,2
0.896133363,0.93809092,0.415240467,1,0,0,0,0,1,0.5,1
0.732604742,0.880027056,0.700045466,0,1,0,0,0,1,0.0,1
0.119319916,0.546309769,0.956685483,0,0,1,0,0,1,0.5,2
0.83006978,0.889955938,0.164141387,1,0,0,0,0,1,1.0,2
0.518383384,0.924818516,0.127733275,1,0,0,0,0,1,0.0,2
0.854443848,0.438776463,0.472347051,1,0,0,0,1,0,1.0,1
0.620702803,0.319273561,0.968098879,0,1,0,1,0,0,0.0,1
0.697741389,0.143351942,0.97137922,1,0,0,0,1,0,0.0,2
0.993826509,0.505137324,0.227914736,0,1,0,0,1,0,0.0,2
0.270718783,0.94898206,0.319347143,0,1,0,1,0,0,1.0,0
0.642748296,0.582862139,0.908032,1,0,0,1,0,0,0.0,1
0.487305313,0.684184015,0.734841466,0,1,0,0,1,0,0.5,1
0.087479353,0.157239631,0.972316444,1,0,0,0,1,0,0.0,0
0.063747108,0.186343685,0.893148363,1,0,0,0,1,0,0.0,2
0.163267151,0.491249591,0.215096056,1,0,0,0,1,0,0.0,2
0.666637182,0.953701556,0.759726882,0,0,1,1,0,0,0.5,1
0.58880496,0.392745405,0.0485652313,0,1,0,0,0,1,0.5,0
0.5757581,0.883609831,0.817832768,0,1,0,0,1,0,1.0,1
0.0802639276,0.164274171,0.601556778,1,0,0,0,0,1,0.0,2
0.495837837,0.636166334,0.956100941,0,1,0,0,0,1,1.0,1
0.928391695,0.620582342,0.960032463,1,0,0,0,1,0,1.0,1
0.427712262,0.866881013,0.0508151092,0,1,0,0,1,0,0.0,1
0.643676341,0.0531508699,0.160521492,0,1,0,1,0,0,0.0,2
0.790827751,0.230435088,0.484207034,1,0,0,0,0,1,0.5,0
0.794728994,0.258703232,0.879493535,1,0,0,0,1,0,0.5,2
0.543316066,0.952467799,0.814445138,1,0,0,0,1,0,1.0,2
0.865054369,0.19600898,0.964370012,0,1,0,1,0,0,0.0,2
0.421809196,0.0851142332,0.618084133,0,0,1,0,1,0,1.0,0
0.894258559,0.557738423,0.256563514,0,0,1,0,0,1,0.5,1
0.278215796,0.55213052,0.0251066387,0,1,0,0,1,0,1.0,1
0.316205591,0.851844609,0.222926497,0,1,0,0,1,0,0.0,0
0.10046459,0.951416671,0.67527318,1,0,0,1,0,0,1.0,2
0.805802763,0.561618149,0.926274836,1,0,0,0,0,1,1.0,0
0.446202487,0.933494449,0.320903659,1,0,0,0,0,1,0.0,0
0.267660797,0.738901198,0.875704348,0,1,0,0,0,1,0.0,0
0.270200759,0.301331162,0.394898236,1,0,0,0,1,0,0.0,0
0.90632993,0.931999683,0.308271259,1,0,0,0,1,0,0.5,2
0.842220783,0.684071004,0.508844256,0,1,0,0,1,0,1.0,0
0.575854361,0.443391144,0.442273498,0,0,1,0,0,1,1.0,1
0.635305285,0.696229994,0.913799882,1,0,0,0,0,1,0.0,1
0.500609279,0.431247175,0.46825695,0,0,1,0,0,1,0.0,2
0.422083229,0.158474579,0.277335376,1,0,0,0,0,1,0.5,2
0.919703066,0.733029783,0.842565596,1,0,0,0,1,0,0.0,2
0.169332072,0.832883239,0.998749495,1,0,0,1,0,0,0.5,1
0.447524458,0.742365897,0.648171425,0,1,0,0,0,1,0.5,1
0.37733382,0.267658949,0.25046137,0,1,0,1,0,0,0.5,0
0.523243189,0.958803236,0.238815084,1,0,0,0,0,1,0.0,1
0.484750271,0.0739918351,0.0577066951,1,0,0,1,0,0,1.0,1
0.542945027,0.366051018,0.0772930384,0,1,0,1,0,0,0.0,1
0.182923034,0.297087818,0.914983094,0,1,0,1,0,0,1.0,0
0.537484407,0.0957199186,0.0964871049,0,0,1,0,1,0,0.0,0
0.280297875,0.435443223,0.484343857,0,1,0,1,0,0,0.5,1
0.225114778,0.641959071,0.698121786,1,0,0,0,1,0,1.0,2
0.111592509,0.888425231,0.850354791,0,1,0,1,0,0,0.0,0
0.77451992,0.990205228,0.171270952,0,0,1,0,1,0,0.0,0
0.456069827,0.817685127,0.437778682,0,0,1,0,0,1,1.0,1
0.645311475,0.4952465,0.251480192,1,0,0,0,0,1,0.5,1
0.741213679,0.737519205,0.255823076,0,1,0,1,0,0,0.5,1
0.695350826,0.851442575,0.303839296,0,0,1,0,1,0,1.0,2
0.49697569,0.492041826,0.587116241,0,0,1,0,0,1,0.0,1
0.418503612,0.795801699,0.016577471,0,0,1,0,1,0,0.5,0
0.407161921,0.508519769,0.408766299,1,0,0,0,1,0,0.0,2
0.658046365,0.41717118,0.186830133,0,0,1,0,0,1,0.5,1
0.520054638,0.54978627,0.967118502,0,1,0,0,1,0,0.0,1
0.856675625,0.69206202,0.582729161,1,0,0,0,1,0,0.5,2
0.880966902,0.740537941,0.868095458,0,1,0,0,1,0,0.0,1
0.212032363,0.388899446,0.195689991,0,1,0,0,0,1,0.0,1
0.179421976,0.592754245,0.810015678,0,0,1,0,1,0,0.5,2
0.648880899,0.914377332,0.414782465,1,0,0,0,0,1,0.5,2
0.336164474,0.97749728,0.177694693,1,0,0,0,1,0,0.0,1
0.0676421821,0.265885681,0.761245191,0,1,0,0,1,0,1.0,2
0.894210517,0.233189613,0.762011111,1,0,0,0,0,1,0.0,0
0.265555739,0.692851365,0.995887935,1,0,0,0,0,1,1.0,1
0.932816625,0.443949699,0.780937254,1,0,0,0,1,0,0.5,1
0.731562734,0.0730112195,0.145267248,1,0,0,0,1,0,1.0,1
0.774520814,0.379518777,0.322544754,0,0,1,1,0,0,0.0,0
0.241388425,0.816407502,0.451726913,0,1,0,0,1,0,0.5,0
0.27248469,0.807555556,0.126652807,0,1,0,0,0,1,0.5,0
0.545204341,0.519950867,0.788038969,1,0,0,0,1,0,1.0,1
0.213494867,0.498949051,0.52669853,1,0,0,1,0,0,0.5,2
0.340160102,0.600532055,0.944449544,0,1,0,0,1,0,1.0,2
0.355389357,0.258426875,0.589308143,0,1,0,1,0,0,0.0,0
0.201648444,0.549741447,0.522899091,0,0,1,0,0,1,0.5,0
0.244923696,0.0604940429,0.0714251548,1,0,0,0,0,1,0.0,2
0.799124241,0.501781583,0.149345905,0,1,0,0,1,0,1.0,2
0.208836064,0.36924848,0.849526048,0,0,1,1,0,0,1.0,2
0.0770345256,0.691126108,0.990675986,0,0,1,0,0,1,0.0,2
0.64788717,0.656435907,0.415179133,1,0,0,0,1,0,1.0,1
0.977183938,0.411794096,0.810086071,0,0,1,0,0,1,1.0,1
0.364653111,0.0569093339,0.627585769,0,0,1,0,1,0,0.0,0
0.162722915,0.289659947,0.959059298,0,0,1,1,0,0,0.0,2
0.591867983,0.65168047,0.23813723,0,0,1,0,1,0,0.5,0
0.911036491,0.118754677,0.544835746,0,0,1,0,0,1,0.5,1
0.794858694,0.152260303,0.408795804,1,0,0,0,1,0,0.0,1
0.641390085,0.664683282,0.54171598,1,0,0,0,0,1,0.5,2
0.349303663,0.767979026,0.268858075,1,0,0,1,0,0,1.0,1
0.564786136,0.355472237,0.49774617,1,0,0,0,0,1,0.5,2
0.1366826,0.515189409,0.624804139,0,1,0,0,0,1,0.5,2
0.694998145,0.94842577,0.0812158808,1,0,0,1,0,0,1.0,0
0.738841236,0.948266387,0.742987275,1,0,0,1,0,0,0.0,0
0.966780066,0.342127621,0.706522942,1,0,0,0,1,0,1.0,1
0.297377497,0.819488466,0.88045758,0,0,1,1,0,0,0.5,1
0.0675335974,0.614246845,0.42585656,0,0,1,0,0,1,1.0,2
0.568328023,0.97671026,0.0616691336,0,0,1,0,1,0,0.0,0
0.721450984,0.50373292,0.461461127,1,0,0,1,0,0,0.5,1
0.800887108,0.785971522,0.137609169,0,1,0,0,0,1,0.0,0
0.234051988,0.77973026,0.647446811,0,1,0,1,0,0,0.0,2
0.298665226,0.522561252,0.0471315235,1,0,0,0,0,1,1.0,0
0.536961377,0.805848598,0.373996407,0,1,0,1,0,0,0.0,0
0.364070773,0.297988325,0.0828429013,0,1,0,0,1,0,1.0,2
0.86748594,0.166140378,0.00336643402,1,0,0,0,1,0,1.0,1
0.500072122,0.453905553,0.960557222,0,0,1,0,1,0,0.5,2
0.809599698,0.946449101,0.996127367,0,1,0,0,0,1,0.0,0
0.601588786,0.525707364,0.555502951,0,0,1,0,1,0,0.0,1
0.78443563,0.653496206,0.238955855,1,0,0,0,1,0,0.0,2
0.366039336,0.64295435,0.911099017,0,0,1,0,1,0,0.0,0
0.839845777,0.175944224,0.923036575,0,1,0,0,0,1,0.0,1
0.310843706,0.42078203,0.854508877,0,0,1,0,1,0,1.0,1
0.568793893,0.721592009,0.544369996,0,0,1,0,1,0,0.5,0
0.253306746,0.973390579,0.0747021586,0,0,1,1,0,0,0.5,0
0.501750171,0.209616855,0.0884389281,1,0,0,0,0,1,0.0,0
0.352266461,0.4399198,0.896619797,1,0,0,0,1,0,1.0,2
0.30336827,0.140339106,0.875826836,1,0,0,0,1,0,1.0,2
0.968635738,0.280257642,0.43439725,1,0,0,0,1,0,0.0,1
0.2020704,0.407921374,0.328154624,0,0,1,1,0,0,0.5,2
0.797959566,0.56361109,0.644123912,0,1,0,1,0,0,0.0,0
0.984956682,0.269038528,0.806987941,0,0,1,1,0,0,1.0,2
0.0689064115,0.266184539,0.731684923,0,0,1,0,1,0,0.0,2
0.714076042,0.788938463,0.615602911,0,0,1,0,0,1,0.0,2
0.290266216,0.964509606,0.231511042,0,1,0,0,0,1,0.0,2
0.0884634331,0.357432306,0.262504876,0,1,0,1,0,0,1.0,2
0.432745099,0.70359242,0.724067509,0,1,0,0,1,0,0.5,1
0.938456893,0.295176446,0.802619874,0,0,1,0,0,1,0.0,1
0.0611768402,0.931554615,0.116135187,1,0,0,0,1,0,0.5,0
0.608491421,0.689257264,0.187297046,1,0,0,1,0,0,0.5,1
0.526326656,0.812543035,0.680470288,0,0,1,1,0,0,1.0,2
0.879714966,0.0968863443,0.388986588,1,0,0,0,1,0,0.0,0
0.129801631,0.618580699,0.563292861,1,0,0,0,0,1,0.0,2
0.697449744,0.551231742,0.614814937,0,0,1,0,0,1,0.5,1
0.696104228,0.328347057,0.776203454,0,0,1,1,0,0,0.5,1
0.68562603,0.299308479,0.805716932,1,0,0,0,1,0,0.5,1
0.945217788,0.601023555,0.280096233,0,0,1,1,0,0,1.0,0
0.831933141,0.721161366,0.541296721,1,0,0,0,0,1,1.0,1
0.0898740888,0.0815141201,0.123523936,0,1,0,0,1,0,0.5,2
0.497528702,0.589031518,0.842015147,0,1,0,0,1,0,1.0,1
0.428055406,0.211936548,0.845447958,0,0,1,1,0,0,1.0,1
0.344639868,0.183344588,0.299505711,1,0,0,0,1,0,1.0,1
0.478769898,0.641963542,0.160620213,0,1,0,0,1,0,0.0,2
0.414984465,0.345326602,0.0700917765,0,0,1,0,1,0,1.0,0
0.460717201,0.468836218,0.574976444,0,1,0,0,1,0,0.5,2
0.980298758,0.391998857,0.0914281011,0,1,0,1,0,0,0.0,0
0.134201333,0.665919483,0.680594862,0,0,1,0,1,0,0.5,2
0.926119328,0.496613771,0.678126395,0,1,0,0,0,1,1.0,0
0.506224871,0.965285718,0.613987386,0,0,1,1,0,0,0.5,2
0.642555118,0.384763628,0.876560509,0,0,1,0,1,0,0.5,1
0.83867383,0.753270149,0.378280699,0,1,0,1,0,0,1.0,2
0.392439872,0.294427931,0.902269602,0,1,0,0,0,1,0.5,1
0.458900809,0.53331542,0.036925368,1,0,0,0,1,0,1.0,1
0.439042568,0.574941278,0.11275699,0,1,0,0,1,0,1.0,0
0.405994475,0.362653822,0.412205577,1,0,0,1,0,0,1.0,1
0.929252863,0.498191506,0.593993008,0,0,1,1,0,0,0.5,2
0.837483406,0.31531471,0.0323756374,0,1,0,1,0,0,0.5,0
0.153549984,0.0557007417,0.56743449,0,1,0,1,0,0,0.5,2
0.152717188,0.254865885,0.307398319,0,0,1,1,0,0,0.0,2
0.456476033,0.715060949,0.887146831,0,1,0,0,1,0,0.5,1
0.143724501,0.782414854,0.533284605,1,0,0,1,0,0,1.0,2
0.638138413,0.316192716,0.587893903,0,1,0,1,0,0,1.0,0
0.186507031,0.437640846,0.945621789,1,0,0,1,0,0,0.0,2
0.546254575,0.0854973793,0.764171004,0,1,0,0,0,1,0.0,1
0.0568589494,0.275209755,0.438273281,0,1,0,0,1,0,0.0,1
0.35076654,0.790258348,0.476879627,0,0,1,1,0,0,0.0,2
0.693331182,0.625686944,0.647923887,1,0,0,0,1,0,0.5,1
0.509836972,0.245481998,0.200199217,0,0,1,0,1,0,0.5,2
0.979355991,0.29456991,0.0886508375,0,0,1,1,0,0,1.0,2
0.880398631,0.825961947,0.311236531,0,0,1,0,0,1,0.5,0
0.391117245,0.248629987,0.778382778,1,0,0,0,0,1,0.0,1
0.0932122171,0.36744985,0.257323802,0,0,1,0,1,0,0.0,2
0.853344977,0.68114078,0.130759194,1,0,0,1,0,0,0.0,0
0.9156726,0.583056748,0.219022602,1,0,0,0,1,0,0.0,1
0.829596043,0.487826705,0.6789729,0,1,0,0,1,0,0.5,0
0.171552449,0.904754043,0.613948047,1,0,0,1,0,0,1.0,2
0.998019397,0.258724928,0.688314974,1,0,0,0,0,1,1.0,1
0.295655012,0.754348874,0.321958125,0,1,0,0,1,0,0.5,1
0.737994671,0.201110646,0.900856137,0,0,1,0,1,0,0.0,2
0.912633121,0.634947121,0.451770365,0,1,0,0,1,0,0.5,1
0.273902744,0.877092361,0.513713002,0,1,0,0,1,0,0.5,0
0.912845612,0.48500669,0.948807955,0,1,0,0,1,0,1.0,1
0.344007492,0.738079786,0.979277253,1,0,0,1,0,0,0.5,1
0.977592587,0.829373658,0.661542714,0,1,0,0,0,1,0.0,2
0.317197025,0.179225102,0.944813192,1,0,0,1,0,0,0.5,1
0.955764055,0.720535576,0.541507363,1,0,0,1,0,0,1.0,1
0.10086742,0.923848987,0.307282954,1,0,0,1,0,0,1.0,2
0.723808408,0.597552061,0.315092862,1,0,0,0,0,1,1.0,1
0.555505574,0.226816133,0.558940589,0,0,1,1,0,0,0.5,1
0.5039832,0.170595407,0.605036139,1,0,0,0,0,1,0.0,2
0.262319595,0.296748579,0.439617068,1,0,0,0,1,0,0.0,2
0.720315993,0.148337603,0.883771479,0,1,0,0,1,0,0.0,1
0.231269017,0.537724376,0.426696122,0,1,0,1,0,0,1.0,2
0.575199723,0.116219446,0.273423642,1,0,0,0,1,0,1.0,0
0.290583104,0.26223439,0.00798187871,0,0,1,0,1,0,1.0,0
0.957840323,0.467914909,0.970569253,0,0,1,0,1,0,0.0,1
0.0771996304,0.500218987,0.824313283,0,1,0,1,0,0,1.0,1
0.239741862,0.58712858,0.615559578,0,0,1,1,0,0,1.0,2
0.280195087,0.720334232,0.830542266,0,1,0,0,0,1,0.5,0
0.443364441,0.0948672071,0.810289204,0,0,1,0,1,0,1.0,2
0.271093726,0.126589909,0.931850791,0,0,1,1,0,0,1.0,2
0.516781628,0.107816197,0.386067688,0,0,1,0,1,0,0.0,2
0.878842235,0.45199281,0.554852247,0,1,0,1,0,0,0.0,2
0.726460278,0.08975555,0.0986280218,0,1,0,0,0,1,0.5,0
0.600963891,0.758777201,0.965315402,1,0,0,0,0,1,0.0,1
0.134553015,0.261850178,0.985127091,1,0,0,1,0,0,0.0,2
0.709292531,0.942251861,0.789084256,0,0,1,0,1,0,1.0,1
0.208093569,0.51208359,0.454120994,0,0,1,0,0,1,0.5,2
0.797049046,0.474009454,0.496566743,0,0,1,1,0,0,1.0,1
0.287553906,0.791511774,0.435366929,0,1,0,0,0,1,1.0,2
0.446196288,0.727496266,0.293310642,0,0,1,1,0,0,0.5,2
0.3829467,0.626943588,0.527791381,1,0,0,0,0,1,0.0,1
0.865873218,0.938389361,0.053445071,0,0,1,1,0,0,0.5,0
0.170217231,0.451146305,0.991887033,1,0,0,0,0,1,1.0,0
0.587362647,0.818105102,0.424050122,0,0,1,0,0,1,0.5,1
0.184958532,0.411088288,0.927366555,0,0,1,1,0,0,0.0,2
0.719556034,0.846428394,0.724271476,0,0,1,0,0,1,0.5,2
0.909824193,0.296500891,0.28994292,1,0,0,1,0,0,1.0,0
0.462877274,0.32480371,0.222052619,1,0,0,0,0,1,1.0,1
0.51368767,0.693976045,0.995675445,0,1,0,0,0,1,1.0,2
0.931051672,0.252077639,0.772126377,1,0,0,1,0,0,1.0,1
0.544941843,0.26769647,0.249661475,0,0,1,0,0,1,0.0,1
0.513218522,0.339999318,0.0674450472,1,0,0,0,0,1,0.5,0
0.59941262,0.69498235,0.696916521,0,0,1,1,0,0,0.5,2
0.70476824,0.89491868,0.303016454,0,0,1,0,1,0,0.5,1
0.151539207,0.690839291,0.221330807,1,0,0,1,0,0,0.0,2
0.830054998,0.836423516,0.734937429,0,1,0,0,1,0,0.5,1
0.463729769,0.566382587,0.679261327,1,0,0,0,0,1,0.5,2
0.118731081,0.115477063,0.481412679,1,0,0,0,1,0,0.0,2
0.79687351,0.145442903,0.942655921,0,0,1,0,1,0,1.0,1
0.408102483,0.576672375,0.679638386,1,0,0,1,0,0,1.0,1
0.145349115,0.361410916,0.893419564,0,1,0,0,1,0,0.0,2
0.652090073,0.259539664,0.190552935,0,0,1,0,1,0,0.0,0
0.88612479,0.492944092,0.29664591,1,0,0,0,0,1,1.0,2
0.89336586,0.683171928,0.104520135,0,1,0,1,0,0,0.0,0
0.959780276,0.415742338,0.304580003,0,0,1,1,0,0,0.5,0
0.874320209,0.812415123,0.971778333,0,1,0,0,1,0,0.5,1
0.0520338751,0.751597106,0.962856233,0,1,0,0,0,1,0.0,2
0.411229104,0.748169124,0.760386348,0,0,1,1,0,0,1.0,1
0.82761544,0.985930204,0.521048248,1,0,0,0,0,1,0.5,1
0.397940367,0.330468476,0.780779779,0,1,0,0,1,0,1.0,2
0.621471107,0.662489295,0.553486943,0,0,1,0,1,0,0.5,0
0.62600112,0.862704396,0.00350850471,1,0,0,1,0,0,1.0,2
0.396774054,0.600548208,0.501547098,0,1,0,0,1,0,0.0,0
0.909250259,0.800027072,0.598923445,0,0,1,0,0,1,0.5,0
0.528066933,0.443729579,0.265748352,0,1,0,0,0,1,0.5,2
0.491544992,0.610966802,0.203293562,1,0,0,0,1,0,0.5,0
0.997638047,0.102883071,0.273809105,1,0,0,0,1,0,0.0,1
0.518825352,0.986479223,0.623627722,1,0,0,0,0,1,0.0,1
0.219478339,0.810017586,0.146064118,0,0,1,0,1,0,1.0,2
0.537415981,0.875368595,0.720328331,1,0,0,0,1,0,1.0,1
0.823315918,0.709579587,0.422674835,1,0,0,0,1,0,1.0,2
0.788017333,0.226747528,0.353347868,0,0,1,0,0,1,0.5,0
0.799152672,0.0794770196,0.807231307,1,0,0,0,1,0,1.0,1
0.722622573,0.871423781,0.506063223,1,0,0,0,0,1,1.0,2
0.291506946,0.426514119,0.378400564,1,0,0,1,0,0,0.5,2
0.868979871,0.300671637,0.878154695,0,0,1,0,1,0,1.0,2
0.898771286,0.583589315,0.368251622,1,0,0,0,1,0,0.5,1
0.234445065,0.449853599,0.859000266,0,1,0,0,1,0,0.5,2
0.17393285,0.669082701,0.50419867,0,0,1,1,0,0,1.0,2
0.976824701,0.50960356,0.208007097,0,1,0,0,1,0,1.0,2
0.874907792,0.712371469,0.612818182,0,0,1,0,0,1,1.0,2
0.898574352,0.860752106,0.28532353,0,0,1,0,1,0,0.0,1
0.892057538,0.235779166,0.147155136,0,0,1,0,0,1,1.0,1
0.564602494,0.362961233,0.0865293741,0,1,0,0,0,1,0.0,2
0.664081633,0.464974821,0.241697341,1,0,0,0,0,1,0.5,1
0.56809473,0.963955522,0.736554623,1,0,0,0,0,1,0.5,1
0.0986460298,0.397066921,0.837999225,1,0,0,0,0,1,1.0,2
0.758227944,0.412044853,0.86172086,1,0,0,0,1,0,1.0,1
0.530065417,0.670798898,0.270148277,0,0,1,0,1,0,1.0,0
0.665323615,0.448239714,0.660972953,0,0,1,0,1,0,0.0,2
0.527507842,0.953662574,0.230354056,0,1,0,0,0,1,0.5,0
0.517220736,0.899745345,0.622762144,1,0,0,1,0,0,0.0,1
0.21319966,0.537738323,0.887210965,0,0,1,0,1,0,1.0,1
0.31477803,0.662536502,0.0408936813,1,0,0,0,1,0,0.0,0
0.200910062,0.105129033,0.985225677,1,0,0,0,1,0,0.5,2
0.235882983,0.710943997,0.827087879,0,1,0,0,0,1,1.0,2
0.974328518,0.721840858,0.761662126,0,0,1,0,1,0,0.0,1
0.195457771,0.391239345,0.691362917,1,0,0,0,0,1,0.5,2
0.305806905,0.258698732,0.770273864,0,1,0,0,1,0,1.0,1
0.611060202,0.919324458,0.994595349,0,1,0,0,1,0,1.0,1
0.629669666,0.455369651,0.770191312,1,0,0,0,0,1,1.0,1
0.196275428,0.671020806,0.351600796,1,0,0,0,0,1,1.0,2
0.804031551,0.0816623569,0.613921881,0,1,0,0,1,0,0.0,2
0.795942724,0.443363816,0.336923003,0,1,0,0,0,1,0.0,0
0.275451809,0.826395869,0.970065415,1,0,0,0,0,1,1.0,1
0.324232996,0.418197215,0.900139749,1,0,0,0,0,1,1.0,2
0.941088498,0.623003125,0.567620218,0,1,0,1,0,0,0.0,0
0.834387898,0.249363005,0.781273782,0,0,1,0,0,1,0.0,1
0.712907195,0.445699364,0.909686923,0,1,0,0,0,1,1.0,1
0.128121555,0.931255817,0.243600264,0,1,0,1,0,0,1.0,1
0.447350889,0.588129163,0.57948184,0,0,1,0,0,1,0.0,1
0.581336796,0.9068349,0.481716305,1,0,0,1,0,0,0.0,1
0.228040725,0.906918347,0.771591365,0,1,0,0,1,0,0.0,1
0.475815266,0.946940422,0.379082531,1,0,0,0,1,0,0.0,1
0.6209746,0.90062207,0.708979666,0,0,1,0,1,0,1.0,1
0.361007839,0.0531170741,0.402993083,0,1,0,0,0,1,0.0,1
0.791897595,0.937314153,0.111074865,1,0,0,1,0,0,1.0,0
0.848427117,0.180586472,0.10712143,1,0,0,0,1,0,0.0,1
0.357428998,0.0879299417,0.119056322,1,0,0,0,0,1,0.0,1
0.846724272,0.102619112,0.032519877,1,0,0,0,1,0,0.5,0
0.148397744,0.381470382,0.53297317,1,0,0,0,1,0,0.5,2
0.845842659,0.639763892,0.671902657,1,0,0,0,1,0,0.5,0
0.195112914,0.432195634,0.126728401,0,1,0,0,0,1,0.0,2
0.128780797,0.074276574,0.61185801,0,1,0,1,0,0,0.5,2
0.659686625,0.502658486,0.597740054,0,0,1,1,0,0,0.5,1
0.498340487,0.470024198,0.147094056,1,0,0,1,0,0,1.0,2
0.91249609,0.769006789,0.404082596,0,0,1,1,0,0,0.5,1
0.395029724,0.315632254,0.755135715,0,1,0,0,0,1,0.5,1
0.322794646,0.25665462,0.0167560261,0,0,1,0,0,1,1.0,2
0.525698185,0.293142021,0.146947891,0,1,0,0,0,1,0.0,0
0.483148873,0.338552833,0.99582839,0,1,0,0,1,0,0.5,0
0.377206653,0.619206607,0.733544886,0,0,1,1,0,0,1.0,1
0.709054232,0.497949213,0.464130282,0,1,0,0,0,1,1.0,0
0.771583736,0.370049834,0.629801393,0,1,0,0,1,0,0.5,0
0.860334754,0.405598462,0.84622097,0,0,1,0,1,0,1.0,1
0.974213779,0.402377486,0.842304587,0,0,1,0,1,0,0.5,1
0.303323388,0.973786354,0.324701428,1,0,0,1,0,0,0.0,2
0.730288804,0.271347135,0.491291434,0,0,1,0,0,1,0.5,0
0.424545318,0.827158511,0.638055086,0,1,0,0,1,0,0.0,0
0.693227887,0.722800314,0.0718969181,1,0,0,0,0,1,1.0,0
0.502182603,0.0552915037,0.945796609,0,1,0,0,1,0,1.0,1
0.994084477,0.993517399,0.432741821,0,0,1,0,1,0,0.0,0
0.742457032,0.768617392,0.370862335,0,1,0,0,0,1,0.5,0
0.954866707,0.698327124,0.907100379,0,0,1,0,1,0,0.5,1
0.843221068,0.435058475,0.118286647,0,0,1,0,1,0,0.5,0
0.907755971,0.577442944,0.0392607972,0,0,1,0,1,0,1.0,2
0.823698223,0.290607363,0.685002387,1,0,0,1,0,0,1.0,1
0.486201167,0.0837092325,0.385002971,0,0,1,0,1,0,0.0,1
0.289199024,0.844220579,0.764475822,0,1,0,1,0,0,0.5,1
0.401804179,0.901660264,0.0685446113,1,0,0,1,0,0,1.0,1
0.0692244247,0.204347104,0.383757144,1,0,0,0,0,1,1.0,2
0.547793508,0.797703266,0.235325217,1,0,0,1,0,0,1.0,1
0.529804885,0.754095018,0.739606559,0,1,0,0,1,0,0.0,1
0.548987925,0.219456255,0.22717011,0,0,1,1,0,0,1.0,0
0.975329638,0.450737357,0.457945347,1,0,0,0,0,1,0.0,0
0.915881276,0.451620013,0.818877578,0,0,1,0,0,1,0.0,1
0.203627139,0.77196604,0.915390551,0,0,1,0,1,0,0.0,1
0.400438398,0.845777869,0.722605765,0,1,0,1,0,0,0.5,1
0.452758372,0.140036359,0.429228425,1,0,0,1,0,0,0.5,1
0.392506272,0.584820747,0.5719859,0,1,0,0,0,1,1.0,1
0.80857116,0.773661077,0.689689934,1,0,0,0,0,1,0.5,0
0.547835767,0.79688108,0.874932647,1,0,0,0,0,1,0.5,0
0.593494833,0.190593854,0.888574004,0,0,1,0,0,1,1.0,2
0.860362887,0.54922986,0.930969477,0,0,1,0,0,1,0.0,1
0.815631747,0.864680767,0.810711086,1,0,0,1,0,0,0.0,1
0.175600946,0.352592647,0.14679794,1,0,0,1,0,0,1.0,2
0.728218853,0.453861058,0.747639537,0,0,1,1,0,0,1.0,1
0.463664323,0.814140558,0.814592361,1,0,0,0,1,0,0.5,1
0.329916447,0.134853542,0.877871454,1,0,0,0,1,0,0.0,1
0.0975178778,0.866518617,0.924816906,1,0,0,0,1,0,0.5,2
0.512887061,0.345598876,0.509159803,0,1,0,1,0,0,0.0,0
0.387664855,0.0513777994,0.655092716,1,0,0,1,0,0,0.0,1
0.28893739,0.272451192,0.00955277681,1,0,0,0,1,0,0.5,0
0.709938169,0.135025606,0.572783589,0,0,1,1,0,0,0.0,2
0.781011105,0.137765661,0.473198384,0,0,1,0,0,1,0.0,1
0.282550037,0.708193958,0.962306023,0,1,0,0,1,0,0.0,2
0.0969750658,0.25327751,0.901709318,0,0,1,1,0,0,0.5,2
0.856315076,0.938005269,0.797603905,1,0,0,0,0,1,0.5,1
0.0594617538,0.540622294,0.0569941849,0,1,0,0,1,0,1.0,2
0.940256894,0.487093359,0.402028829,1,0,0,1,0,0,0.0,1
0.646238863,0.462569356,0.69604224,1,0,0,1,0,0,0.0,1
0.355754316,0.707958281,0.0296607427,1,0,0,0,0,1,0.0,2
0.284154028,0.479649633,0.235813797,0,1,0,0,1,0,0.5,2
0.0585553795,0.172170341,0.8875072,0,0,1,1,0,0,0.0,2
0.273697853,0.886163592,0.129780769,0,0,1,0,0,1,0.5,0
0.180841893,0.456975579,0.0513735041,0,0,1,1,0,0,0.5,1
0.631557882,0.120304346,0.580585778,1,0,0,1,0,0,0.5,0
0.208218306,0.552897692,0.946464598,0,1,0,0,1,0,0.5,0
0.55219835,0.664979517,0.834624767,0,0,1,0,1,0,1.0,1
0.610610604,0.311803341,0.974772513,0,1,0,1,0,0,0.5,1
0.333139628,0.810323358,0.753523171,0,1,0,1,0,0,1.0,1
0.0833116993,0.686287045,0.437369764,1,0,0,0,1,0,0.5,2
0.0853911862,0.66782409,0.946616411,0,1,0,1,0,0,0.5,0
0.0750299692,0.449783713,0.426633269,0,0,1,1,0,0,0.0,2
0.752168417,0.963819563,0.350094616,0,0,1,1,0,0,0.5,0
0.352109224,0.310479701,0.448195904,0,1,0,0,0,1,0.0,2
0.806485176,0.59882021,0.813973963,0,1,0,0,0,1,0.5,1
0.460146189,0.343602389,0.917693555,0,1,0,0,1,0,1.0,1
0.4803482,0.757564545,0.357682109,0,1,0,1,0,0,1.0,2
0.537238479,0.0954019129,0.462247461,0,0,1,1,0,0,1.0,2
0.727379858,0.0935991779,0.898327351,0,0,1,0,0,1,0.5,1
0.309827715,0.820317924,0.0470436662,1,0,0,0,1,0,0.0,0
0.165507987,0.462554753,0.78386867,0,1,0,0,1,0,0.5,2
0.578254461,0.37412104,0.454217762,0,0,1,1,0,0,0.0,1
0.360628754,0.627150536,0.376518339,0,1,0,1,0,0,1.0,1
0.470366746,0.716804385,0.446921289,0,0,1,0,0,1,0.0,0
0.664599359,0.241141275,0.418690681,1,0,0,0,0,1,1.0,1
0.519419432,0.226159677,0.756618619,0,0,1,0,1,0,0.0,1
0.639264882,0.960243225,0.927947521,0,0,1,0,0,1,0.0,1
0.566990018,0.610181093,0.491455823,1,0,0,0,0,1,0.0,0
0.752806544,0.420610666,0.83273381,0,1,0,0,1,0,1.0,2
0.720639765,0.811369598,0.731944561,0,0,1,0,1,0,1.0,2
0.557480395,0.548901021,0.330680788,1,0,0,0,1,0,1.0,2
0.694957852,0.279579669,0.587313831,1,0,0,1,0,0,1.0,1
0.87988162,0.246398538,0.666815698,1,0,0,1,0,0,0.0,0
0.460657716,0.427016288,0.0234993715,0,0,1,0,0,1,1.0,1
0.442124933,0.86690104,0.395955563,0,1,0,0,0,1,0.5,1
0.776033342,0.10837552,0.992638171,0,0,1,0,0,1,0.0,1
0.603426158,0.257599711,0.637256444,0,0,1,1,0,0,0.5,1
0.117456444,0.898494244,0.334244072,0,0,1,1,0,0,1.0,0
0.897506416,0.165647835,0.25002405,1,0,0,0,1,0,0.0,1
0.0792439505,0.648144424,0.209481597,0,1,0,0,1,0,1.0,0
0.760976553,0.25283581,0.401641399,0,0,1,1,0,0,0.0,2
0.770854414,0.625573516,0.193265691,0,1,0,1,0,0,0.0,1
0.955455542,0.413948953,0.13518618,0,0,1,1,0,0,1.0,0
0.101427689,0.146593049,0.364063293,0,1,0,0,0,1,1.0,2
0.617013991,0.603351295,0.606999695,1,0,0,0,1,0,0.0,2
0.456448555,0.698890626,0.146399185,0,1,0,0,0,1,0.5,1
0.364101321,0.696258962,0.0443432741,1,0,0,0,1,0,0.0,0
0.135802627,0.65518266,0.0346328169,1,0,0,1,0,0,1.0,0
0.584521413,0.52521354,0.267384261,0,1,0,0,0,1,1.0,0
0.505088687,0.543498993,0.19013229,0,0,1,0,1,0,0.5,0
0.149326742,0.653858125,0.539255381,0,0,1,0,0,1,0.5,2
0.631865025,0.705746412,0.455720186,0,0,1,1,0,0,0.0,2
0.751055479,0.672132909,0.324766606,0,0,1,0,1,0,0.0,1
0.778914392,0.607598305,0.833542824,0,1,0,1,0,0,0.5,1
0.910104513,0.198047042,0.504947007,0,0,1,0,1,0,0.0,1
0.438997209,0.250085711,0.0915299952,0,0,1,0,0,1,1.0,1
0.955419123,0.297212809,0.295764357,1,0,0,0,1,0,0.0,0
0.872157931,0.923678577,0.97333926,0,1,0,0,0,1,0.0,0
0.331676483,0.771425366,0.976977348,1,0,0,1,0,0,0.5,1
0.20131889,0.575223505,0.254671633,1,0,0,1,0,0,1.0,2
0.463619918,0.289454073,0.167236134,0,0,1,0,1,0,0.0,1
0.431803763,0.155346945,0.49568814,0,0,1,1,0,0,0.0,2
0.596933365,0.90382129,0.481464922,0,1,0,0,1,0,1.0,2
0.604216933,0.898032725,0.410137683,1,0,0,0,0,1,1.0,0
0.76248765,0.155160815,0.529357255,0,0,1,0,1,0,1.0,1
0.534395456,0.807355821,0.232195377,1,0,0,0,1,0,0.0,1
0.149581507,0.474312812,0.114929341,0,0,1,0,1,0,0.5,2
0.86537677,0.357768595,0.570461452,0,0,1,1,0,0,0.0,0
0.344276369,0.752149284,0.932597995,0,0,1,0,0,1,0.0,1
0.972732604,0.63361305,0.13774927,0,0,1,0,1,0,1.0,1
0.161967099,0.791028619,0.704814732,0,1,0,0,0,1,1.0,1
0.960338593,0.12061242,0.437896699,1,0,0,1,0,0,0.0,1
0.136461213,0.352657676,0.293976575,1,0,0,0,1,0,1.0,2
0.269484341,0.353350997,0.853109241,0,1,0,0,1,0,0.0,1
0.0942509472,0.363265425,0.456491709,0,1,0,0,0,1,1.0,1
0.719857514,0.52735585,0.583312035,0,1,0,0,0,1,0.5,1
0.857783794,0.318863124,0.443056285,0,0,1,0,0,1,0.0,1
0.462367535,0.472164422,0.0812495798,0,0,1,0,1,0,0.0,2
0.932095945,0.399388701,0.594904661,1,0,0,0,1,0,1.0,2
0.610784113,0.748531222,0.418840975,0,1,0,0,0,1,0.0,1
0.648506761,0.623325765,0.0867566094,1,0,0,0,0,1,0.0,0
0.853148222,0.670947969,0.595811725,0,1,0,0,0,1,0.0,2
0.331960201,0.250054687,0.00987093244,1,0,0,1,0,0,1.0,0
0.386552423,0.359227061,0.208520383,0,1,0,0,1,0,1.0,1
0.910654306,0.0701071769,0.781069517,0,1,0,0,0,1,0.0,1
0.90591532,0.152955979,0.0379274264,0,0,1,1,0,0,0.5,0
0.977658629,0.301801533,0.646682084,1,0,0,0,1,0,0.5,1
0.906746387,0.112190537,0.949706972,0,0,1,1,0,0,0.0,2
0.171003431,0.622500777,0.171192452,0,0,1,0,0,1,0.5,0
0.832538068,0.998223603,0.417111874,1,0,0,1,0,0,0.0,1
0.439346552,0.145774454,0.575497687,0,0,1,1,0,0,1.0,0
0.991261303,0.830168724,0.45041585,0,1,0,0,0,1,0.5,2
0.498666912,0.162875429,0.62037766,0,1,0,0,0,1,0.5,2
0.576144278,0.686418295,0.404097527,0,1,0,0,1,0,0.0,1
0.553286195,0.660999715,0.148504123,0,1,0,1,0,0,0.0,0
0.355650187,0.907581091,0.0890443623,0,0,1,0,0,1,1.0,1
0.121270984,0.158248335,0.744443178,1,0,0,0,0,1,0.5,2
0.900868654,0.349672228,0.238623947,0,0,1,0,0,1,0.5,2
0.812542021,0.136240765,0.847450316,1,0,0,0,1,0,0.5,1
0.182550445,0.437014163,0.74302727,1,0,0,1,0,0,0.5,2
0.787929833,0.916013539,0.049453184,0,0,1,0,0,1,0.0,2
0.644554317,0.792446971,0.20121111,0,0,1,1,0,0,1.0,1
0.438686609,0.736755073,0.291992664,0,1,0,0,0,1,0.5,1
0.291320086,0.556376159,0.594482243,1,0,0,0,0,1,1.0,1
0.866742373,0.889311433,0.80982703,1,0,0,1,0,0,0.0,1
0.715178847,0.476969719,0.0603332557,1,0,0,1,0,0,0.0,1
0.570352912,0.192201391,0.249608949,0,1,0,0,1,0,0.0,0
0.62909013,0.845705986,0.376209766,1,0,0,0,1,0,1.0,1
0.136512876,0.315656424,0.183377162,1,0,0,1,0,0,1.0,2
0.500223756,0.100951865,0.545292079,0,1,0,0,0,1,0.5,0
0.234015271,0.169736132,0.478002489,0,0,1,0,1,0,1.0,0
0.247964501,0.628605962,0.316495627,0,1,0,1,0,0,1.0,2
0.67823875,0.626727879,0.51688689,0,1,0,0,1,0,0.5,0
0.915693343,0.297174007,0.35582155,0,0,1,1,0,0,0.0,2
0.433568776,0.740821123,0.343194067,1,0,0,0,0,1,0.0,2
0.247361809,0.784958124,0.265395522,0,0,1,0,1,0,1.0,1
0.666309595,0.924477518,0.540437937,1,0,0,0,1,0,0.5,2
0.877627671,0.605690598,0.4441154,0,1,0,0,1,0,1.0,1
0.760902882,0.790452182,0.196324781,1,0,0,0,1,0,1.0,1
0.875319362,0.765444696,0.0129662612,0,1,0,1,0,0,0.0,1
0.559726954,0.294918597,0.15092954,1,0,0,1,0,0,0.5,1
0.764282405,0.344714642,0.0428346023,0,1,0,0,1,0,1.0,2
0.183061332,0.504558265,0.431598842,1,0,0,0,0,1,1.0,2
0.380860895,0.068087019,0.225096852,1,0,0,1,0,0,1.0,1
0.420071721,0.332527876,0.420455337,1,0,0,1,0,0,0.0,1
0.535730958,0.500188708,0.329449862,0,0,1,0,0,1,0.0,2
0.932622552,0.152665824,0.538014829,0,1,0,0,1,0,1.0,2
0.880581737,0.169962093,0.72386682,0,1,0,0,1,0,0.5,1
0.177799225,0.490074903,0.47931394,0,1,0,1,0,0,0.0,0
0.214150175,0.744416773,0.0619680621,0,0,1,0,0,1,1.0,2
0.389758527,0.84206146,0.0175104812,0,0,1,0,0,1,0.0,2
0.326206684,0.568998218,0.213231161,0,0,1,1,0,0,0.0,0
0.634032428,0.50101155,0.424967498,0,0,1,0,1,0,1.0,0
0.907637239,0.41506654,0.0449050292,1,0,0,0,1,0,0.0,1
0.964176953,0.23330155,0.327733815,0,1,0,0,0,1,0.0,2
0.670922816,0.189233899,0.887025714,1,0,0,0,0,1,1.0,1
0.846251249,0.802301645,0.0900190249,0,0,1,0,0,1,0.0,0
0.548942089,0.49175629,0.948516488,0,0,1,0,0,1,1.0,2
0.247910604,0.800804257,0.856671751,1,0,0,0,0,1,1.0,1
0.548453987,0.718878865,0.831781149,0,1,0,0,0,1,1.0,2
0.577328444,0.234201118,0.863658488,0,0,1,0,0,1,0.0,1
0.755334675,0.534791887,0.0800502673,1,0,0,0,0,1,0.5,1
0.258888841,0.471815795,0.151168093,1,0,0,0,0,1,0.5,0
0.399894863,0.452679843,0.134372428,1,0,0,1,0,0,0.0,1
0.395826101,0.565442502,0.11124181,1,0,0,0,1,0,0.0,1
0.961467624,0.982977808,0.327711225,0,1,0,1,0,0,1.0,2
0.471747726,0.822255552,0.830216885,0,1,0,1,0,0,0.5,0
0.767339289,0.908526838,0.251962155,0,0,1,0,0,1,0.5,0
0.763270795,0.0781576037,0.244221672,0,0,1,0,0,1,0.0,2
0.302266985,0.183319554,0.675888777,0,1,0,0,0,1,1.0,1
0.593276203,0.13052547,0.0969251022,0,1,0,1,0,0,0.0,1
0.89958775,0.300069451,0.360280007,1,0,0,0,0,1,0.0,0
0.501437843,0.469797879,0.295426309,1,0,0,0,0,1,0.5,2
0.947861612,0.659950614,0.847300887,1,0,0,0,1,0,0.0,1
0.253735304,0.525789678,0.514501274,0,0,1,0,0,1,0.5,0
0.120451152,0.908024728,0.646473587,0,0,1,0,1,0,0.0,2
0.896881163,0.942863166,0.12903434,0,0,1,1,0,0,0.5,1
0.855297148,0.2053449,0.928918242,0,0,1,0,1,0,0.5,0
0.992960393,0.860267282,0.322452158,1,0,0,0,0,1,0.5,1
0.695423841,0.50763607,0.706838846,0,0,1,0,0,1,0.5,0
0.939853549,0.480663002,0.954626203,0,0,1,0,1,0,1.0,1
0.835601568,0.795692384,0.508648872,1,0,0,0,1,0,0.5,0
0.852205038,0.13848348,0.507535279,1,0,0,0,0,1,1.0,1
0.590684474,0.888368487,0.117249422,0,1,0,0,1,0,1.0,0
0.413246363,0.687320173,0.390275568,1,0,0,0,1,0,0.0,1
0.93783015,0.881498516,0.852464914,0,0,1,0,0,1,0.5,2
0.460511327,0.994753718,0.135106504,1,0,0,1,0,0,0.0,1
0.561878383,0.542104244,0.917504132,0,0,1,1,0,0,0.0,2
0.473808587,0.138599083,0.667309403,0,1,0,0,0,1,0.5,1
0.586577415,0.208197668,0.42095983,0,1,0,0,1,0,0.5,0
0.496979833,0.357437342,0.546498418,0,1,0,1,0,0,0.0,0
0.0955691785,0.148375288,0.150496602,0,0,1,0,1,0,0.0,2
0.887945771,0.824574709,0.217483297,0,0,1,0,0,1,0.5,0
0.472174138,0.332024455,0.286408424,0,1,0,0,1,0,1.0,0
0.609496474,0.977091849,0.384846121,0,1,0,1,0,0,1.0,1
0.182228416,0.717461884,0.915521979,0,0,1,0,1,0,0.0,0
0.0532184541,0.214758858,0.367569029,0,0,1,1,0,0,1.0,2
0.283025593,0.502240539,0.523835242,0,0,1,0,1,0,0.0,0
0.719356716,0.493540019,0.162026167,0,0,1,1,0,0,0.5,0
0.144234806,0.517886102,0.735973179,0,1,0,0,1,0,0.0,2
0.913443089,0.558906615,0.560280859,0,1,0,1,0,0,1.0,2
0.254271448,0.0796144307,0.439907461,1,0,0,1,0,0,1.0,1
0.244363934,0.701986074,0.94718647,1,0,0,0,0,1,1.0,2
0.222432569,0.512832165,0.890650868,0,0,1,0,1,0,0.5,1
0.0632826239,0.801417112,0.659511268,0,1,0,1,0,0,0.5,2
0.783215225,0.8245821,0.921812415,0,0,1,0,1,0,0.5,1
0.881282806,0.269008368,0.564781785,1,0,0,0,1,0,1.0,0
0.633454561,0.0960017964,0.826937139,0,0,1,0,0,1,0.5,2
0.228789985,0.718072176,0.409460157,1,0,0,1,0,0,0.5,1
0.321014106,0.978874624,0.0867441893,1,0,0,1,0,0,0.5,1
0.502130389,0.474325091,0.994148612,0,1,0,0,1,0,0.0,2
0.95662868,0.296632171,0.165631518,0,0,1,0,0,1,1.0,1
0.284983814,0.198838294,0.251510054,0,1,0,1,0,0,1.0,2
0.745063603,0.323073328,0.163103387,1,0,0,1,0,0,1.0,1
0.467475802,0.361523569,0.337479532,1,0,0,0,1,0,0.5,2
0.332954973,0.452681005,0.289280146,0,0,1,1,0,0,0.5,0
0.483120143,0.672636747,0.601102233,0,0,1,0,1,0,0.5,1
0.117646381,0.309504896,0.996460021,0,0,1,1,0,0,0.0,2
0.808753014,0.098427929,0.0525090545,0,0,1,1,0,0,0.0,0
0.281136841,0.404614687,0.778443098,1,0,0,0,0,1,0.0,1
0.739141524,0.862848163,0.12799193,1,0,0,1,0,0,0.5,1
0.11493095,0.523433924,0.0198350251,1,0,0,1,0,0,0.5,2
0.957343638,0.966544569,0.638576806,0,1,0,0,0,1,1.0,0
0.233364239,0.528440475,0.873315215,0,1,0,1,0,0,0.0,2
0.888604999,0.312103868,0.176298514,0,1,0,0,1,0,0.5,0
0.818999529,0.2336483,0.341613799,0,0,1,0,1,0,0.0,1
0.969466925,0.709798276,0.168750212,1,0,0,0,0,1,0.0,2
0.503996134,0.559562206,0.906507552,0,1,0,1,0,0,0.5,1
0.741027415,0.623798966,0.27036044,0,0,1,0,0,1,0.0,0
0.402175128,0.767370462,0.444712877,0,0,1,0,0,1,0.0,0
0.225149825,0.739608288,0.894741297,0,0,1,1,0,0,0.5,2
0.470922142,0.0911951363,0.552869201,1,0,0,1,0,0,0.5,1
0.207461566,0.812443316,0.932849824,0,0,1,1,0,0,0.0,0
0.982942402,0.556068122,0.926450431,0,1,0,0,0,1,1.0,1
0.141434163,0.422123104,0.461601019,0,0,1,0,0,1,1.0,2
0.609751165,0.560643435,0.582382619,1,0,0,0,0,1,1.0,2
0.645140648,0.631828904,0.23031427,1,0,0,1,0,0,0.5,1
0.561175585,0.192030996,0.990535796,0,0,1,0,0,1,1.0,1
0.679076612,0.446544617,0.278316647,1,0,0,0,0,1,0.5,2
0.160371736,0.368806899,0.783307016,1,0,0,1,0,0,0.0,1
0.577267587,0.382888496,0.312969059,0,1,0,1,0,0,0.5,2
0.322851956,0.136768192,0.313042253,0,1,0,0,0,1,1.0,1
0.943167269,0.201851308,0.103862926,0,0,1,0,1,0,1.0,0
0.773968101,0.203740463,0.559895813,1,0,0,0,0,1,1.0,0
0.973888755,0.404563516,0.244832337,1,0,0,0,1,0,1.0,1
0.0856782645,0.899766982,0.148394763,1,0,0,0,0,1,1.0,2
0.320876509,0.245726004,0.226666689,0,1,0,0,1,0,0.0,2
0.235651463,0.445382893,0.251093149,1,0,0,1,0,0,0.0,2
0.0605968572,0.346028954,0.504083455,0,1,0,1,0,0,0.0,2
0.280209452,0.798014164,0.385923028,1,0,0,0,0,1,0.0,1
0.694837213,0.0976201072,0.075490281,0,1,0,1,0,0,0.5,0
0.269534469,0.236716226,0.536028564,0,0,1,0,0,1,1.0,0
0.533553302,0.250109464,0.787747443,0,0,1,0,0,1,1.0,1
0.893427193,0.993314683,0.574235141,1,0,0,1,0,0,0.0,1
0.709070027,0.59223628,0.974540234,1,0,0,0,1,0,0.0,1
0.424897611,0.182010353,0.0991502106,0,1,0,0,0,1,0.0,2
0.403845489,0.30858919,0.821152329,0,1,0,0,1,0,0.5,1
0.482949018,0.209430993,0.505692661,0,1,0,0,1,0,0.5,1
0.218189374,0.168374345,0.52159518,1,0,0,1,0,0,0.0,2
0.652300715,0.807322919,0.519099951,0,1,0,0,0,1,1.0,0
0.395945191,0.52096498,0.325318813,1,0,0,1,0,0,0.5,1
0.859747052,0.64964962,0.32455501,0,1,0,0,0,1,0.0,1
0.768725038,0.364688694,0.631844521,1,0,0,0,1,0,0.0,0
0.629987478,0.576010346,0.044765085,0,1,0,0,0,1,0.0,1
0.3959921,0.294690579,0.588786066,0,1,0,0,1,0,1.0,2
0.249435246,0.342634469,0.724590719,0,1,0,1,0,0,0.5,2
0.787344277,0.669626057,0.356326282,1,0,0,1,0,0,1.0,1
0.512088656,0.192832619,0.217356935,0,0,1,1,0,0,0.5,2
0.263512522,0.636360765,0.213386908,0,0,1,0,0,1,1.0,2
0.235415891,0.859623075,0.0818396509,1,0,0,0,0,1,0.5,2
0.207130864,0.164402068,0.0897193179,1,0,0,1,0,0,1.0,2
0.788303137,0.902588189,0.166687861,0,0,1,0,0,1,0.0,1
0.267537832,0.125473395,0.019172905,0,0,1,0,0,1,1.0,0
0.550310135,0.381463766,0.266235411,0,1,0,0,0,1,0.0,2
0.478969038,0.629983842,0.306401819,0,1,0,0,1,0,1.0,2
0.600630343,0.581444025,0.995221257,1,0,0,0,0,1,0.0,2
0.883297145,0.141571522,0.991687715,0,0,1,1,0,0,0.0,1
0.874360025,0.808967531,0.187048852,0,0,1,1,0,0,1.0,1
0.478522271,0.974495649,0.213032156,1,0,0,0,0,1,1.0,0
0.0645979345,0.222166881,0.491906375,0,0,1,0,1,0,1.0,2
0.455121607,0.900374413,0.148784339,0,1,0,0,1,0,1.0,2
0.625883877,0.578968942,0.504039407,0,0,1,0,1,0,1.0,2
0.579876542,0.939137101,0.399389714,0,0,1,1,0,0,0.0,0
0.6687693,0.217281654,0.324622899,0,1,0,1,0,0,0.0,2
0.196371943,0.802420318,0.822605193,0,0,1,0,0,1,0.5,2
0.664208353,0.106792495,0.828117728,0,1,0,0,0,1,0.5,1
0.223519042,0.889036596,0.987889469,0,1,0,0,0,1,0.5,2
0.762997806,0.690451443,0.223088115,0,1,0,0,1,0,1.0,2
0.372133225,0.401742041,0.888277471,0,0,1,0,0,1,1.0,1
0.72440064,0.230943486,0.53784591,0,1,0,0,0,1,1.0,1
0.0954723209,0.825706422,0.591459453,1,0,0,0,0,1,1.0,2
0.437467039,0.62307924,0.896293223,0,0,1,0,0,1,0.0,1
0.71978277,0.392395049,0.942630768,0,1,0,0,0,1,0.0,2
0.26552698,0.471644044,0.72681123,1,0,0,1,0,0,0.0,0
0.80552268,0.835215509,0.347842425,1,0,0,1,0,0,0.5,0
0.649240732,0.371980846,0.489667982,0,1,0,0,1,0,0.5,2
0.608183682,0.135151044,0.615053892,1,0,0,0,1,0,0.0,0
0.38587141,0.915718079,0.828640044,0,1,0,0,1,0,0.0,1
0.508328915,0.417976558,0.657947719,1,0,0,1,0,0,0.0,1
0.617481828,0.380968124,0.365447611,0,0,1,1,0,0,0.0,1
0.498839021,0.244179636,0.417880446,0,1,0,0,0,1,0.0,0
0.713397682,0.902551472,0.0504377037,1,0,0,0,1,0,0.5,0
0.462012082,0.256630063,0.924267888,1,0,0,0,0,1,1.0,1
0.242159516,0.654839218,0.0881190151,0,1,0,1,0,0,1.0,2
0.253237098,0.886726737,0.579930782,0,0,1,0,0,1,0.0,0
0.0555135794,0.0831679329,0.871651888,0,1,0,0,0,1,1.0,2
0.335909843,0.837352097,0.420865238,1,0,0,0,0,1,0.0,1
0.761471748,0.440069437,0.80012548,0,1,0,0,0,1,0.0,1
0.804454565,0.675075829,0.80381608,0,0,1,1,0,0,1.0,1
0.242344171,0.403784335,0.0598460399,1,0,0,1,0,0,1.0,2
0.961091816,0.710740447,0.412143737,0,0,1,1,0,0,1.0,2
0.527282655,0.29158017,0.691025496,0,0,1,1,0,0,0.0,2
0.921129823,0.0708340183,0.422353506,1,0,0,0,1,0,0.5,0
0.721427023,0.950398147,0.545167267,0,0,1,0,1,0,0.0,2
0.736311734,0.0655493736,0.594457924,1,0,0,0,0,1,1.0,1
0.130791441,0.832894325,0.151229382,0,0,1,0,0,1,0.0,2
0.258991569,0.210680708,0.411981195,0,0,1,0,0,1,0.5,2
0.058374092,0.42260921,0.0284632221,1,0,0,0,0,1,0.5,0
0.730321288,0.831367731,0.149626076,0,0,1,0,1,0,0.0,0
0.377216369,0.245635539,0.512254059,0,0,1,1,0,0,0.0,2
0.797319889,0.872422218,0.573585987,0,0,1,0,0,1,0.5,0
0.371989399,0.522871017,0.146234408,0,1,0,0,1,0,1.0,1
0.828367054,0.397845775,0.755619287,0,0,1,0,1,0,1.0,1
0.174163342,0.679315865,0.372987896,0,1,0,0,0,1,0.0,1
0.214704499,0.374320239,0.920649946,1,0,0,0,0,1,1.0,0
0.373832703,0.37992394,0.387662709,1,0,0,0,1,0,1.0,1
0.438063025,0.746850073,0.14981097,1,0,0,0,1,0,0.0,0
0.381267667,0.344340622,0.757970452,0,1,0,0,0,1,1.0,1
0.775464654,0.240734011,0.56780082,1,0,0,1,0,0,0.5,0
0.142103821,0.817263842,0.386688173,1,0,0,1,0,0,0.0,2
0.383656174,0.815102458,0.35595715,0,0,1,0,0,1,0.5,2
0.845377982,0.522706389,0.15076898,0,1,0,0,0,1,1.0,2
0.113457225,0.550322831,0.340834618,0,1,0,1,0,0,0.5,2
0.945226312,0.711272776,0.0293441415,0,1,0,0,1,0,0.5,0
0.987001002,0.533810556,0.502401888,1,0,0,0,0,1,0.5,0
0.134139761,0.446187973,0.896723747,0,1,0,0,0,1,0.5,0
0.326708883,0.995149493,0.795330822,1,0,0,1,0,0,0.5,1
0.403780639,0.190258414,0.0285211969,1,0,0,0,0,1,0.0,0
0.787571788,0.613091588,0.881260335,1,0,0,0,1,0,0.0,1
0.616130471,0.891569853,0.452324837,1,0,0,0,1,0,0.5,0
0.662147403,0.702854276,0.19089146,0,0,1,0,0,1,0.5,2
0.769634306,0.88687712,0.752411962,0,1,0,0,1,0,1.0,2
0.16208005,0.369517982,0.322873563,0,1,0,0,1,0,0.0,0
0.841548979,0.308393329,0.253318429,1,0,0,0,1,0,0.0,1
0.720338821,0.858708739,0.161318406,1,0,0,0,0,1,1.0,1
0.598474622,0.424408853,0.486621916,1,0,0,0,0,1,1.0,2
0.895248592,0.724198222,0.0933939964,0,0,1,0,0,1,0.0,2
0.715291023,0.190361142,0.78561312,1,0,0,0,1,0,1.0,1
0.241614968,0.7680462,0.470674574,0,1,0,1,0,0,0.0,2
0.458258122,0.571533501,0.446976423,0,1,0,1,0,0,0.5,0
0.519340694,0.305181056,0.00185395649,0,0,1,1,0,0,0.0,0
0.102456748,0.519778788,0.817863882,1,0,0,0,1,0,1.0,2
0.956905663,0.712096453,0.492837071,0,1,0,1,0,0,0.0,1
0.172148392,0.0612920895,0.439894527,0,0,1,0,0,1,0.5,2
0.712588191,0.655593693,0.761384904,0,1,0,0,1,0,0.5,2
0.530919492,0.56451124,0.0628985465,0,0,1,1,0,0,0.0,1
0.0743506402,0.25927186,0.366680443,1,0,0,0,1,0,0.5,2
0.928510129,0.765332043,0.57573396,0,1,0,0,1,0,0.5,2
0.859244943,0.33828795,0.460577577,0,1,0,0,0,1,0.0,1
0.548045039,0.313017875,0.181638896,1,0,0,0,1,0,0.5,0
0.267495215,0.497657418,0.299276501,1,0,0,0,0,1,0.0,1
0.165541753,0.692342222,0.300200552,0,0,1,0,0,1,0.5,2
0.395222843,0.932403684,0.991970778,1,0,0,1,0,0,1.0,1
0.292656869,0.184289381,0.326197118,0,1,0,1,0,0,0.0,1
0.531356633,0.426644713,0.205182061,0,1,0,0,1,0,1.0,2
0.968088806,0.113640115,0.822637141,1,0,0,1,0,0,1.0,1
0.596205831,0.770623207,0.421171248,1,0,0,0,1,0,1.0,1
0.895434499,0.475346237,0.44386369,1,0,0,0,0,1,0.5,2
0.668334901,0.721582651,0.548889041,1,0,0,0,1,0,0.0,2
0.501484215,0.356084704,0.595689178,0,1,0,0,0,1,0.0,2
0.861877203,0.852101386,0.590555608,0,0,1,0,0,1,1.0,1
0.497799695,0.558086693,0.0344997235,0,1,0,0,1,0,1.0,1
0.875196755,0.946427405,0.818842411,0,1,0,0,0,1,0.5,1
0.326997936,0.124873906,0.194852814,0,0,1,1,0,0,0.0,1
0.172372416,0.538563013,0.292342126,1,0,0,0,1,0,0.0,2
0.862548769,0.778132498,0.173429519,0,0,1,1,0,0,0.5,0
0.608044386,0.620145023,0.767076671,0,1,0,0,0,1,0.0,1
0.894637764,0.0720344335,0.58365798,1,0,0,0,0,1,1.0,2
0.94093585,0.973721743,0.755296171,1,0,0,0,1,0,1.0,1
0.10094697,0.333350509,0.653398395,1,0,0,0,0,1,0.0,2
0.525920808,0.286813974,0.104158632,1,0,0,1,0,0,1.0,1
0.406216323,0.511376858,0.301499784,1,0,0,0,1,0,0.0,2
0.644565463,0.565050185,0.507265151,1,0,0,0,1,0,0.0,1
0.803911626,0.777973711,0.304945022,0,0,1,1,0,0,0.5,2
0.316560715,0.423609972,0.207303911,1,0,0,0,0,1,0.5,1
0.578958452,0.467962354,0.869811952,0,0,1,0,0,1,0.0,1
0.723292172,0.558211923,0.747783661,0,0,1,0,1,0,1.0,1
0.177709535,0.424667746,0.345220059,0,0,1,1,0,0,0.5,0
0.823363543,0.918820679,0.765012383,1,0,0,0,1,0,1.0,2
0.625804126,0.858689368,0.627538621,1,0,0,0,1,0,0.0,1
0.95206058,0.482225001,0.0037857336,1,0,0,0,0,1,1.0,2
0.372552484,0.0501851179,0.380262017,1,0,0,0,1,0,0.0,2
0.152738646,0.905887783,0.290487498,0,1,0,1,0,0,1.0,2
0.53117615,0.168119743,0.217908621,0,1,0,1,0,0,0.0,1
0.131520227,0.282286793,0.251589388,1,0,0,1,0,0,0.5,2
0.971050203,0.194743216,0.942364872,0,1,0,1,0,0,0.5,2
0.0867507085,0.220824793,0.486317068,1,0,0,0,0,1,1.0,2
0.765828729,0.81273365,0.847708702,1,0,0,0,0,1,1.0,1
0.548847258,0.600526392,0.214217156,1,0,0,0,0,1,0.5,2
0.400189608,0.958290398,0.174403802,1,0,0,0,0,1,0.5,0
0.112550057,0.269880831,0.888789594,1,0,0,1,0,0,0.0,2
0.641058564,0.511353135,0.495704681,1,0,0,1,0,0,0.5,1
0.605959296,0.978556931,0.895152152,1,0,0,0,1,0,0.0,1
0.316839099,0.835121334,0.0630288497,0,0,1,0,1,0,0.5,2
0.914710641,0.742184877,0.91643554,0,0,1,0,0,1,0.0,1
0.3389045,0.229526445,0.415445328,0,1,0,0,1,0,0.0,2
0.477239132,0.780935109,0.155370489,0,1,0,0,0,1,0.0,2
0.566574335,0.380186856,0.68338269,0,0,1,0,0,1,1.0,0
0.14522028,0.554010034,0.796902657,0,0,1,0,0,1,0.0,1
0.93555361,0.628703177,0.0473747291,0,0,1,0,1,0,0.5,0
0.405809343,0.628895521,0.987195969,0,1,0,0,1,0,0.5,1
0.126740247,0.740197301,0.697026908,1,0,0,0,0,1,0.5,0
0.41792661,0.678617001,0.321401983,0,1,0,1,0,0,0.0,2
0.620192409,0.114952333,0.151293799,1,0,0,0,1,0,1.0,0
0.537970066,0.484479666,0.392531425,1,0,0,1,0,0,0.0,1
0.709814847,0.680820525,0.220565662,0,1,0,0,0,1,1.0,1
0.102709748,0.331193328,0.494153231,1,0,0,0,0,1,1.0,2
0.320313573,0.347403854,0.781892717,0,1,0,0,1,0,0.5,1
0.828269064,0.168339163,0.660130382,0,0,1,0,1,0,0.5,0
0.125899002,0.447684228,0.435934901,0,0,1,0,1,0,0.5,2
0.862711668,0.987488925,0.118943922,0,1,0,0,0,1,0.0,0
0.137301281,0.321053386,0.957156897,0,1,0,1,0,0,0.5,2
0.842731476,0.554865062,0.270370513,0,1,0,1,0,0,0.5,0
0.392748982,0.756075382,0.277834535,0,1,0,0,1,0,0.0,2
0.631598592,0.062822409,0.64550221,1,0,0,0,1,0,0.0,1
0.195242763,0.905417562,0.770509601,0,0,1,0,1,0,1.0,2
0.112860285,0.417222679,0.984152794,0,1,0,1,0,0,1.0,0
0.255141288,0.875660181,0.969164252,0,1,0,0,1,0,0.0,2
0.17146112,0.0870002732,0.913760543,0,0,1,0,1,0,0.0,2
0.346785605,0.188380376,0.435313553,0,1,0,0,0,1,1.0,1
0.538664103,0.356402993,0.166669667,0,0,1,0,1,0,0.5,2
0.609321475,0.37818867,0.584471226,0,0,1,0,0,1,1.0,0
0.800374687,0.855404496,0.0172565058,0,1,0,1,0,0,0.5,0
0.67342788,0.0606410578,0.196248844,1,0,0,0,1,0,1.0,2
0.628320396,0.659056187,0.00252939691,0,1,0,1,0,0,0.5,0
0.441192925,0.174746811,0.180535913,1,0,0,1,0,0,1.0,1
0.500118017,0.832054853,0.474757135,0,1,0,1,0,0,0.5,0
0.443794787,0.789644599,0.393324316,1,0,0,1,0,0,1.0,1
0.850057721,0.524924994,0.369296551,0,0,1,1,0,0,0.0,2
0.268500417,0.252052873,0.830952883,0,0,1,0,0,1,1.0,2
0.0554348864,0.652770638,0.674996316,0,1,0,0,0,1,0.0,2
0.668753922,0.198445395,0.936431766,0,1,0,1,0,0,1.0,1
0.242339075,0.230522603,0.44534108,1,0,0,1,0,0,0.0,2
0.895609379,0.645355403,0.272229671,1,0,0,0,1,0,1.0,0
0.866093993,0.991667032,0.122684538,1,0,0,1,0,0,1.0,1
0.122891001,0.8965078,0.672027409,1,0,0,0,0,1,0.0,2
0.151068985,0.613452017,0.841741085,1,0,0,0,0,1,0.0,2
0.520413041,0.561609924,0.183739364,0,1,0,0,0,1,0.0,0
0.62876153,0.998465657,0.878752768,0,0,1,0,0,1,0.5,2
0.311162919,0.570027292,0.526276231,1,0,0,1,0,0,1.0,1
0.730957806,0.449110687,0.144080639,0,0,1,0,0,1,0.5,0
0.61517024,0.914077759,0.642863333,0,0,1,0,0,1,0.5,1
0.358582914,0.272475094,0.520052731,0,1,0,0,0,1,0.5,0
0.0741029158,0.142649695,0.0281835478,1,0,0,0,1,0,0.5,2
0.762642741,0.652385533,0.399243206,1,0,0,1,0,0,0.0,1
0.254015982,0.141057149,0.784788013,1,0,0,0,0,1,0.0,1
0.842750072,0.404491097,0.555423737,1,0,0,0,0,1,0.5,1
0.449275762,0.452398509,0.282041132,0,1,0,1,0,0,0.5,0
0.598223567,0.570161164,0.928641737,0,1,0,0,0,1,0.0,1
0.87930131,0.992076576,0.237779036,1,0,0,0,0,1,0.0,2
0.870441854,0.259932637,0.252736002,1,0,0,0,0,1,0.5,0
0.402943611,0.406968564,0.354639351,0,0,1,0,1,0,0.5,1
0.248444453,0.175628111,0.894537866,0,0,1,0,0,1,0.0,0
0.786388755,0.62723285,0.507625401,1,0,0,0,0,1,0.0,0
0.461426198,0.741289496,0.682179034,1,0,0,1,0,0,1.0,1
0.232439891,0.507972956,0.976264179,0,0,1,1,0,0,1.0,1
0.909204066,0.283539712,0.783296287,0,0,1,0,1,0,1.0,1
0.238198981,0.639843881,0.17260012,1,0,0,1,0,0,1.0,2
0.0745168105,0.562199831,0.78835392,0,0,1,1,0,0,0.5,2
0.0692659765,0.212626442,0.74833715,0,1,0,0,1,0,0.0,2
0.641199589,0.435397804,0.232616991,0,0,1,0,0,1,0.5,2
0.678591311,0.463437229,0.325349838,1,0,0,1,0,0,1.0,2
0.345489621,0.983486891,0.710128248,0,1,0,1,0,0,1.0,2
0.354010433,0.856821537,0.238393098,0,1,0,0,1,0,0.5,2
0.372519225,0.747652233,0.208186865,0,0,1,1,0,0,0.5,1
0.696150601,0.894338191,0.703472793,1,0,0,1,0,0,0.0,1
0.105227098,0.748710215,0.880595505,0,0,1,0,0,1,1.0,2
0.93266052,0.908231735,0.0750166848,0,0,1,0,1,0,1.0,2
0.261394978,0.101825461,0.445907742,0,0,1,0,0,1,0.5,1
0.999689519,0.483262897,0.607175231,0,1,0,0,0,1,0.0,1
0.212946564,0.759553432,0.676276803,0,0,1,0,0,1,0.5,2
0.782969117,0.604130983,0.996195912,0,0,1,0,1,0,0.5,1
0.26224193,0.21640785,0.682691932,0,0,1,1,0,0,0.5,0
0.126804456,0.373467475,0.620154142,0,0,1,0,0,1,1.0,2
0.881186664,0.351885647,0.989734173,1,0,0,0,1,0,0.0,0
0.865813673,0.298279554,0.0606681406,1,0,0,1,0,0,0.5,0
0.433391869,0.375978768,0.0744368955,1,0,0,0,1,0,0.5,2
0.717276335,0.539110601,0.560682535,0,1,0,0,0,1,0.0,1
0.579212666,0.862125576,0.358664602,1,0,0,0,1,0,1.0,1
0.86030829,0.754931033,0.0966975167,0,0,1,0,0,1,0.5,0
0.349303156,0.843487203,0.306448907,0,0,1,0,1,0,0.5,2
0.547488809,0.889423549,0.674354494,1,0,0,0,0,1,1.0,2
0.511103749,0.445342928,0.880614936,0,1,0,1,0,0,1.0,1
0.386210531,0.378724962,0.094324477,0,1,0,0,1,0,1.0,2
0.896882296,0.104742214,0.54014504,0,1,0,0,1,0,0.5,2
0.207584023,0.933967054,0.296115577,0,0,1,1,0,0,1.0,2
0.192033201,0.112531871,0.667326152,1,0,0,0,0,1,0.5,2
0.598064065,0.754078746,0.54945147,0,1,0,0,0,1,1.0,2
0.674619496,0.409202904,0.926711023,0,0,1,0,0,1,0.5,1
0.234888285,0.951341748,0.0376838855,0,1,0,1,0,0,1.0,2
0.42118156,0.448621929,0.470037282,0,1,0,0,1,0,0.5,0
0.949235678,0.825777948,0.192759559,1,0,0,0,1,0,0.0,1
0.284286559,0.318522096,0.536781728,0,0,1,0,1,0,1.0,0
0.684942663,0.334134281,0.853579342,0,1,0,1,0,0,1.0,0
0.75314194,0.615743458,0.911316514,0,0,1,0,0,1,0.0,1
0.475722253,0.998083472,0.398231655,0,1,0,0,0,1,0.5,0
0.940649688,0.541693807,0.811780512,1,0,0,0,0,1,0.0,1
0.749823928,0.939493179,0.280508071,0,1,0,0,1,0,0.0,1
0.485028356,0.796937346,0.00630494626,1,0,0,1,0,0,0.5,1
0.590868413,0.806071103,0.855239034,0,1,0,0,0,1,1.0,0
0.707982779,0.464161992,0.119412243,1,0,0,0,0,1,1.0,0
0.612580657,0.417215139,0.0176111236,0,1,0,0,1,0,1.0,2
0.884762704,0.232325718,0.353797674,0,1,0,0,0,1,0.0,0
0.389044225,0.965744197,0.379379988,0,1,0,0,1,0,0.5,2
0.334891438,0.961423934,0.0772201717,0,0,1,0,0,1,1.0,1
0.253146946,0.759714365,0.814182639,0,0,1,0,1,0,0.5,1
0.0858938172,0.331439823,0.40559274,0,1,0,0,1,0,0.0,2
0.0908632651,0.282920569,0.489923626,0,0,1,0,0,1,1.0,0
0.876552463,0.98917973,0.264625281,0,0,1,0,1,0,0.0,0
0.694473505,0.113215677,0.511506736,0,1,0,0,0,1,0.5,2
0.677505791,0.85138607,0.766731381,0,1,0,0,0,1,1.0,2
0.633910656,0.38768509,0.906182706,0,1,0,1,0,0,1.0,1
0.856758177,0.447926223,0.970529616,0,0,1,0,0,1,1.0,1
0.5062536,0.840378761,0.426723927,0,0,1,0,0,1,1.0,1
0.876890302,0.136072859,0.990033865,0,0,1,1,0,0,0.0,1
0.391472787,0.386461198,0.294955701,0,1,0,1,0,0,0.0,0
0.930372119,0.95442307,0.00697593531,0,0,1,0,1,0,0.5,2
0.713724136,0.714112639,0.767617047,0,0,1,1,0,0,1.0,2
0.294318289,0.767192185,0.178435653,1,0,0,1,0,0,0.5,1
0.585880697,0.769630015,0.0524548367,1,0,0,0,1,0,0.0,2
0.55637902,0.107541576,0.924008906,0,1,0,1,0,0,0.5,1
0.181003883,0.243047208,0.791810811,0,1,0,0,0,1,0.0,2
0.611680746,0.516700089,0.102664798,0,0,1,1,0,0,1.0,1
0.34904635,0.399742723,0.776910126,1,0,0,0,1,0,0.5,2
0.0997313261,0.440366685,0.843999684,1,0,0,0,0,1,1.0,0
0.951223373,0.792375028,0.90530169,0,1,0,0,1,0,0.0,1
0.659415841,0.0639452711,0.543694079,0,0,1,1,0,0,0.5,2
0.883072972,0.677467346,0.703412056,0,1,0,0,0,1,0.5,2
0.692253232,0.0501047187,0.762239277,0,0,1,1,0,0,1.0,1
0.389134496,0.109905601,0.688638926,1,0,0,0,1,0,1.0,2
0.537053645,0.437871814,0.646833599,0,0,1,0,1,0,1.0,0
0.691959441,0.848901093,0.547559261,1,0,0,1,0,0,0.5,1
0.962239683,0.187745973,0.479195446,1,0,0,0,1,0,0.0,2
0.290985972,0.576890349,0.996125042,1,0,0,1,0,0,1.0,1
0.881228209,0.694579959,0.337560773,0,1,0,0,1,0,1.0,2
0.927873909,0.268056244,0.0882687718,0,1,0,0,1,0,0.0,0
0.686894715,0.536713719,0.765036941,0,1,0,0,1,0,0.5,1
0.93470329,0.91583693,0.213824376,0,0,1,0,1,0,0.5,0
0.427984655,0.5366171,0.532693386,0,1,0,0,0,1,0.0,2
0.95536536,0.199456915,0.0958015174,1,0,0,0,0,1,1.0,1
0.717643738,0.646423578,0.619283855,0,1,0,1,0,0,0.5,2
0.0899054781,0.612590194,0.944007397,1,0,0,1,0,0,1.0,2
0.911529183,0.0756070241,0.722704709,0,1,0,1,0,0,1.0,1
0.510249197,0.136064678,0.214534774,0,0,1,1,0,0,0.0,1
0.487310648,0.198942289,0.97113806,0,0,1,0,1,0,0.5,1
0.588143289,0.179474622,0.307086945,1,0,0,0,1,0,0.0,2
0.191915318,0.296492487,0.43661499,0,1,0,0,1,0,0.5,2
0.49570775,0.481400043,0.49811703,0,1,0,1,0,0,1.0,2
0.83957088,0.403130472,0.990718722,1,0,0,0,0,1,1.0,0
0.0647083372,0.896117389,0.0688913986,0,0,1,1,0,0,0.5,2
0.309271306,0.63150394,0.696728289,0,1,0,0,0,1,0.5,0
0.0523318574,0.882337153,0.361930877,0,1,0,0,0,1,1.0,2
0.444925755,0.550687373,0.0783253163,0,1,0,0,1,0,1.0,2
0.741899729,0.135376945,0.935031652,0,0,1,0,1,0,0.0,1
0.808833241,0.490123063,0.589858294,0,1,0,1,0,0,1.0,2
0.947930276,0.830930948,0.753517985,0,0,1,1,0,0,1.0,1
0.628079355,0.234398574,0.240385443,0,1,0,0,0,1,0.5,0
0.291895509,0.136653557,0.761540949,0,0,1,0,0,1,0.0,1
0.927940547,0.362962991,0.828475416,1,0,0,0,1,0,0.0,1
0.786549985,0.419452935,0.430829406,0,0,1,0,0,1,0.5,0
0.595707059,0.340944797,0.571956456,1,0,0,0,0,1,0.5,1
0.710858226,0.178478748,0.971872509,0,1,0,1,0,0,0.0,0
0.928100526,0.288297862,0.846729636,0,1,0,1,0,0,0.5,2
0.726774335,0.698168278,0.444850057,0,1,0,0,0,1,0.5,1
0.399955779,0.416632086,0.664573848,1,0,0,0,0,1,0.0,0
0.727376819,0.650922,0.784231484,0,1,0,0,0,1,0.5,1
0.0882642567,0.559488595,0.0243288204,0,0,1,1,0,0,0.5,2
0.417094797,0.571600318,0.588365972,0,0,1,1,0,0,0.0,1
0.436006874,0.286122084,0.984528601,1,0,0,0,1,0,0.0,2
0.208496317,0.545465887,0.947180629,0,0,1,0,1,0,0.5,2
0.0719312057,0.0724149793,0.832440376,1,0,0,0,1,0,1.0,0
0.17671217,0.46015656,0.106214091,1,0,0,0,1,0,1.0,2
0.671890438,0.593991697,0.994041443,0,1,0,1,0,0,0.5,1
0.81217438,0.222895846,0.609538138,1,0,0,0,1,0,0.5,1
0.988793314,0.293730587,0.222908244,0,0,1,1,0,0,1.0,2
0.379045337,0.258554459,0.674268663,0,0,1,1,0,0,0.0,2
0.619410276,0.117030054,0.856523573,0,1,0,0,1,0,1.0,2
0.940287709,0.380464464,0.112327762,1,0,0,1,0,0,1.0,1
0.20868969,0.980017483,0.916438162,0,1,0,0,0,1,0.0,2
0.731763303,0.386186391,0.920204282,0,1,0,0,1,0,0.5,1
0.767229795,0.487509787,0.0134644061,0,1,0,0,1,0,0.0,2
0.134526759,0.670432866,0.900319099,0,1,0,0,0,1,0.5,0
0.868186891,0.666072845,0.946817935,0,1,0,0,1,0,0.5,2
0.822449803,0.952400208,0.0376917981,1,0,0,1,0,0,1.0,2
0.0817328542,0.864685953,0.294166327,0,0,1,1,0,0,0.0,2
0.136530191,0.804253161,0.373107493,1,0,0,1,0,0,0.5,2
0.0966705456,0.954045892,0.348890483,1,0,0,0,1,0,0.0,2
0.368006349,0.269227117,0.759003222,0,1,0,0,0,1,0.5,1
0.533824563,0.636201501,0.358104467,0,0,1,0,0,1,0.0,2
0.555730343,0.892836928,0.956578791,1,0,0,0,1,0,0.0,1
0.30428341,0.642931223,0.994992614,1,0,0,1,0,0,0.5,2
0.916017056,0.97854948,0.316818863,0,0,1,1,0,0,0.0,1
0.399849653,0.145335078,0.508800745,1,0,0,0,1,0,0.5,1
0.0932726488,0.467363983,0.55770582,0,0,1,0,1,0,0.5,2
0.335215747,0.978494763,0.579402804,1,0,0,1,0,0,0.0,1
0.554553926,0.410589635,0.374208987,0,1,0,0,1,0,1.0,2
0.437810719,0.752578557,0.165993497,0,0,1,0,0,1,0.0,1
0.310150385,0.0788827538,0.0545605421,1,0,0,0,0,1,0.5,2
0.174757093,0.710095286,0.106348664,1,0,0,0,1,0,0.5,2
0.828206301,0.937895417,0.901291251,0,0,1,1,0,0,0.5,1
0.99633795,0.41357097,0.280375004,0,0,1,0,0,1,0.0,2
0.363065034,0.0702348426,0.0768229812,0,0,1,0,1,0,1.0,2
0.412539989,0.0765143111,0.623529673,0,0,1,1,0,0,1.0,0
0.637135625,0.897422135,0.0753071532,0,0,1,0,1,0,0.5,0
0.732519388,0.736390293,0.0700529367,0,0,1,0,1,0,0.5,1
0.422428071,0.151352063,0.621570528,0,1,0,0,1,0,1.0,0
0.909683049,0.101860762,0.591395259,0,1,0,0,1,0,0.5,0
0.582003772,0.814584076,0.0414772853,0,0,1,0,1,0,0.5,2
0.477870584,0.819367588,0.460477829,1,0,0,1,0,0,0.5,1
0.664339125,0.164495751,0.435768306,0,1,0,0,0,1,0.5,0
0.955163658,0.336444378,0.546689153,0,1,0,1,0,0,1.0,0
0.80482465,0.791024745,0.737844706,1,0,0,0,0,1,1.0,1
0.0880124718,0.549141467,0.282800049,0,1,0,0,1,0,1.0,0
0.365694404,0.958755612,0.432780296,0,1,0,0,1,0,0.0,0
0.497017443,0.507009506,0.79274267,0,0,1,1,0,0,1.0,1
0.348791689,0.693110049,0.9225564,0,1,0,1,0,0,0.5,1
0.715178192,0.534294188,0.89132297,0,1,0,0,0,1,0.0,1
0.834955692,0.945817232,0.477630943,0,1,0,0,1,0,0.5,1
0.744777858,0.428726137,0.520865798,0,0,1,1,0,0,0.5,2
0.989866614,0.268306643,0.529105425,1,0,0,0,1,0,0.0,1
0.308920264,0.36030218,0.868715584,1,0,0,0,1,0,0.5,1
0.88124001,0.860136449,0.839939535,1,0,0,0,1,0,0.5,1
0.778291523,0.523041606,0.311532527,1,0,0,0,0,1,0.0,0
0.394069821,0.386539698,0.162849694,0,1,0,0,1,0,1.0,0
0.747418344,0.567047,0.378974557,0,0,1,0,0,1,0.5,0
0.148872152,0.176568225,0.288406372,0,0,1,1,0,0,1.0,2
0.799866796,0.0550913401,0.950780749,0,1,0,1,0,0,0.5,1
0.555714071,0.31655544,0.265915692,1,0,0,0,1,0,0.5,2
0.32767567,0.624755442,0.181206688,0,0,1,0,1,0,0.5,0
0.672988415,0.726096749,0.899479091,0,1,0,0,0,1,0.0,0
0.659538984,0.835280418,0.0864786059,0,1,0,0,1,0,1.0,2
0.249011919,0.930330396,0.260266066,0,1,0,0,1,0,0.5,2
0.0788775459,0.441506743,0.439111203,0,1,0,0,1,0,1.0,2
0.461941451,0.753490984,0.595107377,0,0,1,0,0,1,0.5,2
0.59103626,0.120939285,0.327672899,0,1,0,0,0,1,0.0,2
0.882775009,0.1046535,0.496234,0,0,1,0,1,0,1.0,0
0.931805968,0.168558091,0.198831186,0,1,0,0,1,0,0.0,1
0.552364945,0.476140648,0.574274123,0,1,0,1,0,0,1.0,1
0.766113281,0.250717372,0.407816797,0,0,1,0,0,1,1.0,0
0.467338115,0.322578698,0.849259675,0,1,0,1,0,0,1.0,0
0.758778036,0.665486157,0.415734142,1,0,0,0,1,0,0.5,2
0.244561449,0.390596062,0.44381541,0,0,1,0,1,0,0.0,2
0.402511507,0.579503,0.592175007,0,0,1,0,1,0,0.5,1
0.652516603,0.441783577,0.123170003,0,1,0,0,1,0,0.5,0
0.0672500655,0.210520789,0.156795174,0,0,1,0,0,1,0.0,2
0.736338258,0.120318994,0.790237725,0,0,1,0,1,0,1.0,2
0.843758702,0.274419934,0.273418784,1,0,0,1,0,0,0.0,1
0.429184586,0.104815446,0.684696913,0,0,1,1,0,0,0.5,0
0.475545287,0.637681365,0.0974269733,1,0,0,1,0,0,0.5,1
0.858718097,0.805931747,0.821846664,0,0,1,0,0,1,1.0,2
0.78687191,0.372753739,0.988228083,1,0,0,1,0,0,0.5,1
0.323742002,0.417755514,0.373690933,0,0,1,0,0,1,0.5,0
0.357777297,0.825381517,0.505530119,0,0,1,0,0,1,0.5,0
0.694934309,0.261482269,0.442711979,1,0,0,0,1,0,0.5,2
0.585038185,0.163202256,0.894187748,1,0,0,0,0,1,0.5,1
0.204118088,0.526062191,0.00993403792,1,0,0,0,0,1,0.5,2
0.344433427,0.663880646,0.653459311,0,0,1,0,0,1,0.0,0
0.904984117,0.619671702,0.652368248,0,1,0,0,1,0,0.5,2
0.70376569,0.728179395,0.382385015,0,1,0,0,1,0,1.0,2
0.98667562,0.10391362,0.219333649,0,0,1,0,1,0,1.0,2
0.778661907,0.45679152,0.239682674,0,0,1,1,0,0,0.0,0
0.944875717,0.276641995,0.800464094,1,0,0,1,0,0,0.5,1
0.25537914,0.771165192,0.0661030933,1,0,0,0,0,1,0.0,1
0.782910645,0.879093945,0.563824117,1,0,0,1,0,0,0.0,1
0.0692066476,0.317268968,0.306840599,0,1,0,0,1,0,1.0,2
0.687222004,0.140457168,0.265247822,0,0,1,1,0,0,1.0,1
0.495818168,0.290756553,0.505737662,0,0,1,0,1,0,0.0,0
0.379422069,0.148808062,0.897861481,0,1,0,1,0,0,0.5,2
0.869284153,0.356301069,0.618091941,1,0,0,0,1,0,1.0,1
0.861554325,0.561288655,0.788610637,1,0,0,1,0,0,0.5,1
0.071186617,0.974996924,0.600683808,1,0,0,0,0,1,0.5,2
0.62902987,0.429401755,0.697715759,1,0,0,1,0,0,0.0,1
0.399440616,0.259037942,0.432407647,0,1,0,1,0,0,0.0,2
0.444877952,0.208461657,0.925981641,1,0,0,0,0,1,0.5,2
0.840438724,0.214387774,0.501938999,1,0,0,0,0,1,1.0,2
0.344347775,0.232967794,0.551774681,0,1,0,0,1,0,1.0,1
0.945896387,0.77415365,0.524965525,1,0,0,0,0,1,1.0,0
0.220652133,0.107976325,0.316189021,0,1,0,1,0,0,1.0,0
0.679586291,0.997532547,0.23123844,1,0,0,0,1,0,0.5,2
0.688499808,0.546552062,0.0738349631,0,0,1,1,0,0,1.0,0
0.289585412,0.567058325,0.718174994,1,0,0,0,1,0,1.0,1
0.358513087,0.38968569,0.289275259,0,0,1,0,1,0,0.0,0
0.843058586,0.705742598,0.389197975,0,1,0,0,0,1,1.0,1
0.773715019,0.497883528,0.919928133,1,0,0,1,0,0,0.0,2
0.362641096,0.362608224,0.566447377,1,0,0,0,1,0,1.0,2
0.557258725,0.301881492,0.0970780626,1,0,0,0,1,0,0.0,1
0.10859628,0.929368675,0.799611926,0,0,1,0,1,0,0.5,2
0.248308584,0.326440036,0.256130606,1,0,0,0,1,0,1.0,0
0.511529505,0.464573592,0.552705824,0,1,0,0,0,1,0.0,2
0.13167505,0.382824332,0.509981453,1,0,0,0,0,1,1.0,2
0.851165712,0.131869882,0.238078848,0,1,0,1,0,0,0.5,2
0.732105911,0.226637676,0.115771033,0,0,1,0,1,0,0.5,0
0.946451962,0.230026871,0.2112616,0,1,0,1,0,0,0.5,2
0.708793581,0.70896703,0.0973377973,0,0,1,1,0,0,0.5,0
0.94338131,0.43625614,0.27562803,0,0,1,0,0,1,1.0,0
0.576786935,0.79286921,0.997297525,0,0,1,0,1,0,0.5,1
0.620207667,0.723503351,0.402092278,0,1,0,0,0,1,1.0,2
0.978122473,0.232447281,0.863888383,0,1,0,0,1,0,0.5,1
0.660022676,0.584771097,0.549177706,0,1,0,0,1,0,1.0,1
0.0792472437,0.755763412,0.666583061,1,0,0,1,0,0,0.5,2
0.737612665,0.651390791,0.156347975,0,1,0,1,0,0,0.5,0
0.910195231,0.620015681,0.274805874,0,0,1,0,0,1,0.0,1
0.805801213,0.752630353,0.510443449,0,1,0,0,0,1,0.5,2
0.604641616,0.103941701,0.881143451,0,0,1,0,1,0,1.0,2
0.687738359,0.744850874,0.0428880341,0,1,0,1,0,0,0.0,2
0.990682185,0.309022486,0.50691998,0,1,0,1,0,0,0.5,2
0.136128977,0.593278646,0.0510122143,0,0,1,0,1,0,0.5,0
0.683882594,0.280189753,0.456822664,0,1,0,0,0,1,0.0,2
0.319227815,0.846876681,0.628868163,1,0,0,0,1,0,1.0,1
0.658085883,0.506531358,0.744723201,1,0,0,1,0,0,0.0,1
0.627242386,0.660794139,0.138532013,0,0,1,0,0,1,0.0,0
0.195783988,0.804377913,0.166575283,0,0,1,0,1,0,0.5,2
0.246409312,0.900549471,0.470064908,0,0,1,1,0,0,1.0,2
0.64054811,0.74545902,0.998036444,1,0,0,0,0,1,1.0,1
0.17181845,0.19133015,0.356046826,0,0,1,0,1,0,0.0,0
0.301921844,0.861805737,0.427527428,0,0,1,0,0,1,0.0,1
0.843483269,0.637649,0.432446748,1,0,0,0,1,0,0.5,2
0.360736936,0.628977299,0.0807008222,0,0,1,1,0,0,0.5,0
0.513657153,0.925273538,0.774172127,0,1,0,0,1,0,0.0,1
0.944083333,0.286389977,0.253101528,0,1,0,0,1,0,0.0,2
0.265791625,0.277608246,0.703667045,0,1,0,1,0,0,1.0,2
0.420144707,0.537533879,0.475089878,0,1,0,0,0,1,0.0,1
0.626134872,0.76331991,0.611779749,1,0,0,0,0,1,0.5,2
0.767571986,0.474878669,0.053971637,0,1,0,1,0,0,0.0,0
0.906570733,0.652196825,0.889965713,0,1,0,1,0,0,1.0,0
0.919699311,0.479898483,0.243856773,1,0,0,0,0,1,1.0,1
0.787808061,0.629867792,0.670095384,1,0,0,1,0,0,1.0,2
0.266914308,0.831149161,0.798019111,1,0,0,0,0,1,1.0,1
0.0735688657,0.221452862,0.540038705,0,1,0,1,0,0,1.0,2
0.414585233,0.710609615,0.337334037,0,0,1,1,0,0,0.5,0
0.184471413,0.798054457,0.977903366,0,0,1,1,0,0,1.0,2
0.724868238,0.474755824,0.278439701,0,1,0,1,0,0,0.5,0
0.678074062,0.357071906,0.948662341,0,0,1,1,0,0,0.5,1
0.0917730629,0.062867105,0.156224132,0,0,1,1,0,0,1.0,2
0.844764113,0.807249784,0.389222145,1,0,0,0,0,1,1.0,0
0.286306113,0.361541718,0.138495579,0,1,0,1,0,0,0.5,0
0.460615724,0.389443994,0.00224047317,0,1,0,0,1,0,0.5,0
0.684537053,0.369205862,0.260258526,0,0,1,0,0,1,1.0,2
0.45794785,0.52380234,0.0872104019,0,1,0,0,1,0,0.5,0
0.46922341,0.717374623,0.98634553,1,0,0,1,0,0,0.0,1
0.112346597,0.783270001,0.761653304,0,0,1,0,0,1,0.0,0
0.431371361,0.422942191,0.00370479631,1,0,0,0,1,0,0.5,0
0.776605487,0.679946959,0.223646581,0,0,1,1,0,0,0.5,1
0.9194175,0.734650016,0.670124233,0,1,0,0,0,1,0.5,1
0.442822278,0.332071453,0.39855212,1,0,0,1,0,0,0.0,1
0.452406526,0.14179039,0.831842542,1,0,0,0,1,0,0.5,1
0.717495739,0.899932444,0.504860759,1,0,0,0,0,1,1.0,1
0.945633411,0.693260193,0.653651416,0,0,1,0,0,1,0.0,0
0.303707898,0.665704906,0.597037375,0,0,1,0,0,1,0.5,0
0.468136996,0.105957389,0.638168871,1,0,0,0,0,1,0.0,1
0.806174576,0.826979399,0.230098858,1,0,0,0,0,1,0.0,2
0.629208863,0.587751448,0.373289436,0,0,1,0,1,0,0.0,2
0.155057028,0.855490208,0.0506292544,0,1,0,0,0,1,1.0,2
0.646346092,0.975833118,0.58763653,0,1,0,0,0,1,1.0,2
0.227408975,0.959245324,0.459258467,1,0,0,1,0,0,1.0,1
0.534705162,0.863284886,0.76071614,0,1,0,0,0,1,0.0,1
0.552648127,0.0604000054,0.206382468,0,0,1,0,1,0,0.5,0
0.882393181,0.891440868,0.436812103,0,1,0,0,1,0,0.0,0
0.489369571,0.121309198,0.180745438,0,0,1,0,1,0,0.5,0
0.315470308,0.858634293,0.61397922,1,0,0,1,0,0,0.5,1
0.269418031,0.316165358,0.848030269,0,1,0,0,0,1,1.0,1
0.880539298,0.629564941,0.765443265,0,1,0,0,1,0,0.5,1
0.212460309,0.0861648172,0.944197953,0,0,1,0,0,1,0.5,1
0.454575121,0.782622635,0.971725762,0,0,1,0,1,0,1.0,1
0.227814466,0.156120822,0.77203387,1,0,0,0,1,0,0.5,2
0.784638822,0.440153778,0.286806077,1,0,0,0,1,0,1.0,0
0.500653982,0.82657373,0.219261378,0,0,1,1,0,0,0.0,1
0.383586496,0.710581541,0.447549045,0,0,1,0,0,1,0.5,1
0.393044651,0.0557405613,0.993883669,1,0,0,0,0,1,1.0,0
0.859603524,0.432880729,0.41266802,0,0,1,0,0,1,0.0,2
0.576085269,0.0898311436,0.199068412,0,1,0,0,0,1,0.0,0
0.731974483,0.689824879,0.944342852,1,0,0,0,1,0,1.0,1
0.902186573,0.970501065,0.385917991,0,1,0,0,0,1,0.5,0
0.906654596,0.672498226,0.690898895,0,0,1,1,0,0,0.5,1
0.362083614,0.263153821,0.788152993,1,0,0,1,0,0,0.5,1
0.95482868,0.387471378,0.843155921,1,0,0,1,0,0,0.5,1
0.0736320913,0.977818012,0.82128036,1,0,0,0,0,1,1.0,2
0.407993793,0.262849778,0.836246848,0,0,1,1,0,0,0.0,1
0.901008904,0.583452642,0.667653441,1,0,0,0,1,0,0.5,1
0.310905039,0.430431128,0.403831065,1,0,0,1,0,0,1.0,1
0.309427381,0.779899538,0.667286873,1,0,0,0,0,1,1.0,0
0.337491184,0.874019802,0.836734354,1,0,0,0,1,0,0.5,1
0.631697714,0.37379542,0.350642473,0,0,1,1,0,0,0.5,0
0.46641615,0.677376568,0.296507984,1,0,0,0,0,1,0.0,1
0.740398109,0.571595311,0.343707204,1,0,0,0,0,1,1.0,0
0.900165081,0.314522266,0.551283419,0,0,1,0,0,1,1.0,1
0.690489411,0.308343768,0.0524438731,1,0,0,0,1,0,0.0,0
0.244243383,0.561700046,0.778970838,0,1,0,0,0,1,0.5,2
0.936047792,0.196302727,0.138851956,1,0,0,1,0,0,0.5,2
0.30126822,0.820269406,0.132838652,1,0,0,1,0,0,0.5,1
0.192399576,0.115554601,0.197659135,0,1,0,1,0,0,0.5,0
0.135468915,0.139845759,0.576927423,0,0,1,0,0,1,0.0,2
0.585214555,0.375115007,0.285568386,1,0,0,0,0,1,1.0,0
0.158074334,0.162187174,0.368090332,0,1,0,1,0,0,0.5,0
0.181837097,0.501915038,0.931649089,0,0,1,0,1,0,0.0,2
0.335028946,0.42969209,0.847202182,0,0,1,0,1,0,0.0,1
0.317570359,0.735719323,0.852190554,0,1,0,0,1,0,1.0,1
0.62402755,0.955353975,0.577641845,0,0,1,0,1,0,0.0,2
0.825908005,0.765880644,0.866466165,0,0,1,0,0,1,1.0,1
0.77328217,0.220476225,0.778565824,0,1,0,0,1,0,0.5,1
0.299360245,0.938745201,0.953236818,0,0,1,1,0,0,1.0,0
0.283044964,0.422526747,0.0643684044,0,1,0,0,0,1,0.5,0
0.967501938,0.500479877,0.0287271328,0,0,1,0,0,1,0.5,2
0.0578244291,0.450497419,0.175029933,0,1,0,1,0,0,0.5,0
0.885734499,0.316519678,0.929084837,0,0,1,1,0,0,0.0,2
0.2397421,0.900292099,0.605565131,0,1,0,0,1,0,0.0,0
0.949920118,0.365626931,0.426112503,1,0,0,0,0,1,0.0,2
0.375191927,0.599666655,0.512711048,0,0,1,0,1,0,0.5,0
0.468334198,0.278031915,0.829604566,0,1,0,0,1,0,0.0,2
0.721764565,0.807506621,0.929109991,0,0,1,0,0,1,0.5,2
0.608285606,0.785488725,0.729698837,0,0,1,1,0,0,0.0,1
0.352042377,0.331496537,0.75984782,1,0,0,0,0,1,0.5,1
0.57613939,0.697476387,0.320378035,0,0,1,1,0,0,0.5,0
0.74417156,0.718679845,0.467035204,0,0,1,1,0,0,1.0,0
0.0902182013,0.584385872,0.885210216,1,0,0,0,1,0,0.5,2
0.0606393404,0.620568454,0.785934091,0,1,0,0,1,0,1.0,2
0.485163599,0.595731914,0.684270918,0,1,0,0,1,0,1.0,1
0.175244793,0.127771184,0.0652468354,0,1,0,0,0,1,0.5,2
0.681127071,0.686752081,0.0395072177,0,1,0,0,0,1,0.0,1
0.253349841,0.496286273,0.130410939,0,1,0,1,0,0,0.0,0
0.461208552,0.466534406,0.581391096,0,1,0,1,0,0,1.0,2
0.237787396,0.866999269,0.536386847,1,0,0,0,0,1,0.5,2
0.571059406,0.0720653757,0.942690849,0,1,0,0,0,1,0.5,1
0.160250783,0.288749158,0.694759667,1,0,0,1,0,0,0.5,2
0.0719515085,0.165333331,0.293972611,0,0,1,1,0,0,1.0,2
0.0985750556,0.0835739896,0.161496297,1,0,0,0,0,1,0.5,2
0.956545532,0.311893135,0.84953326,1,0,0,0,1,0,0.0,1
0.185171902,0.989052474,0.459624112,1,0,0,0,0,1,1.0,2
0.723054349,0.306717724,0.653469503,1,0,0,0,1,0,1.0,2
0.114529893,0.680520535,0.565143585,0,1,0,0,1,0,1.0,2
0.15275234,0.162383944,0.107456349,0,0,1,0,0,1,0.0,2
0.533432424,0.621755242,0.0570583828,0,0,1,1,0,0,0.0,2
0.491627395,0.985257387,0.377018183,0,0,1,0,1,0,1.0,1
0.954001307,0.327245653,0.361550301,1,0,0,0,0,1,0.0,1
0.947593689,0.855671823,0.673798084,1,0,0,0,1,0,0.0,1
0.790628195,0.997692823,0.63220042,0,1,0,0,1,0,0.0,0
0.62199676,0.609126389,0.968940914,0,1,0,1,0,0,0.5,2
0.482212305,0.343931049,0.85809952,0,0,1,0,1,0,0.5,1
0.38836962,0.689854681,0.496582538,1,0,0,0,0,1,1.0,2
0.949733198,0.85260582,0.500025332,1,0,0,0,1,0,1.0,1
0.622763395,0.212782726,0.674129248,1,0,0,0,0,1,0.5,0
0.600118876,0.479889989,0.114090584,0,0,1,0,1,0,1.0,1
0.270306081,0.353228331,0.999890566,0,0,1,1,0,0,0.5,1
0.0943629295,0.319191039,0.518808126,1,0,0,1,0,0,0.5,0
0.947929144,0.867780209,0.909904897,1,0,0,0,1,0,1.0,1
0.348048508,0.450571299,0.967356324,0,0,1,1,0,0,0.5,1
0.47045958,0.372122526,0.581642747,0,0,1,0,1,0,1.0,1
0.15890795,0.623335004,0.10334865,0,1,0,0,1,0,0.0,2
0.845078111,0.258431494,0.57334578,0,1,0,1,0,0,0.0,0
0.0762502402,0.268398821,0.597642422,0,1,0,1,0,0,0.5,0
0.842291236,0.544274271,0.789193153,1,0,0,0,1,0,0.5,1
0.183270767,0.438809097,0.048229266,1,0,0,0,0,1,0.0,0
0.892235935,0.330233276,0.466315359,1,0,0,0,0,1,0.0,2
0.743283987,0.101253577,0.922770262,0,0,1,1,0,0,0.5,1
0.206436753,0.544735551,0.991299093,0,1,0,1,0,0,0.0,2
0.587527096,0.825778723,0.191382676,0,0,1,0,0,1,0.5,0
0.347023487,0.858808339,0.870598972,0,0,1,0,0,1,0.0,2
0.219321445,0.273667991,0.146250561,0,0,1,0,1,0,0.0,2
0.866223097,0.619659126,0.841174424,1,0,0,1,0,0,0.5,1
0.433346629,0.863087237,0.277277738,1,0,0,0,1,0,0.5,0
0.428616524,0.438289642,0.959625244,0,0,1,0,1,0,0.5,1
0.211392343,0.935529947,0.695496738,0,1,0,0,0,1,0.5,2
0.413912386,0.907829583,0.399110615,1,0,0,0,1,0,1.0,2
0.878036022,0.2477272,0.280973315,1,0,0,1,0,0,1.0,1
0.394972265,0.296016604,0.235237524,0,0,1,1,0,0,0.5,0
0.954023361,0.221419901,0.680792332,1,0,0,1,0,0,1.0,1
0.948993444,0.236251637,0.895790994,0,1,0,0,1,0,0.0,1
0.18765372,0.91246897,0.75494194,0,0,1,0,1,0,0.5,0
0.218445688,0.934581041,0.834791541,1,0,0,1,0,0,1.0,2
0.869540393,0.0993023813,0.781383753,0,0,1,0,0,1,0.5,1
0.423122883,0.613923192,0.979147673,0,0,1,0,0,1,0.0,1
0.0541552827,0.586019993,0.75780493,0,1,0,1,0,0,0.0,2
0.31017822,0.421020269,0.210228518,0,1,0,0,1,0,0.5,1
0.617747545,0.650112689,0.791598439,1,0,0,0,1,0,1.0,1
0.809302688,0.949999452,0.322069347,0,0,1,0,1,0,0.5,0
0.176719189,0.211742133,0.995799839,1,0,0,0,1,0,0.5,1
0.155014291,0.16439037,0.376672626,1,0,0,1,0,0,0.0,0
0.925988019,0.0817210451,0.292793751,1,0,0,0,1,0,0.5,0
0.763590932,0.395641655,0.239215985,0,1,0,1,0,0,1.0,1
0.610290647,0.37074706,0.658514678,0,0,1,1,0,0,0.5,1
0.780727446,0.459278703,0.109221086,0,0,1,0,1,0,0.5,2
0.457411647,0.528144538,0.953559875,0,1,0,0,0,1,0.0,1
0.770532966,0.769932806,0.294312686,0,1,0,0,1,0,0.0,2
0.403212845,0.422507733,0.29540062,1,0,0,0,0,1,0.0,1
0.281889856,0.364082456,0.0460660942,1,0,0,0,0,1,0.0,1
0.742562771,0.835534871,0.246017516,0,1,0,1,0,0,1.0,1
0.448688686,0.857306838,0.418979347,0,1,0,0,0,1,0.0,0
0.982308269,0.271127671,0.369606376,0,0,1,0,0,1,0.5,1
0.382010937,0.348938227,0.27301991,0,0,1,1,0,0,0.0,2
0.92564106,0.833860576,0.040743839,0,0,1,0,1,0,1.0,1
0.936314404,0.125437826,0.300581366,0,1,0,0,0,1,1.0,1
0.279760301,0.35955444,0.778330922,1,0,0,0,1,0,0.0,0
0.808310151,0.475932598,0.438792288,0,0,1,1,0,0,0.0,2
0.461420774,0.22771804,0.290775359,0,1,0,0,0,1,0.0,1
0.921648502,0.220918491,0.304792136,0,1,0,1,0,0,0.0,2
0.477618068,0.453618944,0.554437578,1,0,0,1,0,0,0.5,1
0.757088542,0.766795635,0.302292675,0,0,1,1,0,0,0.5,1
0.493619025,0.848221302,0.630797327,0,0,1,0,0,1,1.0,0
0.266410708,0.980273366,0.989454508,0,1,0,1,0,0,0.0,2
0.239382625,0.120284848,0.0411763974,0,0,1,0,1,0,0.0,2
0.454159647,0.25584808,0.168736756,1,0,0,1,0,0,0.5,2
0.767719924,0.768798351,0.179107547,0,0,1,0,0,1,0.0,1
0.624817908,0.563568771,0.44707033,1,0,0,0,0,1,0.5,1
0.704197824,0.361295789,0.0414187126,0,1,0,0,0,1,1.0,2
0.318210036,0.245310172,0.477521569,1,0,0,0,1,0,1.0,2
0.507363558,0.316453665,0.928924739,1,0,0,0,0,1,0.0,1
0.0921754986,0.457824498,0.011564089,1,0,0,0,1,0,0.0,2
0.826655805,0.218293652,0.364938855,1,0,0,1,0,0,0.0,2
0.990397573,0.966014683,0.760893762,0,1,0,0,1,0,0.5,1
0.43653512,0.152209029,0.154494494,1,0,0,1,0,0,0.5,1
0.0604154691,0.986298561,0.0775590017,0,1,0,1,0,0,1.0,2
0.211303011,0.84979862,0.630778551,0,0,1,1,0,0,0.5,2
0.669900537,0.451994032,0.00995090883,0,0,1,0,0,1,0.0,1
0.631475329,0.752825499,0.801770508,0,0,1,0,1,0,1.0,1
0.79847151,0.687939465,0.0668527558,0,0,1,0,0,1,0.0,1
0.29118982,0.252622575,0.524354279,0,1,0,0,0,1,0.5,1
0.775450349,0.372116596,0.740127683,0,1,0,0,1,0,0.5,2
0.70358485,0.537466407,0.242010996,0,0,1,1,0,0,0.0,2
0.356673777,0.655951977,0.10354016,1,0,0,0,1,0,0.0,0
0.568213761,0.565750241,0.175622761,0,0,1,0,0,1,1.0,1
0.189910114,0.49933809,0.854683578,0,0,1,0,1,0,0.5,2
0.479936272,0.470994651,0.705780268,0,0,1,1,0,0,0.5,1
0.887137473,0.523351252,0.198098049,0,1,0,0,0,1,1.0,1
0.450131804,0.462633938,0.71612078,0,0,1,0,1,0,1.0,1
0.84758836,0.564263582,0.708618164,0,0,1,1,0,0,0.5,1
0.610740721,0.89358604,0.99772507,0,0,1,0,0,1,1.0,1
0.232282877,0.651187837,0.391556025,0,1,0,0,0,1,0.5,2
0.60205096,0.736489832,0.864853501,0,0,1,1,0,0,0.5,0
0.530684173,0.617608964,0.446442693,0,0,1,0,1,0,1.0,2
0.428709269,0.660866797,0.897760212,1,0,0,1,0,0,1.0,1
0.163648918,0.599432349,0.0916005,0,0,1,0,0,1,1.0,2
0.445873231,0.0755231977,0.175312623,0,1,0,1,0,0,0.5,0
0.119124256,0.999618471,0.849954367,1,0,0,0,0,1,1.0,2
0.143830597,0.0819287747,0.819300354,0,0,1,1,0,0,0.5,2
0.445120692,0.425390601,0.30543378,0,1,0,0,1,0,0.0,1
0.340112418,0.14985989,0.596798301,1,0,0,1,0,0,1.0,1
0.929267108,0.142082021,0.382699728,0,1,0,0,0,1,0.5,0
0.406920522,0.803850591,0.0103173489,1,0,0,0,1,0,0.5,0
0.769965231,0.454629481,0.0261041261,0,1,0,0,0,1,0.5,0
0.553735137,0.811081767,0.0542563647,1,0,0,0,1,0,1.0,1
0.718881369,0.309147149,0.594072163,0,0,1,0,0,1,1.0,2
0.29711017,0.29363966,0.279227734,0,0,1,0,0,1,0.0,0
0.944809735,0.288669825,0.143948302,0,0,1,0,0,1,1.0,2
0.553584099,0.635338366,0.941131115,0,0,1,0,1,0,0.0,1
0.83975786,0.824249446,0.121318668,1,0,0,0,0,1,0.0,1
0.396793395,0.479647964,0.673981726,1,0,0,1,0,0,0.0,1
0.145200789,0.410286456,0.894160211,1,0,0,0,0,1,0.0,2
0.690026045,0.974900603,0.163829669,1,0,0,0,0,1,1.0,1
0.0573716648,0.160916328,0.214729682,1,0,0,0,1,0,0.0,2
0.501528323,0.512301028,0.573813558,1,0,0,0,0,1,1.0,2
0.233161807,0.438063353,0.50844866,0,0,1,0,0,1,1.0,2
0.646006703,0.143220261,0.521027446,1,0,0,0,0,1,1.0,2
0.980448902,0.304790348,0.554678082,0,1,0,0,0,1,1.0,2
0.491182774,0.077019155,0.949902892,0,1,0,0,0,1,1.0,1
0.826623321,0.883106589,0.0538380407,0,1,0,1,0,0,0.5,0
0.532395005,0.627457082,0.760448515,1,0,0,1,0,0,1.0,1
0.521048009,0.824267566,0.232506424,0,0,1,0,1,0,1.0,2
0.933902323,0.545476735,0.373677671,0,1,0,0,1,0,0.0,1
0.895467579,0.619534314,0.0892911255,1,0,0,1,0,0,0.0,2
0.796510458,0.715811729,0.445626765,1,0,0,0,1,0,0.0,0
0.331442952,0.912611067,0.804219246,0,0,1,1,0,0,0.0,2
0.567758024,0.137164295,0.0987403393,1,0,0,1,0,0,0.0,1
0.262702376,0.364400983,0.275603592,1,0,0,0,1,0,0.0,1
0.471720874,0.723574877,0.373061717,0,1,0,0,1,0,1.0,0
0.510002434,0.960433006,0.103899203,0,1,0,0,0,1,1.0,0
0.840058029,0.981767058,0.762316823,0,1,0,1,0,0,0.0,1
0.901226938,0.656197846,0.786947012,0,1,0,1,0,0,0.5,1
0.443889052,0.233918548,0.835895002,0,1,0,1,0,0,0.5,1
0.0668192208,0.163248464,0.58389622,1,0,0,0,1,0,1.0,2
0.868685126,0.948741436,0.507238805,1,0,0,1,0,0,1.0,1
0.215564743,0.462231308,0.26255244,0,0,1,1,0,0,0.5,2
0.64078784,0.235075235,0.655157983,0,1,0,0,1,0,0.5,0
0.0737223551,0.937197864,0.444563478,0,1,0,1,0,0,0.0,0
0.429531157,0.149298057,0.970776379,0,1,0,1,0,0,0.5,1
0.986662269,0.743092537,0.968179524,0,1,0,0,0,1,0.0,1
0.145658925,0.643999875,0.905205131,0,1,0,0,0,1,1.0,2
0.452508509,0.133347929,0.360089123,1,0,0,0,0,1,1.0,2
0.341792464,0.37181136,0.367972463,1,0,0,1,0,0,0.0,1
0.909833729,0.192434162,0.852673173,0,1,0,0,0,1,1.0,2
0.875873089,0.624273658,0.729134917,1,0,0,0,1,0,1.0,1
0.275813818,0.503257394,0.704360962,0,1,0,0,0,1,0.0,2
0.127128392,0.0540613681,0.279611021,0,0,1,0,1,0,0.5,2
0.645781457,0.976925015,0.833348632,0,1,0,0,1,0,1.0,1
0.369550288,0.38210541,0.579420567,0,0,1,0,1,0,0.5,1
0.688480198,0.295294166,0.446865588,0,0,1,1,0,0,0.5,2
0.0805137679,0.2613208,0.86542213,0,1,0,0,1,0,1.0,2
0.176729277,0.200875103,0.394209772,0,1,0,1,0,0,0.5,2
0.702053607,0.999180198,0.653925836,0,1,0,0,1,0,1.0,0
0.251752108,0.330354005,0.46590519,0,1,0,1,0,0,1.0,0
0.864708304,0.435237825,0.592737794,1,0,0,0,1,0,0.0,2
0.10566134,0.877788126,0.0405464731,1,0,0,0,1,0,1.0,2
0.254707873,0.659793139,0.461115152,0,0,1,1,0,0,0.0,2
0.998632252,0.400259703,0.556491315,0,1,0,0,0,1,0.0,0
0.461422294,0.903411984,0.492719322,1,0,0,0,1,0,0.0,1
0.717817366,0.762237966,0.847410381,1,0,0,0,1,0,0.0,2
0.22352989,0.26650548,0.311123967,1,0,0,0,0,1,0.0,1
0.629375279,0.661552072,0.884076536,0,0,1,0,1,0,0.5,2
0.739800751,0.926278591,0.403461963,1,0,0,1,0,0,0.0,1
0.348752797,0.521637857,0.694526732,0,1,0,1,0,0,0.0,1
0.837452233,0.746931791,0.0867227316,1,0,0,0,1,0,0.5,0
0.62324667,0.972548544,0.200154081,0,1,0,0,1,0,0.0,0
0.419666857,0.705893457,0.761166036,1,0,0,1,0,0,0.5,2
0.579760253,0.147316754,0.0123286853,0,1,0,0,0,1,0.5,2
0.597922802,0.282331586,0.968527734,0,0,1,0,1,0,0.0,1
0.207258523,0.615341604,0.190628901,1,0,0,1,0,0,1.0,2
0.43259576,0.311778039,0.901304007,1,0,0,0,0,1,1.0,1
0.376259059,0.959664643,0.515945017,0,0,1,0,1,0,0.0,1
0.430857599,0.435084432,0.564575374,0,0,1,0,1,0,1.0,1
0.773055077,0.484368891,0.0841317847,0,0,1,0,0,1,0.0,2
0.508411467,0.716521978,0.365218759,0,1,0,0,1,0,0.0,0
0.943300366,0.548037231,0.156218857,0,1,0,0,1,0,0.5,0
0.328992605,0.413038671,0.525931478,1,0,0,1,0,0,0.0,1
0.444918394,0.122805983,0.550732136,0,1,0,0,0,1,0.0,1
0.797608972,0.616623282,0.709666967,1,0,0,0,1,0,1.0,1
0.568723381,0.874201,0.878278136,0,0,1,1,0,0,0.5,2
0.569676757,0.701474309,0.468179822,1,0,0,0,1,0,0.5,0
0.100673154,0.412420273,0.233360365,0,0,1,1,0,0,1.0,2
0.428669691,0.171339765,0.333571672,0,0,1,0,1,0,0.0,1
0.307197034,0.82552129,0.847089827,1,0,0,0,1,0,0.5,1
0.99936837,0.944660962,0.145863488,0,1,0,0,1,0,0.5,0
0.34293732,0.418859333,0.627256095,0,1,0,0,1,0,1.0,0
0.890271723,0.74221009,0.013085884,1,0,0,0,1,0,0.5,2
0.692422032,0.440225273,0.245669335,0,1,0,0,0,1,0.0,0
0.373870581,0.527153611,0.591408491,0,0,1,0,0,1,1.0,2
0.566357672,0.844652534,0.456412047,0,0,1,0,0,1,0.0,2
0.848509073,0.129253119,0.493549496,0,1,0,1,0,0,0.5,0
0.889199913,0.553818583,0.660562038,0,1,0,0,0,1,1.0,1
0.202374175,0.253889263,0.23458603,0,0,1,0,1,0,0.0,2
0.372594476,0.372815639,0.280804932,1,0,0,0,1,0,0.5,0
0.368462026,0.662207365,0.684458196,0,1,0,0,0,1,0.0,1
0.0899425596,0.0758669898,0.538291395,0,1,0,1,0,0,0.0,1
0.618325889,0.614133835,0.014586824,1,0,0,0,1,0,1.0,0
0.862079024,0.319270134,0.670327783,0,0,1,1,0,0,0.0,0
0.412495673,0.686010122,0.620092034,1,0,0,0,1,0,0.5,0
0.753034174,0.184502289,0.0786075741,1,0,0,1,0,0,0.5,1
0.646315396,0.749021053,0.747519493,1,0,0,1,0,0,0.5,1
0.406866312,0.663357735,0.522101462,0,1,0,1,0,0,0.5,0
0.18400681,0.972679734,0.204747289,0,0,1,0,1,0,0.0,0
0.723857641,0.915673614,0.559356391,0,0,1,0,1,0,0.5,1
0.86183691,0.319137722,0.595458508,0,1,0,0,0,1,1.0,2
0.701561749,0.0759507418,0.920118749,1,0,0,1,0,0,0.0,1
0.0669845566,0.67260015,0.742144406,0,1,0,1,0,0,1.0,2
0.255421251,0.622743011,0.301924348,1,0,0,0,1,0,0.5,2
0.116005987,0.0760573298,0.118132971,1,0,0,1,0,0,1.0,1
0.591866791,0.166543648,0.853184044,1,0,0,1,0,0,0.5,1
0.76865381,0.605466604,0.846067667,1,0,0,0,1,0,0.0,1
0.155050233,0.916235924,0.175310016,0,1,0,0,1,0,1.0,2
0.846420944,0.911175251,0.0621311851,1,0,0,0,1,0,0.0,0
0.577733517,0.193910807,0.71186465,0,1,0,0,1,0,0.5,2
0.705470562,0.415345252,0.722581804,1,0,0,0,1,0,0.0,2
0.972831786,0.0910427198,0.177143753,0,1,0,0,1,0,1.0,2
0.129496932,0.495808244,0.668211877,0,0,1,1,0,0,1.0,2
0.906162798,0.765429258,0.27892375,0,1,0,0,1,0,1.0,1
0.169797555,0.800474048,0.260617018,0,0,1,0,0,1,0.5,2
0.423310876,0.524039984,0.324517936,0,1,0,1,0,0,1.0,1
0.858866751,0.141076192,0.520396352,0,0,1,0,0,1,1.0,2
0.910941541,0.412295789,0.804453909,0,1,0,0,1,0,1.0,1
0.531053066,0.935496867,0.498643756,1,0,0,0,1,0,0.0,0
0.614399433,0.268131942,0.298042685,0,0,1,1,0,0,0.5,2
0.722739995,0.353766739,0.883974314,1,0,0,0,1,0,0.5,1
0.84112072,0.759485841,0.055089958,0,0,1,1,0,0,0.5,1
0.165435612,0.746901751,0.797091484,1,0,0,1,0,0,0.5,2
0.819565833,0.916592181,0.784381747,1,0,0,0,1,0,1.0,0
0.507212341,0.418712765,0.253546804,0,1,0,1,0,0,0.5,1
0.478092253,0.538868785,0.198295176,1,0,0,1,0,0,0.5,1
0.452704757,0.494022846,0.874700546,0,0,1,1,0,0,1.0,0
0.533751011,0.931364536,0.558871269,0,0,1,0,1,0,1.0,0
0.947798014,0.78086406,0.0460113585,0,0,1,1,0,0,1.0,0
0.570793569,0.839869678,0.890832543,0,1,0,0,0,1,1.0,2
0.955518663,0.176443353,0.349005997,0,1,0,1,0,0,0.0,1
0.221275628,0.802254379,0.342156559,0,0,1,1,0,0,0.5,2
0.737929165,0.461329818,0.643287957,1,0,0,0,1,0,1.0,0
0.821627557,0.0721717477,0.661310971,0,1,0,1,0,0,0.5,1
0.695172369,0.107083932,0.353316128,1,0,0,0,1,0,0.0,0
0.626576185,0.694012523,0.143278927,0,1,0,1,0,0,1.0,2
0.58657217,0.403411806,0.552269757,0,1,0,0,0,1,0.0,2
0.86788398,0.874709785,0.625179172,0,1,0,0,1,0,0.5,2
0.83056426,0.747559488,0.86022234,0,1,0,0,0,1,0.0,1
0.166174293,0.0705960095,0.484439999,0,0,1,1,0,0,0.5,2
0.856158257,0.702543914,0.645696104,0,1,0,0,0,1,0.5,1
0.443365186,0.232734844,0.0544088297,0,1,0,1,0,0,0.5,0
0.291011989,0.451453447,0.894522905,0,0,1,1,0,0,0.5,1
0.876280129,0.643498421,0.327215821,0,0,1,1,0,0,0.5,1
0.460423559,0.879081964,0.632221103,0,0,1,1,0,0,1.0,1
0.817946434,0.483292997,0.916051626,0,0,1,1,0,0,1.0,1
0.300233424,0.818065941,0.810525775,1,0,0,1,0,0,0.0,2
0.0537328571,0.793817401,0.637703836,0,0,1,0,1,0,0.0,2
0.520686209,0.443811595,0.703607857,0,0,1,1,0,0,1.0,2
0.145216838,0.52593118,0.920905113,0,0,1,1,0,0,0.5,2
0.766657174,0.715460777,0.812093198,1,0,0,1,0,0,0.5,1
0.312271386,0.0795910135,0.609859049,0,0,1,0,0,1,1.0,1
0.471463352,0.896270871,0.658702731,1,0,0,0,0,1,0.5,0
0.132681891,0.78132534,0.147268429,0,1,0,0,1,0,0.0,2
0.322326273,0.286945075,0.470167667,1,0,0,0,0,1,0.5,2
0.792415738,0.982120931,0.300997645,0,0,1,0,1,0,0.5,0
0.194008514,0.220420837,0.431970626,1,0,0,1,0,0,0.0,2
0.664801598,0.918382347,0.662246883,1,0,0,1,0,0,0.0,2
0.921554565,0.358249784,0.149151087,1,0,0,0,1,0,1.0,1
0.695844948,0.774989367,0.0173759628,1,0,0,0,1,0,0.5,2
0.820470631,0.483557761,0.396924406,1,0,0,0,1,0,0.0,1
0.153523043,0.749644041,0.322184324,1,0,0,1,0,0,0.0,2
0.288195223,0.197993889,0.420432061,1,0,0,0,0,1,0.0,2
0.899811924,0.306031138,0.931220949,1,0,0,1,0,0,0.0,1
0.729350328,0.144864932,0.707084119,0,1,0,0,1,0,0.0,1
0.657576144,0.87188679,0.327458769,0,1,0,1,0,0,0.0,1
0.680578411,0.331478328,0.179278821,0,0,1,1,0,0,1.0,1
0.443490535,0.70975244,0.618478298,0,0,1,1,0,0,0.5,2
0.0923288018,0.829210162,0.657576263,0,0,1,0,0,1,0.5,2
0.795219481,0.906347334,0.48362267,0,0,1,0,0,1,0.5,0
0.694777548,0.150982261,0.212760776,0,0,1,1,0,0,0.5,2
0.499164253,0.898364186,0.028555261,0,0,1,1,0,0,0.5,0
0.904771626,0.237390146,0.265660703,0,1,0,0,1,0,0.5,2
0.369351685,0.750056922,0.457170486,0,1,0,1,0,0,0.5,1
0.329605669,0.742406547,0.787934303,0,1,0,0,0,1,1.0,1
0.87915653,0.0580779836,0.853753805,1,0,0,0,0,1,0.0,0
0.807138264,0.259592712,0.412934572,1,0,0,1,0,0,0.0,1
0.539230824,0.517313063,0.796124041,0,0,1,0,0,1,0.0,1
0.174198002,0.449032962,0.99335283,0,1,0,0,0,1,1.0,1
0.254317909,0.922644794,0.716610372,0,0,1,0,0,1,0.0,1
0.673416615,0.391753823,0.728599012,0,1,0,1,0,0,1.0,0
0.415789187,0.940134525,0.909536481,0,1,0,0,1,0,1.0,1
0.844649553,0.486457855,0.338144124,0,0,1,0,0,1,1.0,0
0.952457249,0.966135263,0.0112053929,0,0,1,0,1,0,1.0,1
0.815355062,0.750487089,0.986977279,1,0,0,1,0,0,0.0,1
0.40866816,0.837867856,0.490468085,0,1,0,0,1,0,0.5,2
0.799252093,0.14963305,0.785677612,1,0,0,0,1,0,0.0,2
0.383869588,0.606834352,0.812491119,1,0,0,0,1,0,1.0,2
0.208745077,0.185565338,0.397516668,1,0,0,1,0,0,1.0,2
0.081723541,0.332739949,0.541273057,1,0,0,1,0,0,1.0,2
0.416430891,0.642387152,0.539915502,0,1,0,1,0,0,0.0,2
0.908381343,0.739914417,0.220216006,0,1,0,1,0,0,0.5,2
0.277037263,0.0872245952,0.117638931,1,0,0,0,0,1,0.0,0
0.246187508,0.55439657,0.543572307,0,1,0,1,0,0,1.0,2
0.971329749,0.587048292,0.120143227,1,0,0,0,1,0,0.5,0
0.0737539083,0.124886595,0.346088737,0,0,1,0,1,0,1.0,2
0.796493053,0.52565366,0.186083332,1,0,0,1,0,0,0.5,1
0.35530147,0.728150189,0.706916094,0,0,1,0,0,1,0.5,1
0.0856135562,0.100565918,0.87200886,1,0,0,0,0,1,1.0,2
0.921912432,0.772254407,0.577914596,1,0,0,1,0,0,0.0,1
0.182660207,0.597605169,0.410155803,0,1,0,0,0,1,0.0,2
0.574190319,0.841565847,0.996642649,0,0,1,0,1,0,0.5,2
0.310351491,0.257159442,0.0212091357,0,1,0,0,0,1,1.0,2
0.111933164,0.841610014,0.304341078,1,0,0,0,0,1,1.0,2
0.0974263623,0.139832929,0.278673142,0,0,1,1,0,0,1.0,2
0.159778863,0.433638215,0.356203586,1,0,0,0,1,0,0.0,2
0.117798664,0.239510551,0.230595738,0,0,1,0,0,1,0.5,2
0.772530198,0.882219791,0.264262825,0,0,1,0,0,1,1.0,2
0.511287868,0.719673812,0.257677108,1,0,0,0,1,0,0.0,1
0.375747472,0.074093692,0.50574404,1,0,0,0,0,1,0.0,0
0.447450459,0.0590471886,0.391055286,0,1,0,0,1,0,0.0,1
0.932499409,0.3266868,0.639280081,0,1,0,0,0,1,1.0,1
0.915214241,0.18611896,0.514401138,1,0,0,1,0,0,0.5,2
0.729892671,0.648789227,0.18342185,0,1,0,0,0,1,1.0,0
0.890448272,0.68060708,0.810045004,0,1,0,0,0,1,0.0,2
0.35366562,0.944853365,0.472195208,1,0,0,0,0,1,0.0,2
0.412053853,0.954437912,0.153231516,0,0,1,0,1,0,0.5,0
0.6330266,0.675951898,0.166879848,1,0,0,0,1,0,0.0,0
0.64244467,0.0553913563,0.7969684,0,1,0,1,0,0,0.0,0
0.507614851,0.391048014,0.702993155,1,0,0,1,0,0,0.0,1
0.430624962,0.537484467,0.50652796,1,0,0,1,0,0,0.5,0
0.986871302,0.524220765,0.306081504,0,0,1,1,0,0,0.0,1
0.830067456,0.623173594,0.460522026,0,0,1,1,0,0,1.0,0
0.463231176,0.962523937,0.63648355,0,1,0,0,1,0,0.0,0
0.740927875,0.890933037,0.879282296,0,1,0,1,0,0,0.0,1
0.30608362,0.153462633,0.555867851,0,1,0,0,0,1,0.0,2
0.145160854,0.302681386,0.276735306,0,1,0,1,0,0,0.0,2
0.384809464,0.841453969,0.0427399129,0,1,0,1,0,0,1.0,1
0.432824165,0.833091557,0.175455049,1,0,0,1,0,0,1.0,1
0.0657102689,0.311602175,0.650177598,1,0,0,1,0,0,1.0,2
0.824052393,0.744058609,0.160436973,0,1,0,0,1,0,1.0,0
0.391233742,0.688435495,0.481539547,0,0,1,1,0,0,1.0,1
0.601397276,0.49984777,0.698954999,0,0,1,0,1,0,0.5,1
0.120265029,0.241382211,0.308224887,0,1,0,1,0,0,1.0,2
0.216246992,0.894210994,0.669105887,1,0,0,0,1,0,0.5,2
0.895209014,0.69395864,0.581072032,0,0,1,1,0,0,1.0,2
0.628253162,0.210543275,0.438939095,0,0,1,0,0,1,0.5,2
0.952769876,0.719562232,0.897245467,0,0,1,0,1,0,0.0,1
0.998812556,0.754362047,0.692058861,0,0,1,0,1,0,1.0,0
0.403267115,0.892536283,0.360597044,1,0,0,1,0,0,0.5,1
0.333862901,0.261697292,0.804264545,1,0,0,0,1,0,0.0,2
0.865438223,0.989316404,0.738102198,0,0,1,0,1,0,1.0,2
0.99868083,0.195723757,0.791683972,1,0,0,0,1,0,0.5,2
0.648159146,0.620654464,0.640955985,1,0,0,0,0,1,0.0,1
0.805383682,0.674317658,0.37937063,0,1,0,1,0,0,0.5,1
0.792658567,0.448005259,0.348578513,0,1,0,0,0,1,1.0,2
0.387572736,0.501285851,0.65415138,0,1,0,0,0,1,0.0,2
0.595556855,0.89636457,0.13090001,0,1,0,1,0,0,0.0,0
0.84140408,0.663010538,0.819914341,0,0,1,0,0,1,0.0,0
0.703708172,0.522150934,0.37033537,0,1,0,0,0,1,1.0,1
0.0701056197,0.171932086,0.630371988,0,1,0,0,1,0,0.0,2
0.369870394,0.0569707453,0.499063909,1,0,0,0,1,0,0.5,2
0.187251911,0.168720186,0.519326508,0,0,1,1,0,0,1.0,0
0.271323591,0.958375335,0.738006175,1,0,0,1,0,0,0.0,1
0.91021502,0.775882423,0.626670063,1,0,0,0,0,1,1.0,2
0.0850486234,0.96876049,0.25030899,1,0,0,1,0,0,1.0,0
0.258810669,0.0839232728,0.0742259324,0,1,0,1,0,0,0.0,0
0.344090879,0.696209371,0.840234041,0,0,1,0,1,0,0.0,1
0.636039853,0.0920788497,0.884894073,0,1,0,0,0,1,0.0,1
0.557396591,0.79295367,0.164496526,0,0,1,0,1,0,0.5,0
0.257356018,0.411902666,0.309477061,1,0,0,0,1,0,0.0,2
0.206029013,0.1409771,0.282342374,0,0,1,0,1,0,0.5,0
0.274958134,0.589644313,0.937448561,1,0,0,0,0,1,0.0,2
0.527403116,0.316114187,0.204777375,0,1,0,0,0,1,1.0,0
0.307618886,0.676595271,0.166539237,1,0,0,0,0,1,1.0,1
0.950222373,0.675266027,0.181838557,0,1,0,0,1,0,0.0,2
0.490671962,0.71975708,0.729869187,0,1,0,1,0,0,0.0,1
0.105856217,0.99284184,0.88801986,0,1,0,0,0,1,0.0,0
0.742803097,0.417362839,0.39336741,1,0,0,1,0,0,1.0,1
0.362403035,0.492049694,0.136079907,0,1,0,0,1,0,1.0,1
0.670814514,0.814381123,0.58572197,0,0,1,0,0,1,1.0,1
0.315614641,0.599451542,0.209934965,0,0,1,1,0,0,0.0,0
0.592206538,0.0853943527,0.064151451,0,0,1,0,0,1,0.0,0
0.783544898,0.850924611,0.886231363,0,0,1,0,1,0,1.0,1
0.931608319,0.0989237502,0.870841265,0,1,0,0,0,1,0.5,1
0.298070788,0.212279126,0.975910187,0,0,1,0,1,0,0.0,2
0.368114114,0.146975964,0.474004745,1,0,0,0,1,0,0.0,2
0.491053104,0.124030776,0.294001192,0,0,1,1,0,0,0.5,1
0.930816114,0.0744006336,0.769783735,0,0,1,0,1,0,1.0,2
0.906317532,0.102276325,0.180494934,1,0,0,0,1,0,0.0,2
0.135384366,0.470317245,0.243292078,1,0,0,0,0,1,0.5,1
0.175333336,0.290209651,0.255682617,0,0,1,0,1,0,0.5,0
0.520733714,0.170210034,0.951619387,0,1,0,0,1,0,1.0,1
0.151288316,0.675770283,0.729822934,1,0,0,0,1,0,0.5,0
0.378301829,0.2648063,0.133694798,0,1,0,0,1,0,1.0,2
0.190966114,0.068001695,0.0928458795,0,1,0,1,0,0,0.5,2
0.654238343,0.447498798,0.842814863,0,0,1,0,0,1,0.0,1
0.952020645,0.344911337,0.802274346,0,1,0,0,0,1,1.0,2
0.996897101,0.352674216,0.67099458,0,1,0,0,1,0,1.0,1
0.40647909,0.473006517,0.196100652,0,1,0,1,0,0,0.5,2
0.619062006,0.685468256,0.480283529,0,0,1,1,0,0,0.0,1
0.863454282,0.635655165,0.602725923,1,0,0,0,1,0,0.5,0
0.161588967,0.940398514,0.932137549,0,0,1,0,1,0,0.5,2
0.705086172,0.541830838,0.169423744,1,0,0,0,0,1,0.5,0
0.43840149,0.498941422,0.515446782,0,1,0,0,0,1,0.0,0
0.245838851,0.252743721,0.157751635,1,0,0,0,0,1,0.0,2
0.432615936,0.767612219,0.443849355,1,0,0,0,0,1,0.5,1
0.122162275,0.18373698,0.200134978,1,0,0,0,1,0,1.0,2
0.710636795,0.516576231,0.83618623,1,0,0,0,1,0,1.0,2
0.290105522,0.450256079,0.254736274,0,1,0,0,0,1,1.0,0
0.345835358,0.675385833,0.417104721,1,0,0,0,0,1,1.0,1
0.165027231,0.921740413,0.407787651,1,0,0,0,1,0,0.5,2
0.871426165,0.949265838,0.86629498,0,1,0,0,0,1,0.5,1
0.518772066,0.209409297,0.75779748,1,0,0,0,1,0,0.0,1
0.593539536,0.29872635,0.0575754903,0,0,1,0,0,1,1.0,2
0.590961039,0.821053565,0.0670874566,1,0,0,0,1,0,0.5,0
0.439968467,0.542365789,0.551197231,0,0,1,1,0,0,1.0,2
0.232903421,0.48038283,0.427719027,0,0,1,0,1,0,1.0,2
0.757876098,0.725094199,0.275584221,0,0,1,1,0,0,0.5,1
0.170703456,0.621828675,0.792620957,0,1,0,1,0,0,0.5,2
0.148680106,0.97217834,0.128635168,0,0,1,0,0,1,0.5,2
0.724637806,0.604775906,0.9740569,0,0,1,1,0,0,1.0,2
0.248395175,0.492675126,0.0241025072,0,1,0,0,0,1,0.0,2
0.341434121,0.56567651,0.118230723,0,1,0,1,0,0,1.0,2
0.501466095,0.81811285,0.311316669,0,0,1,1,0,0,0.5,2
0.476883739,0.632041276,0.509149075,0,1,0,0,0,1,1.0,1
0.723150194,0.66469568,0.216136158,1,0,0,0,1,0,0.0,0
0.642260194,0.972866952,0.736215174,0,0,1,0,0,1,0.5,2
0.662176371,0.637475729,0.357541889,0,0,1,1,0,0,0.5,0
0.728351593,0.411270976,0.038538333,1,0,0,0,0,1,1.0,0
0.327982098,0.706759751,0.877721965,0,1,0,0,0,1,0.5,2
0.356216639,0.676486433,0.943865657,1,0,0,1,0,0,0.0,1
0.466097862,0.0631552562,0.618563652,1,0,0,1,0,0,0.5,1
0.342089057,0.493962824,0.806536376,0,1,0,1,0,0,1.0,1
0.985690951,0.755758405,0.121111542,0,1,0,0,0,1,0.5,0
0.823349357,0.524089396,0.268820286,0,0,1,0,0,1,1.0,0
0.206421956,0.790640056,0.325231701,0,0,1,0,0,1,0.5,2
0.0553144477,0.478339523,0.960753143,0,0,1,0,1,0,0.5,2
0.0906441063,0.984155536,0.512222648,0,1,0,0,0,1,1.0,1
0.281860292,0.328247011,0.00741355866,0,0,1,0,1,0,0.0,0
0.158576727,0.137516484,0.380185813,1,0,0,1,0,0,1.0,2
0.556671202,0.458511204,0.00775060104,0,0,1,0,1,0,0.0,0
0.865095437,0.564623594,0.237805739,0,1,0,0,0,1,1.0,1
0.749912739,0.381639034,0.454700053,0,1,0,1,0,0,0.5,0
0.254828602,0.280167103,0.323393047,0,0,1,0,1,0,0.0,0
0.429334283,0.68845576,0.0327342115,0,1,0,1,0,0,1.0,0
0.532499492,0.408268839,0.11633572,0,1,0,1,0,0,1.0,2
0.819695532,0.649800122,0.550886571,0,0,1,0,1,0,1.0,2
0.847165525,0.79011786,0.69560492,0,0,1,1,0,0,1.0,1
0.914232373,0.772952497,0.404549003,1,0,0,1,0,0,0.0,2
0.533782959,0.406543851,0.731481731,0,1,0,0,0,1,0.0,1
0.70956099,0.589503288,0.163332894,0,0,1,1,0,0,0.0,0
0.156210348,0.477175325,0.122057945,1,0,0,0,1,0,0.0,2
0.58702451,0.877264977,0.839453697,0,1,0,0,1,0,1.0,1
0.286257207,0.88482058,0.339213341,0,1,0,0,0,1,0.0,2
0.460131049,0.376554489,0.432247937,1,0,0,0,0,1,0.0,2
0.652347982,0.137150571,0.947581589,0,1,0,0,1,0,0.5,1
0.294136643,0.209203362,0.42411232,0,0,1,0,1,0,0.5,1
0.0995758027,0.398651659,0.00349010574,1,0,0,0,0,1,0.0,2
0.0597221628,0.586037457,0.93797195,1,0,0,0,1,0,0.5,2
0.0710515603,0.673947632,0.0141186332,0,0,1,1,0,0,0.5,2
0.0579322502,0.36480248,0.662286282,1,0,0,0,0,1,0.5,2
0.15483731,0.684124172,0.322890908,0,0,1,0,0,1,0.5,2
0.277514279,0.940853,0.470390767,0,0,1,0,0,1,1.0,2
0.260160446,0.669413447,0.54728514,0,1,0,0,0,1,0.5,2
0.987456739,0.200636968,0.408460051,0,1,0,1,0,0,1.0,1
0.340705812,0.600685477,0.774368763,0,1,0,0,0,1,1.0,2
0.171049744,0.564800739,0.930706382,0,1,0,0,0,1,0.5,2
0.568284392,0.877165079,0.0864120498,0,1,0,0,1,0,1.0,1
0.865059555,0.382787913,0.800252855,0,0,1,0,0,1,1.0,1
0.694157362,0.45179832,0.128671139,1,0,0,0,1,0,1.0,1
0.331277996,0.618726075,0.0802771822,1,0,0,0,1,0,1.0,0
0.583535373,0.548204064,0.955831468,0,1,0,0,1,0,0.5,1
0.729113162,0.733065784,0.489297777,0,0,1,1,0,0,0.5,0
0.741699278,0.0883695409,0.152603298,0,0,1,0,0,1,1.0,0
0.683211505,0.585340202,0.569957137,0,0,1,0,0,1,0.5,2
0.877269924,0.165588304,0.263237149,1,0,0,0,1,0,0.0,0
0.876600206,0.349448532,0.464309007,0,0,1,0,0,1,0.0,1
0.599989712,0.678545535,0.624659598,0,1,0,0,1,0,0.5,1
0.458363563,0.199543491,0.869269848,0,0,1,0,0,1,0.0,2
0.659491777,0.343399733,0.00308139832,0,1,0,0,1,0,0.5,0
0.827301383,0.717856169,0.214140654,1,0,0,0,1,0,1.0,2
0.0553695001,0.668264985,0.0962705463,1,0,0,0,1,0,0.5,2
0.99239713,0.136487693,0.0970977023,0,0,1,1,0,0,1.0,1
0.223749086,0.598405063,0.945777416,1,0,0,0,1,0,0.0,2
0.496736526,0.189891741,0.936082959,1,0,0,1,0,0,1.0,1
0.878428221,0.289657801,0.749308109,0,0,1,1,0,0,1.0,1
0.263788372,0.486250728,0.643063068,1,0,0,0,1,0,0.0,0
0.502955437,0.153879479,0.847970426,0,1,0,1,0,0,0.5,1
0.175953075,0.993964612,0.0584087372,0,0,1,0,0,1,0.5,0
0.425322503,0.207101077,0.119485795,0,1,0,1,0,0,0.5,0
0.218278676,0.792246997,0.317112923,1,0,0,1,0,0,0.5,2
0.39544636,0.838346899,0.832492352,0,0,1,1,0,0,1.0,1
0.404790998,0.994740784,0.47223255,0,1,0,1,0,0,1.0,1
0.993512273,0.457220554,0.503574789,0,0,1,0,1,0,0.0,2
0.995072365,0.88038981,0.229265437,0,1,0,0,0,1,0.0,1
0.159046963,0.959662437,0.648387492,0,1,0,0,0,1,1.0,2
0.739670336,0.214249432,0.887842178,0,0,1,1,0,0,0.0,0
0.0991582051,0.505464256,0.329514205,0,1,0,0,0,1,0.5,2
0.0786824152,0.107010275,0.619185925,0,0,1,0,1,0,1.0,0
0.150067195,0.639687836,0.331948966,1,0,0,1,0,0,0.0,2
0.967211366,0.60233587,0.792719126,0,1,0,1,0,0,0.0,1
0.943820357,0.243919969,0.474959731,0,1,0,1,0,0,0.5,0
0.234231427,0.808007598,0.339469016,0,1,0,0,0,1,1.0,2
0.203588724,0.0854052901,0.420048863,0,1,0,1,0,0,0.0,2
0.278508335,0.815915942,0.091227524,1,0,0,1,0,0,0.0,0
0.53976965,0.0753130242,0.866117179,0,0,1,0,0,1,0.0,1
0.591219425,0.673987389,0.958069026,0,0,1,0,1,0,0.5,1
0.260513753,0.124831036,0.477414191,0,0,1,0,0,1,0.0,2
0.768791676,0.288664252,0.221337214,1,0,0,0,1,0,1.0,0
0.344075501,0.735817671,0.664656222,1,0,0,0,1,0,0.5,1
0.926024735,0.316384554,0.452381492,0,0,1,0,1,0,1.0,1
0.673886597,0.535615146,0.252300084,0,0,1,1,0,0,0.5,2
0.464533627,0.919485867,0.038433142,1,0,0,0,1,0,0.0,1
0.80041641,0.0971526355,0.889704466,1,0,0,1,0,0,1.0,1
0.827018917,0.820525825,0.796734333,0,1,0,0,0,1,0.0,1
0.325957537,0.1120084,0.829006076,0,0,1,0,1,0,1.0,2
0.372728825,0.170455098,0.439839721,0,0,1,1,0,0,0.0,2
0.939157367,0.163353145,0.753255367,0,0,1,1,0,0,0.0,0
0.206503987,0.994397163,0.581225276,0,0,1,0,1,0,1.0,2
0.0900428966,0.221176997,0.37477529,0,0,1,0,1,0,0.5,2
0.481352568,0.901923776,0.842742085,0,1,0,0,1,0,1.0,1
0.811149418,0.991385579,0.998757541,1,0,0,1,0,0,0.5,1
0.783084691,0.414595544,0.899282336,0,1,0,1,0,0,1.0,1
0.923554122,0.649496138,0.77619195,0,1,0,0,1,0,1.0,2
0.556540608,0.790136695,0.747507989,0,0,1,0,0,1,1.0,1
0.145061433,0.423012823,0.650248826,0,1,0,1,0,0,0.5,1
0.609254539,0.203723431,0.853617489,0,1,0,1,0,0,0.0,1
0.789475858,0.462074608,0.493081242,0,0,1,0,0,1,0.5,2
0.138661712,0.783293247,0.18172951,0,1,0,0,0,1,0.0,0
0.214024529,0.791724622,0.768049717,0,1,0,0,0,1,0.0,2
0.0616761297,0.269011855,0.919506371,1,0,0,1,0,0,1.0,2
0.613969922,0.216217354,0.341352284,0,0,1,0,0,1,1.0,0
0.892397702,0.924532652,0.782983303,0,0,1,0,0,1,0.0,0
0.687130153,0.0917990804,0.273722708,0,1,0,1,0,0,0.5,1
0.982938111,0.748001575,0.94260025,0,0,1,1,0,0,1.0,1
0.109881967,0.0941003188,0.68346101,1,0,0,1,0,0,0.0,2
0.90785104,0.846005023,0.569275975,0,1,0,0,0,1,1.0,2
0.823364854,0.910144091,0.779870152,1,0,0,0,1,0,0.5,1
0.348529458,0.332548171,0.81323117,0,1,0,0,1,0,1.0,2
0.974850237,0.120238863,0.892369926,0,1,0,1,0,0,0.0,1
0.323540866,0.506650329,0.90111953,0,0,1,0,0,1,0.0,1
0.894839466,0.333539873,0.0526908264,0,0,1,0,0,1,1.0,2
0.886711121,0.446279347,0.122907609,0,1,0,0,0,1,0.5,0
0.769774735,0.681736171,0.826060891,1,0,0,1,0,0,0.5,1
0.585296929,0.249334738,0.946051657,0,1,0,0,1,0,0.0,2
0.164002612,0.389103979,0.307671845,0,1,0,0,0,1,1.0,0
0.555373132,0.793434381,0.00860181823,0,1,0,0,1,0,0.0,2
0.388956457,0.661573827,0.322705179,1,0,0,0,1,0,0.5,1
0.802606165,0.359961718,0.382864147,0,0,1,0,0,1,1.0,1
0.770222723,0.68108654,0.761033356,0,0,1,1,0,0,0.5,1
0.915081859,0.777047276,0.0475846641,1,0,0,0,1,0,0.0,0
0.0640886575,0.612861276,0.212640241,0,0,1,0,1,0,1.0,2
0.81864804,0.277521998,0.893968582,0,1,0,0,1,0,0.5,2
0.94153893,0.0502330251,0.154820412,0,0,1,0,1,0,1.0,2
0.799835443,0.812706649,0.759247661,0,0,1,0,1,0,1.0,0
0.173684731,0.831501901,0.361310422,1,0,0,0,0,1,0.5,0
0.127215147,0.712724268,0.662660241,1,0,0,1,0,0,0.0,2
0.0698029771,0.122751884,0.0738465041,0,1,0,0,1,0,0.5,2
0.647307992,0.605961144,0.286557943,0,1,0,1,0,0,0.5,2
0.648189008,0.829969645,0.424789727,0,0,1,1,0,0,1.0,0
0.987568021,0.42018491,0.857212603,1,0,0,0,0,1,1.0,2
0.428141028,0.238100693,0.563495874,1,0,0,1,0,0,0.5,1
0.365310967,0.608245909,0.0452252924,0,1,0,1,0,0,0.5,0
0.643203676,0.834991276,0.801866591,0,0,1,1,0,0,0.0,1
0.834328234,0.0964264572,0.0545214899,0,0,1,1,0,0,1.0,0
0.939935267,0.617103636,0.934366584,1,0,0,0,1,0,0.5,1
0.812967956,0.661015093,0.211717442,1,0,0,0,0,1,0.0,0
0.455340296,0.622248709,0.487926155,1,0,0,0,0,1,1.0,2
0.653168499,0.667532027,0.0722809657,1,0,0,0,0,1,0.0,2
0.863484383,0.649806559,0.561712384,0,1,0,1,0,0,0.5,2
0.516079187,0.173883691,0.497228712,0,1,0,1,0,0,1.0,2
0.255852312,0.273189932,0.410248548,1,0,0,0,1,0,0.0,0
0.211237267,0.638044298,0.0355729163,0,0,1,1,0,0,0.5,2
0.050149858,0.0668084994,0.87893635,0,1,0,1,0,0,0.0,2
0.73232609,0.653007269,0.802636623,1,0,0,0,0,1,0.0,1
0.155542344,0.682117283,0.633029997,1,0,0,1,0,0,0.5,2
0.281647146,0.277216017,0.572229981,0,0,1,0,0,1,1.0,1
0.33298251,0.618226171,0.694946408,0,0,1,0,0,1,0.5,0
0.582360864,0.557385564,0.14399001,1,0,0,0,0,1,1.0,0
0.428059399,0.297656983,0.932644248,0,1,0,1,0,0,0.0,1
0.69094032,0.489825308,0.284673303,0,1,0,1,0,0,0.0,2
0.102856725,0.914143324,0.656490266,0,0,1,0,1,0,0.5,2
0.167742237,0.455272645,0.606755674,0,1,0,0,0,1,0.0,2
0.524250925,0.648351967,0.636613965,0,1,0,0,1,0,0.0,2
0.370116562,0.0835832804,0.878952146,0,1,0,1,0,0,1.0,0
0.33102268,0.123910107,0.295911193,1,0,0,1,0,0,0.5,1
0.113676675,0.127242669,0.748948216,1,0,0,1,0,0,1.0,2
0.900933206,0.789328754,0.598391056,0,1,0,0,1,0,0.5,0
0.707227647,0.382744044,0.0760603324,1,0,0,1,0,0,0.0,0
0.165537253,0.26623109,0.414154679,0,0,1,1,0,0,0.0,2
0.11179366,0.759958327,0.837951601,0,1,0,1,0,0,0.5,1
0.976128936,0.211462066,0.315347403,0,1,0,0,1,0,0.5,1
0.697113931,0.284167886,0.482263893,0,0,1,0,1,0,0.5,0
0.446583271,0.459384859,0.48863858,0,1,0,1,0,0,0.0,1
0.716644466,0.364866167,0.618009865,0,1,0,0,0,1,1.0,2
0.76851517,0.606122613,0.884017885,0,1,0,0,1,0,0.0,1
0.790964067,0.370948583,0.173539191,0,0,1,0,1,0,0.0,1
0.503983438,0.423304051,0.504616857,1,0,0,0,0,1,0.0,1
0.458388627,0.869742274,0.424267262,1,0,0,0,1,0,0.5,0
0.0604766794,0.890304863,0.295920104,0,1,0,0,0,1,0.0,2
0.930229247,0.836325645,0.919608176,1,0,0,0,0,1,1.0,1
0.623142481,0.871589363,0.00817109272,0,1,0,0,0,1,0.5,0
0.242996246,0.591242254,0.122104794,0,0,1,0,0,1,0.0,2
0.923623264,0.663921535,0.733344436,0,0,1,0,0,1,0.0,1
0.919185281,0.57931453,0.263441592,0,1,0,0,1,0,0.0,0
0.989724934,0.796308696,0.723179281,0,1,0,1,0,0,0.0,2
0.880353749,0.573450446,0.832253635,0,1,0,0,0,1,0.5,2
0.997895181,0.155523121,0.254616022,1,0,0,0,1,0,0.5,1
0.282451868,0.819101095,0.191944286,0,0,1,1,0,0,0.5,0
0.850137115,0.772555888,0.145300627,0,1,0,1,0,0,0.5,0
0.831876874,0.829285562,0.200088605,1,0,0,0,1,0,0.5,0
0.269393355,0.230907992,0.26718539,0,1,0,1,0,0,0.0,0
0.143515676,0.308036208,0.868749797,0,0,1,1,0,0,0.5,0
0.980449498,0.330964118,0.770004392,0,0,1,0,0,1,0.0,2
0.331223339,0.532676518,0.00184431695,0,0,1,0,0,1,1.0,1
0.877347171,0.177183226,0.874119163,0,1,0,0,1,0,1.0,0
0.053920798,0.416112661,0.0788123012,0,0,1,0,0,1,0.0,2
0.0699735656,0.223050252,0.655265629,0,1,0,1,0,0,0.0,0
0.492577732,0.30152458,0.151474774,1,0,0,1,0,0,0.5,2
0.276778936,0.721068263,0.062275812,1,0,0,0,0,1,0.5,0
0.705349207,0.86207062,0.759770691,1,0,0,0,1,0,1.0,1
0.587286115,0.0717605725,0.46720311,0,1,0,0,1,0,1.0,2
0.12361151,0.587602139,0.599062502,0,0,1,0,0,1,0.0,2
0.204496875,0.0842567757,0.42535302,0,0,1,0,1,0,1.0,0
0.418646812,0.13098678,0.0671718642,0,1,0,0,1,0,0.0,0
0.226323858,0.719829857,0.739618182,1,0,0,1,0,0,0.0,2
0.802611232,0.748827696,0.820351124,1,0,0,0,0,1,1.0,0
0.445266724,0.823281646,0.0414205417,0,1,0,0,0,1,0.0,1
0.138760269,0.500529408,0.375717193,0,0,1,1,0,0,0.0,2
0.510125756,0.866817117,0.557316542,0,0,1,1,0,0,0.0,1
0.136296272,0.208496377,0.605183423,0,0,1,0,0,1,0.0,2
0.172490433,0.287230581,0.578152955,0,0,1,0,0,1,0.5,2
0.277629346,0.177777037,0.692940652,1,0,0,1,0,0,1.0,1
0.86655134,0.807660401,0.966816187,0,0,1,0,1,0,1.0,1
0.92838192,0.267241359,0.390586525,0,1,0,1,0,0,0.0,0
0.834944844,0.197735682,0.556623578,0,0,1,0,1,0,1.0,2
0.367373347,0.641955137,0.699078619,1,0,0,0,0,1,1.0,1
0.308824122,0.123227924,0.592423797,0,0,1,0,0,1,0.5,0
0.571697891,0.0926552638,0.386751026,0,0,1,0,0,1,0.5,1
0.73576051,0.151381761,0.624079287,0,1,0,0,0,1,0.5,1
0.99370414,0.0502288416,0.650111556,0,0,1,0,0,1,0.5,2
0.174992174,0.71214062,0.584968448,0,0,1,1,0,0,0.5,2
0.0968274027,0.584123552,0.205110654,0,1,0,0,0,1,0.0,1
0.709638119,0.249381348,0.505981386,0,1,0,0,0,1,1.0,2
0.840614498,0.271354705,0.884356797,0,1,0,0,0,1,0.5,1
0.854031324,0.820420146,0.868601859,0,1,0,0,0,1,0.5,1
0.694540381,0.526729107,0.750787914,1,0,0,0,1,0,1.0,1
0.956315041,0.713601947,0.69719553,0,0,1,0,0,1,0.0,2
0.535454512,0.480117679,0.153279141,0,0,1,0,1,0,1.0,0
0.91812408,0.275832117,0.459464669,1,0,0,0,1,0,0.5,1
0.969421506,0.971882641,0.110951312,0,1,0,0,0,1,0.0,2
0.854799569,0.58736521,0.817284465,0,0,1,0,1,0,0.0,1
0.344270647,0.174432814,0.291043192,0,1,0,0,0,1,0.0,2
0.236404866,0.435785532,0.766865849,0,1,0,0,1,0,1.0,2
0.570714056,0.362870544,0.814578891,1,0,0,1,0,0,1.0,1
0.480364025,0.2533831,0.892496109,1,0,0,0,0,1,1.0,1
0.883870423,0.936767995,0.753830075,0,1,0,0,0,1,0.5,1
0.145030081,0.88687402,0.564728975,0,0,1,0,1,0,0.0,1
0.294853061,0.239189759,0.598184943,0,1,0,1,0,0,0.5,1
0.764208972,0.384540498,0.320582271,0,0,1,0,0,1,0.0,0
0.140237316,0.774199605,0.176996186,0,1,0,0,1,0,0.0,2
0.354726195,0.248080745,0.1306362,0,1,0,0,1,0,0.0,0
0.417797625,0.611986637,0.182023525,0,0,1,0,0,1,0.0,2
0.641464114,0.714804232,0.933951914,1,0,0,0,1,0,0.0,2
0.200226009,0.671273708,0.164433256,1,0,0,0,0,1,0.0,2
0.867574275,0.721088231,0.723737419,0,1,0,1,0,0,0.0,1
0.475165129,0.721364617,0.184628546,0,0,1,1,0,0,1.0,0
0.921170652,0.966565609,0.975289762,1,0,0,1,0,0,1.0,1
0.494476408,0.379173934,0.366584539,0,0,1,1,0,0,0.5,1
0.311288238,0.8846609,0.412136436,1,0,0,0,1,0,0.0,1
0.184737384,0.0707167089,0.404511571,0,0,1,0,1,0,0.5,2
0.0535578392,0.323792815,0.816459179,0,1,0,0,1,0,1.0,2
0.555549622,0.0962229893,0.218290523,0,0,1,0,0,1,0.5,2
0.151798859,0.668643773,0.831024706,0,1,0,1,0,0,0.5,2
0.422141373,0.14575085,0.657058835,1,0,0,0,0,1,0.0,2
0.609808147,0.853421509,0.22028017,0,0,1,1,0,0,0.5,1
0.311901599,0.664262116,0.0654075444,1,0,0,0,0,1,0.5,1
0.216463074,0.0773746297,0.774992526,1,0,0,0,1,0,0.5,2
0.785985529,0.729038477,0.218963042,0,1,0,0,1,0,1.0,2
0.949451625,0.868933201,0.889066815,0,0,1,0,1,0,0.0,1
0.145418391,0.678064942,0.129785284,0,1,0,0,0,1,0.0,2
0.197810814,0.0789980069,0.616364539,0,0,1,0,1,0,0.0,0
0.962012053,0.865023553,0.692168415,1,0,0,0,1,0,0.0,2
0.0858950093,0.745840728,0.657702386,1,0,0,1,0,0,1.0,2
0.978750706,0.409528732,0.316029817,0,0,1,0,0,1,0.0,1
0.0544122607,0.36219874,0.875523508,1,0,0,0,0,1,0.5,2
0.879985213,0.505829155,0.769805312,1,0,0,0,1,0,1.0,1
0.34195891,0.873746693,0.510206342,0,1,0,0,0,1,0.5,0
0.941659391,0.289456397,0.603293002,1,0,0,0,1,0,1.0,0
0.351098031,0.145915627,0.566371202,1,0,0,0,0,1,0.0,2
0.671590984,0.871404529,0.946698606,1,0,0,1,0,0,0.0,1
0.126030937,0.0749753565,0.896413207,0,0,1,0,0,1,1.0,2
0.280213326,0.915447176,0.235497281,1,0,0,0,1,0,0.0,0
0.784995377,0.340457946,0.262759775,0,1,0,0,0,1,1.0,1
0.552251577,0.532811582,0.9814381,0,1,0,0,0,1,0.0,1
0.93157059,0.175680742,0.236560702,0,1,0,1,0,0,1.0,1
0.457313836,0.907142222,0.95347935,0,1,0,0,0,1,0.0,0
0.876321733,0.76234442,0.64975369,1,0,0,1,0,0,0.0,1
0.476507664,0.927947819,0.0501094386,0,1,0,1,0,0,1.0,2
0.980285883,0.699067593,0.335727185,0,0,1,1,0,0,0.5,1
0.961842656,0.225459084,0.476154059,0,0,1,0,1,0,0.0,0
0.362679869,0.342853665,0.833092868,1,0,0,1,0,0,1.0,1
0.891627491,0.512506127,0.328585416,0,0,1,0,0,1,0.0,1
0.855230808,0.626895308,0.310578316,0,0,1,0,0,1,0.0,0
0.250146389,0.930136442,0.920263231,1,0,0,1,0,0,0.5,2
0.643075883,0.414753884,0.0790343434,1,0,0,1,0,0,1.0,1
0.119048201,0.717918396,0.551521242,0,1,0,1,0,0,0.5,2
0.844875157,0.962958395,0.504239261,0,1,0,0,1,0,0.0,0
0.215818584,0.19475536,0.0573347621,1,0,0,1,0,0,1.0,2
0.117273964,0.86957413,0.0877592191,0,0,1,1,0,0,0.5,2
0.430208147,0.449670762,0.381967425,1,0,0,1,0,0,1.0,1
0.598076046,0.745800674,0.134161219,0,1,0,1,0,0,0.0,2
0.862171113,0.328861415,0.478071898,1,0,0,1,0,0,0.0,1
0.975530386,0.367285013,0.608888865,1,0,0,0,0,1,0.5,2
0.467517883,0.0757765621,0.691396713,0,0,1,0,0,1,0.0,2
0.10742458,0.972833931,0.546470046,1,0,0,0,0,1,1.0,2
0.761659801,0.822779953,0.37966001,0,1,0,0,1,0,0.0,2
0.586914599,0.139222056,0.129758626,1,0,0,0,1,0,0.5,0
0.475496769,0.999533355,0.247485414,0,0,1,0,0,1,0.0,0
0.343805432,0.624773383,0.419421673,1,0,0,1,0,0,0.5,1
0.527278602,0.861042202,0.924114466,0,0,1,1,0,0,0.5,2
0.371745616,0.113327727,0.202600583,1,0,0,0,1,0,0.5,2
0.769161284,0.419978619,0.413344234,0,0,1,0,1,0,0.5,0
0.566699028,0.686168551,0.732308865,1,0,0,1,0,0,1.0,1
0.883005381,0.151112035,0.705203354,1,0,0,0,1,0,0.5,0
0.566366732,0.514457703,0.965592623,1,0,0,1,0,0,1.0,2
0.276349306,0.470543981,0.190901294,1,0,0,0,0,1,1.0,1
0.858537316,0.255238205,0.0165196117,1,0,0,0,1,0,1.0,0
0.579358101,0.335256338,0.322323263,0,1,0,0,0,1,0.0,2
0.246498987,0.968762457,0.14969261,0,1,0,0,1,0,0.5,2
0.642332435,0.324216068,0.548469067,1,0,0,0,0,1,0.5,0
0.389830917,0.252754837,0.898779035,0,0,1,0,0,1,0.0,2
0.852185309,0.559398711,0.688226819,0,0,1,0,1,0,0.5,1
0.480634749,0.687410116,0.135798857,0,1,0,0,1,0,0.0,0
0.740119278,0.738838434,0.116090022,0,1,0,0,0,1,0.5,2
0.140759394,0.766534805,0.91144979,0,1,0,0,0,1,1.0,0
0.426223129,0.0849908665,0.487609535,0,0,1,1,0,0,1.0,1
0.984079361,0.424072385,0.923672974,0,1,0,0,0,1,1.0,1
0.818037271,0.785260201,0.736217737,0,1,0,0,1,0,0.5,2
0.201943755,0.909609497,0.993348479,0,1,0,1,0,0,1.0,0
0.313875854,0.622090101,0.871227741,1,0,0,1,0,0,0.0,1
0.36332503,0.0996915102,0.414212197,1,0,0,0,0,1,0.5,1
0.667847276,0.426813513,0.758227825,0,1,0,1,0,0,0.5,2
0.769145012,0.120515764,0.471228153,0,0,1,0,1,0,0.5,0
0.762050271,0.761110961,0.233072296,1,0,0,0,1,0,1.0,2
0.534380376,0.110330194,0.241029263,0,1,0,0,0,1,1.0,1
0.820279539,0.226444513,0.397322148,1,0,0,1,0,0,0.0,1
0.465224177,0.446110517,0.111466229,0,0,1,0,0,1,0.0,2
0.167686537,0.48951596,0.177766278,0,1,0,0,0,1,0.5,2
0.586219728,0.436157614,0.500608683,0,1,0,0,0,1,0.0,2
0.954686344,0.490226805,0.953922451,1,0,0,1,0,0,0.5,1
0.803343952,0.727577209,0.577686369,0,1,0,0,1,0,1.0,1
0.599765599,0.400805384,0.408496737,1,0,0,0,1,0,1.0,1
0.664465368,0.570362926,0.242700323,0,0,1,1,0,0,0.5,2
0.93403393,0.338200808,0.195901304,1,0,0,0,0,1,1.0,1
0.45692566,0.385946125,0.658407032,0,1,0,0,1,0,1.0,0
0.364824444,0.633109033,0.848325312,0,0,1,0,0,1,1.0,1
0.978379488,0.515969932,0.398855925,0,0,1,0,1,0,0.5,0
0.870270967,0.736884475,0.55065906,0,0,1,0,0,1,0.0,2
0.356891394,0.582511663,0.706726789,1,0,0,0,0,1,0.5,0
0.490591556,0.813395381,0.058295574,0,0,1,0,0,1,0.5,0
0.444324225,0.471237808,0.350897044,0,1,0,0,1,0,1.0,2
0.191640899,0.516481936,0.729752898,0,0,1,0,0,1,1.0,2
0.959928334,0.686472774,0.684619009,0,0,1,0,1,0,0.0,0
0.434096813,0.260181755,0.0533477254,1,0,0,0,1,0,0.5,0
0.88156265,0.41663307,0.237818494,1,0,0,0,1,0,0.0,2
0.229888409,0.643599153,0.679957211,0,1,0,0,1,0,0.0,0
0.570477247,0.0774324536,0.271416038,0,1,0,1,0,0,0.5,0
0.0727633163,0.465122849,0.814410269,1,0,0,0,1,0,0.0,2
0.77600944,0.618907452,0.0295048598,0,0,1,0,0,1,0.5,0
0.601868212,0.969006777,0.190347031,1,0,0,0,1,0,0.5,0
0.644310117,0.883165717,0.281312972,1,0,0,0,0,1,0.0,1
0.0991348401,0.316704869,0.92528981,1,0,0,1,0,0,0.0,2
0.250486404,0.531849623,0.796318948,0,1,0,0,1,0,0.5,1
0.120614327,0.103593655,0.884145081,0,1,0,1,0,0,1.0,2
0.324468613,0.278716683,0.440479159,0,1,0,0,1,0,1.0,0
0.646067083,0.786113083,0.822562099,0,1,0,0,1,0,0.5,2
0.587876678,0.167148307,0.853493571,0,0,1,1,0,0,1.0,1
0.631542325,0.294806004,0.399956822,0,1,0,0,0,1,0.0,0
0.571788728,0.946840405,0.994461834,0,1,0,0,0,1,0.0,1
0.309377342,0.832663,0.851238608,0,0,1,0,0,1,1.0,1
0.282282114,0.792736351,0.974096954,0,0,1,0,1,0,1.0,1
0.180206701,0.871329606,0.866497099,1,0,0,0,0,1,0.5,2
0.856617332,0.762125373,0.776203632,0,0,1,0,0,1,0.0,1
0.635655403,0.164556906,0.943843901,0,0,1,0,1,0,1.0,1
0.227185458,0.540733278,0.419819236,0,1,0,1,0,0,1.0,2
0.218348905,0.472031713,0.783333421,0,1,0,0,0,1,1.0,2
0.879383802,0.345593989,0.212891206,0,1,0,1,0,0,1.0,1
0.755594313,0.842338383,0.732793868,0,1,0,0,1,0,0.0,1
0.676429152,0.490932256,0.785353303,0,0,1,0,1,0,0.5,0
0.436520904,0.107282721,0.716524422,0,1,0,0,0,1,0.0,1
0.298876792,0.311217308,0.849813044,0,1,0,0,0,1,0.5,1
0.980478227,0.267190009,0.413335443,1,0,0,1,0,0,1.0,0
0.807377577,0.893104911,0.544768155,0,0,1,0,0,1,1.0,2
0.336690277,0.665066183,0.0106674107,0,0,1,1,0,0,0.5,0
0.855186582,0.582357466,0.146053165,0,0,1,0,1,0,1.0,0
0.770985365,0.531316757,0.644193947,1,0,0,1,0,0,0.0,1
0.332226515,0.667607367,0.562317193,0,0,1,0,1,0,0.5,2
0.455225199,0.767131746,0.197332516,0,0,1,0,0,1,1.0,1
0.226655766,0.576665461,0.243464798,0,1,0,1,0,0,1.0,2
0.155499816,0.941371143,0.344082206,0,0,1,1,0,0,1.0,2
0.736623943,0.977992475,0.71641469,0,1,0,1,0,0,0.5,1
0.304136276,0.99557519,0.609716594,1,0,0,0,0,1,0.0,1
0.829056382,0.68592155,0.0695712641,0,1,0,0,0,1,0.0,2
0.995828271,0.935989439,0.759939134,1,0,0,0,0,1,1.0,2
0.122788824,0.434255719,0.26265955,1,0,0,1,0,0,0.5,0
0.49938336,0.866612792,0.671759665,1,0,0,1,0,0,0.5,1
0.811959445,0.913715601,0.123362847,0,1,0,0,1,0,0.5,0
0.799503326,0.908933461,0.997921288,1,0,0,1,0,0,1.0,1
0.771997273,0.83930397,0.08033517,0,1,0,0,1,0,0.0,0
0.381545186,0.436269194,0.741734028,0,1,0,0,0,1,0.5,1
0.481160581,0.200962111,0.541330338,0,1,0,0,1,0,0.0,0
0.615219951,0.367258549,0.0859391913,1,0,0,0,1,0,0.5,0
0.975243568,0.778924167,0.0268104579,0,1,0,1,0,0,0.5,2
0.361169904,0.271241248,0.362665713,0,1,0,1,0,0,0.0,2
0.926986694,0.50435847,0.802223921,1,0,0,0,1,0,0.5,1
0.30588907,0.587129533,0.0411512405,0,1,0,0,1,0,0.0,2
0.989620745,0.623665631,0.704398692,1,0,0,0,0,1,0.5,0
0.686750531,0.938939273,0.655376256,1,0,0,1,0,0,0.0,1
0.490335912,0.678418398,0.265537679,1,0,0,0,0,1,1.0,2
0.632720888,0.796983898,0.0774920359,0,1,0,0,1,0,0.5,0
0.308904618,0.602784455,0.915321946,0,1,0,0,0,1,0.5,1
0.310465157,0.841901302,0.300349802,0,0,1,1,0,0,0.0,0
0.157876819,0.300480425,0.111383229,0,0,1,0,1,0,0.0,1
0.158347785,0.249383792,0.681517065,0,0,1,0,1,0,0.0,2
0.380288154,0.93000406,0.216681227,1,0,0,0,0,1,0.0,2
0.774712682,0.708806813,0.47563076,0,0,1,1,0,0,1.0,1
0.627572596,0.6879493,0.0504055433,0,1,0,0,1,0,0.5,0
0.147455335,0.493930489,0.992983937,1,0,0,0,1,0,0.5,2
0.859624684,0.407862395,0.447621137,1,0,0,0,0,1,0.5,0
0.621299267,0.577906609,0.999109983,0,1,0,0,1,0,1.0,1
0.962812781,0.164538026,0.385674864,0,0,1,0,1,0,0.0,2
0.686676204,0.481976926,0.347852558,0,0,1,1,0,0,1.0,1
0.216416121,0.482599318,0.914572299,0,1,0,1,0,0,0.5,2
0.500094175,0.561419666,0.329465866,0,1,0,0,0,1,0.5,2
0.666072726,0.65295136,0.432005554,0,0,1,0,1,0,0.0,0
0.0768514648,0.95945245,0.0781104341,0,1,0,1,0,0,0.0,2
0.0641647503,0.669560671,0.955462396,0,0,1,0,0,1,1.0,2
0.172932848,0.889538884,0.0851512402,0,1,0,1,0,0,0.5,2
0.289081216,0.578488648,0.771184921,0,0,1,0,0,1,1.0,1
0.458071679,0.645581484,0.538615406,0,1,0,0,0,1,0.5,2
0.513068438,0.116345108,0.0614051446,1,0,0,0,1,0,0.0,1
0.181126222,0.176600531,0.00170382799,1,0,0,0,0,1,0.0,2
0.689722002,0.600686908,0.93555361,1,0,0,0,0,1,0.5,2
0.61633116,0.425927222,0.742173433,0,1,0,1,0,0,0.0,2
0.329740882,0.808870018,0.686436236,0,0,1,0,0,1,0.5,0
0.0629768893,0.566018999,0.438556522,0,0,1,0,0,1,0.0,0
0.123765521,0.888176501,0.238613784,0,0,1,1,0,0,0.0,1
0.422110051,0.973715067,0.679863095,1,0,0,1,0,0,1.0,1
0.196275637,0.190253422,0.608301044,1,0,0,1,0,0,0.0,2
0.407978624,0.425086349,0.726342201,0,0,1,1,0,0,0.5,1
0.646773458,0.681731999,0.365792513,0,1,0,0,1,0,0.5,1
0.569875538,0.340214312,0.986923754,0,1,0,0,1,0,0.5,1
0.269617081,0.303680718,0.0670086518,0,0,1,0,0,1,1.0,0
0.376631379,0.823051631,0.0797016174,0,0,1,1,0,0,0.5,0
0.63332963,0.981359541,0.916875839,0,1,0,0,1,0,1.0,1
0.867812276,0.785113156,0.647706449,0,0,1,0,0,1,1.0,0
0.765552759,0.547492802,0.326334059,0,1,0,0,1,0,0.0,0
0.575730026,0.470385671,0.761952758,0,1,0,0,1,0,0.0,1
0.394178361,0.562665343,0.452773392,1,0,0,0,1,0,1.0,2
0.3967987,0.489697725,0.0211215094,1,0,0,0,0,1,0.5,1
0.885446429,0.527743638,0.651103675,1,0,0,0,1,0,1.0,2
0.0872813985,0.243280396,0.243111938,0,0,1,0,0,1,0.0,2
0.988583505,0.908554852,0.115335114,0,1,0,1,0,0,1.0,1
0.681156635,0.766808271,0.225273177,0,0,1,1,0,0,0.5,2
0.697080791,0.696928561,0.476157874,0,0,1,1,0,0,1.0,1
0.0860979483,0.952428699,0.0498564318,0,0,1,1,0,0,0.0,2
0.625252783,0.320174605,0.883152366,0,1,0,0,1,0,1.0,1
0.510539174,0.127101436,0.559918046,1,0,0,0,1,0,0.5,0
0.150489956,0.834831715,0.292996168,0,1,0,1,0,0,0.5,2
0.314025909,0.998496115,0.687004864,0,1,0,0,0,1,0.0,1
0.895798743,0.599510789,0.804236472,0,0,1,0,1,0,0.0,2
0.572489023,0.105868921,0.613924623,0,0,1,0,1,0,0.0,0
0.442745745,0.791444659,0.202494681,1,0,0,0,0,1,0.0,0
0.119048052,0.120061599,0.110288419,0,1,0,0,0,1,1.0,2
0.72841543,0.563013315,0.8598997,1,0,0,0,0,1,0.0,2
0.71770829,0.313655853,0.234687418,0,0,1,1,0,0,0.5,1
0.633341432,0.919275463,0.0200824309,0,0,1,1,0,0,0.0,0
0.534749508,0.478764653,0.642902136,1,0,0,0,0,1,1.0,1
0.462095171,0.903540194,0.152885333,1,0,0,1,0,0,1.0,1
0.613607526,0.334127039,0.990969837,0,1,0,1,0,0,1.0,1
0.271725684,0.417994469,0.86973083,1,0,0,0,0,1,1.0,2
0.944196105,0.949763238,0.608445704,1,0,0,0,1,0,0.5,2
0.609354794,0.241248727,0.833865643,0,1,0,1,0,0,0.0,1
0.345632821,0.599576116,0.470535696,0,0,1,0,0,1,0.0,2
0.477195859,0.419084817,0.788486242,0,1,0,0,0,1,0.0,1
0.815400541,0.785458565,0.646533549,0,0,1,0,0,1,0.0,1
0.203535259,0.17283155,0.0286446474,0,0,1,0,1,0,0.0,2
0.328193843,0.465354234,0.948757648,1,0,0,0,0,1,0.0,0
0.69553262,0.71398598,0.860919595,1,0,0,0,0,1,0.0,2
0.349714756,0.436665416,0.953407407,1,0,0,0,1,0,1.0,1
0.802876592,0.105605155,0.731365919,1,0,0,0,0,1,1.0,1
0.173930809,0.71985662,0.412060916,1,0,0,1,0,0,0.5,2
0.774551868,0.528038383,0.20698522,0,0,1,0,1,0,1.0,0
0.114934132,0.0607432537,0.179996341,0,1,0,0,1,0,0.5,2
0.0619629808,0.632023096,0.144916251,1,0,0,0,0,1,0.0,2
0.903312325,0.923886955,0.22060965,0,0,1,1,0,0,0.0,2
0.602272272,0.155474648,0.550635993,1,0,0,0,1,0,1.0,1
0.384235561,0.611137688,0.683745086,0,1,0,0,0,1,1.0,2
0.270964891,0.742235422,0.314056575,0,0,1,0,0,1,0.0,0
0.636041522,0.11723499,0.548746943,0,1,0,0,1,0,0.0,2
0.533552051,0.0714846849,0.341252655,1,0,0,0,1,0,1.0,2
0.992017865,0.490986079,0.696509957,0,0,1,0,0,1,0.0,2
0.984055161,0.801627338,0.98848623,0,1,0,0,1,0,1.0,1
0.653273344,0.202683434,0.689016998,1,0,0,1,0,0,0.0,1
0.470726967,0.844805419,0.0590305775,1,0,0,1,0,0,1.0,0
0.51658392,0.673748374,0.47723496,0,0,1,0,0,1,1.0,2
0.698355138,0.365564615,0.770387471,1,0,0,1,0,0,0.0,1
0.146495819,0.540034533,0.542241633,0,1,0,0,0,1,0.0,2
0.361934483,0.967296243,0.951063037,1,0,0,0,1,0,1.0,2
0.121508628,0.255615115,0.0547716804,0,1,0,0,1,0,0.5,2
0.11969272,0.524558604,0.291155547,0,1,0,0,0,1,0.5,2
0.236047283,0.643262208,0.220718101,0,1,0,0,0,1,0.5,2
0.51099062,0.181113869,0.767622173,0,1,0,0,1,0,0.5,2
0.795535624,0.0913459808,0.523793042,0,0,1,0,0,1,0.0,0
0.511221111,0.0627869517,0.138344213,0,1,0,1,0,0,0.5,0
0.368702769,0.358458221,0.285593271,0,0,1,1,0,0,0.5,1
0.12823534,0.120249927,0.522659302,0,0,1,1,0,0,1.0,2
0.572780728,0.813581467,0.996128976,0,0,1,0,1,0,1.0,1
0.307705164,0.99745357,0.364292353,1,0,0,0,1,0,0.0,2
0.63418746,0.10823863,0.156826094,0,1,0,0,1,0,1.0,0
0.978328347,0.461089969,0.497066528,1,0,0,0,0,1,0.5,2
0.155748606,0.0744455159,0.310186386,0,1,0,0,1,0,0.5,2
0.251519144,0.177291349,0.565966845,0,0,1,0,1,0,0.0,1
0.499439806,0.356776446,0.466710299,1,0,0,1,0,0,0.0,2
0.970183134,0.424013317,0.689489901,1,0,0,0,1,0,0.5,1
0.783219278,0.942793787,0.914290726,0,0,1,0,0,1,1.0,2
0.90331775,0.426044971,0.200514346,0,0,1,0,0,1,1.0,0
0.367029101,0.521463752,0.821180046,0,0,1,1,0,0,0.0,1
0.992436528,0.283304214,0.949265718,1,0,0,1,0,0,0.0,1
0.147691175,0.0501188822,0.373609692,0,0,1,0,0,1,0.0,2
0.100324258,0.904367745,0.113662697,1,0,0,1,0,0,0.5,2
0.862822473,0.127629012,0.821911156,0,1,0,1,0,0,1.0,1
0.930901647,0.966036379,0.701095819,0,0,1,0,0,1,1.0,1
0.136056095,0.174301893,0.212712198,1,0,0,1,0,0,1.0,2
0.15775606,0.624634564,0.4452236,0,0,1,0,0,1,0.5,2
0.0815154463,0.999440074,0.577992201,0,0,1,0,0,1,0.0,2
0.149282187,0.181541368,0.16985409,1,0,0,0,0,1,1.0,2
0.248948827,0.452745944,0.714912832,1,0,0,1,0,0,0.5,2
0.971572816,0.791402459,0.689882755,1,0,0,0,0,1,1.0,2
0.684467196,0.0805806443,0.887126625,0,0,1,0,1,0,0.5,1
0.789625347,0.705293596,0.567272961,0,1,0,0,1,0,1.0,1
0.787332416,0.126354665,0.574313045,0,1,0,0,1,0,0.0,0
0.558320045,0.274694145,0.619387329,0,0,1,1,0,0,1.0,1
0.807614505,0.202072352,0.273783267,0,0,1,0,0,1,0.5,1
0.616017163,0.911969602,0.758605838,1,0,0,0,1,0,1.0,2
0.348818779,0.221433878,0.662499249,0,1,0,0,0,1,0.5,0
0.583054602,0.0884123892,0.839145601,0,1,0,1,0,0,0.5,1
0.556833148,0.608244419,0.76858598,0,1,0,1,0,0,1.0,2
0.832280397,0.378871888,0.638572216,1,0,0,0,1,0,0.5,0
0.982640862,0.435420901,0.160892144,0,1,0,1,0,0,0.5,2
0.440490425,0.163109601,0.919147313,1,0,0,1,0,0,0.0,1
0.775221169,0.760822773,0.367212176,0,0,1,0,0,1,0.0,2
0.144774854,0.621475995,0.964298546,1,0,0,0,0,1,0.0,2
0.787989795,0.396006197,0.401870787,0,0,1,0,1,0,0.5,1
0.402846068,0.2129962,0.145938292,0,1,0,0,1,0,1.0,2
0.0874206573,0.613779128,0.884839773,0,0,1,0,0,1,1.0,2
0.395083874,0.789667428,0.795058727,0,0,1,1,0,0,0.0,2
0.630110621,0.346777409,0.78629607,0,0,1,0,1,0,0.5,1
0.163287655,0.0745673627,0.0894107521,1,0,0,0,0,1,0.0,0
0.927832782,0.253626794,0.879279852,1,0,0,1,0,0,0.0,1
0.123788789,0.69827795,0.596400619,1,0,0,1,0,0,0.5,2
0.93350637,0.989641547,0.470355749,0,0,1,1,0,0,0.0,0
0.721780658,0.0627074242,0.913171649,0,0,1,0,1,0,0.5,1
0.363226563,0.340845883,0.666041374,0,0,1,0,1,0,0.0,0
0.421212822,0.108919829,0.133030817,0,1,0,0,0,1,1.0,1
0.753768921,0.350531816,0.519537151,1,0,0,0,0,1,0.0,2
0.621397555,0.435618639,0.636616588,0,1,0,0,0,1,1.0,1
0.68806076,0.924818993,0.898550689,0,1,0,0,0,1,0.0,0
0.419706374,0.126532763,0.279894114,0,1,0,0,0,1,0.0,0
0.513422787,0.788277328,0.794233859,0,0,1,0,1,0,1.0,1
0.990374088,0.425757676,0.799812913,1,0,0,1,0,0,0.0,1
0.253226727,0.820699692,0.128049478,0,1,0,1,0,0,0.5,2
0.44696337,0.537732065,0.0172331836,1,0,0,0,1,0,1.0,0
0.327232033,0.0873179361,0.581409693,1,0,0,1,0,0,0.5,0
0.776855946,0.948895574,0.789478898,0,0,1,0,1,0,0.5,2
0.77581197,0.128597364,0.554430842,0,1,0,1,0,0,1.0,2
0.327823192,0.617799342,0.813347459,0,0,1,1,0,0,0.0,1
0.127320796,0.883784354,0.622303128,1,0,0,0,0,1,0.5,2
0.0608610436,0.125781313,0.653292358,0,1,0,0,1,0,0.0,0
0.456077993,0.576198697,0.0281544253,1,0,0,1,0,0,0.5,1
0.439820707,0.833075404,0.0885982066,1,0,0,0,1,0,1.0,1
0.988970399,0.987008452,0.725029647,0,0,1,0,1,0,1.0,1
0.496311963,0.738111019,0.762843311,0,1,0,0,0,1,0.5,1
0.29359746,0.31441766,0.542177975,0,0,1,0,0,1,1.0,2
0.896667957,0.714591801,0.590165138,0,0,1,0,0,1,0.5,2
0.51651454,0.720478415,0.614365816,1,0,0,1,0,0,0.0,1
0.619216859,0.714967728,0.104991317,0,1,0,1,0,0,0.5,0
0.140885279,0.86154741,0.667908609,0,1,0,1,0,0,0.5,2
0.413770586,0.133011058,0.478469968,0,1,0,1,0,0,0.5,0
0.947012484,0.15299885,0.602522969,0,0,1,0,0,1,1.0,1
0.610030115,0.658586264,0.563141823,0,0,1,0,1,0,1.0,1
0.377276748,0.956187069,0.76300025,0,0,1,0,1,0,1.0,2
0.644383848,0.492546707,0.318568259,1,0,0,0,1,0,0.5,0
0.914890528,0.962534547,0.373526245,0,0,1,1,0,0,1.0,2
0.310291082,0.941181004,0.391606301,0,1,0,1,0,0,1.0,1
0.529860854,0.907764256,0.762456119,1,0,0,1,0,0,1.0,1
0.960756123,0.914358437,0.431112617,0,1,0,0,1,0,1.0,0
0.213776335,0.903402865,0.177074775,0,0,1,1,0,0,1.0,2
0.733680725,0.828894913,0.983040988,0,1,0,0,1,0,0.5,1
0.633756936,0.710229993,0.493381858,1,0,0,1,0,0,0.5,1
0.695691347,0.0731877685,0.109248087,0,0,1,0,1,0,1.0,1
0.383658648,0.175640911,0.670274973,1,0,0,1,0,0,1.0,1
0.34818539,0.177520454,0.739162385,0,0,1,0,0,1,0.5,2
0.699999213,0.0723632723,0.500222862,1,0,0,1,0,0,0.5,2
0.254766107,0.160866678,0.646457195,1,0,0,0,1,0,1.0,1
0.448671997,0.923759103,0.172674865,0,1,0,0,1,0,0.0,1
0.22876592,0.680614054,0.367922395,0,0,1,0,1,0,1.0,2
0.0578895994,0.346469373,0.161828607,0,0,1,0,0,1,0.0,2
0.971554518,0.803691983,0.387235254,0,0,1,0,0,1,1.0,1
0.460117817,0.513951004,0.562800527,1,0,0,0,1,0,0.0,0
0.970882118,0.185020685,0.442539394,0,1,0,0,1,0,0.0,0
0.18330735,0.890276968,0.593214869,0,1,0,0,1,0,1.0,1
0.607998431,0.371728837,0.501759171,0,0,1,1,0,0,0.5,0
0.240925327,0.713916242,0.31781438,0,0,1,0,1,0,0.5,2
0.800570428,0.326064438,0.143416002,1,0,0,1,0,0,0.5,1
0.794517815,0.525067687,0.252672851,1,0,0,0,0,1,0.5,2
0.156976789,0.825440049,0.200713247,1,0,0,0,0,1,1.0,2
0.916461229,0.198938474,0.707422316,0,1,0,0,1,0,0.0,1
0.234898165,0.978388846,0.819966853,1,0,0,0,0,1,0.5,1
0.632328451,0.116705127,0.720388591,1,0,0,1,0,0,1.0,1
0.986351967,0.557308435,0.643734157,1,0,0,1,0,0,1.0,1
0.888276696,0.920224249,0.307851344,0,0,1,0,1,0,0.5,2
0.958735704,0.9484092,0.710985541,1,0,0,0,1,0,0.5,2
0.37546882,0.270503521,0.605083466,0,0,1,0,0,1,0.5,2
0.150296867,0.186785728,0.0468933657,0,1,0,0,1,0,0.5,0
0.228929535,0.738182843,0.907612145,0,1,0,0,1,0,1.0,2
0.525470138,0.0898748934,0.0799538419,0,0,1,0,1,0,1.0,2
0.803568184,0.51097703,0.502707899,0,0,1,1,0,0,0.0,2
0.192645967,0.806537449,0.513069153,1,0,0,0,0,1,0.0,2
0.676744938,0.582242012,0.837007165,1,0,0,0,1,0,1.0,2
0.357398719,0.228612602,0.91306752,0,1,0,0,1,0,0.0,1
0.374141961,0.512692094,0.939675808,0,1,0,0,1,0,1.0,1
0.678821862,0.925210953,0.569672108,0,1,0,1,0,0,0.5,1
0.493649453,0.636352301,0.67904222,0,1,0,1,0,0,1.0,0
0.821431637,0.735416114,0.0885198638,1,0,0,0,1,0,0.5,1
0.198122591,0.369450688,0.487916023,1,0,0,0,0,1,0.5,2
0.800450861,0.229059592,0.897856712,0,1,0,1,0,0,1.0,2
0.111023486,0.292860121,0.455697149,1,0,0,0,1,0,1.0,2
0.234351188,0.556518734,0.0695939362,1,0,0,0,0,1,0.5,2
0.673342228,0.316209137,0.20064114,0,0,1,0,1,0,0.0,1
0.862179399,0.564866543,0.429506928,0,0,1,0,0,1,1.0,0
0.290045649,0.722402334,0.237528309,0,1,0,1,0,0,0.5,2
0.360832036,0.747676075,0.392292589,0,1,0,0,0,1,0.0,0
0.560264707,0.206450686,0.332961887,0,1,0,1,0,0,0.0,1
0.250994176,0.762909293,0.318929046,0,1,0,1,0,0,0.5,1
0.820598423,0.689053714,0.0911646113,0,1,0,0,0,1,1.0,1
0.784954786,0.0614048764,0.882714689,1,0,0,1,0,0,0.0,1
0.188027129,0.10592857,0.692706227,0,0,1,0,0,1,0.0,1
0.490638256,0.663937032,0.623381913,0,0,1,0,0,1,0.0,1
0.78608638,0.414518714,0.606469393,0,0,1,1,0,0,0.5,1
0.370463043,0.1887988,0.396502227,1,0,0,1,0,0,0.0,1
0.651451468,0.092176728,0.823315322,1,0,0,1,0,0,0.0,1
0.097702466,0.201428428,0.930040002,1,0,0,1,0,0,0.5,2
0.628254294,0.959638238,0.00561724883,0,0,1,1,0,0,0.0,2
0.195020333,0.741187334,0.0791984797,0,0,1,0,1,0,0.5,0
0.839054167,0.551320136,0.674975634,0,0,1,0,1,0,0.0,0
0.387676984,0.944463491,0.236066729,0,0,1,0,1,0,0.5,2
0.317476183,0.638154924,0.911705017,0,0,1,0,1,0,0.5,1
0.848844528,0.739362955,0.667413056,1,0,0,0,1,0,1.0,0
0.0976368189,0.318519235,0.368291259,1,0,0,0,0,1,1.0,2
0.426778346,0.609532773,0.415282398,0,0,1,1,0,0,0.5,0
0.401503354,0.186303377,0.690882504,1,0,0,0,1,0,0.5,0
0.320560366,0.434258997,0.140964106,0,0,1,0,0,1,0.0,2
0.916166604,0.0815783069,0.883411884,0,0,1,0,0,1,0.0,1
0.763381958,0.255796671,0.00477169827,0,0,1,0,1,0,1.0,2
0.110727005,0.121125199,0.978946924,1,0,0,0,1,0,0.0,1
0.728953063,0.418389887,0.167645484,0,1,0,0,1,0,0.5,0
0.550934196,0.850883424,0.742111385,0,1,0,0,1,0,0.5,2
0.905824482,0.409037411,0.0399247073,0,1,0,0,0,1,0.5,0
0.347298324,0.840057671,0.431428909,0,1,0,1,0,0,0.0,1
0.595453918,0.673673391,0.630313694,0,1,0,1,0,0,0.0,2
0.525717497,0.534052968,0.0702274591,1,0,0,0,0,1,0.5,0
0.515082836,0.275047123,0.443293542,0,0,1,0,1,0,0.0,0
0.48330012,0.926048279,0.303136408,0,1,0,1,0,0,0.5,1
0.245348006,0.101490766,0.4982436,0,1,0,0,1,0,0.5,2
0.767924428,0.704467356,0.504576564,0,1,0,1,0,0,0.5,2
0.478769243,0.640177906,0.78523159,0,0,1,1,0,0,0.5,1
0.960590482,0.468989432,0.123504527,0,1,0,1,0,0,1.0,1
0.297767997,0.278304905,0.0827196017,1,0,0,0,0,1,0.0,2
0.69860667,0.459161133,0.401890248,0,0,1,0,1,0,0.5,0
0.94368124,0.879134119,0.887519896,0,0,1,1,0,0,0.5,2
0.680285394,0.844927788,0.855269492,0,0,1,1,0,0,0.5,1
0.87770927,0.944312215,0.559992909,0,0,1,1,0,0,0.0,2
0.836106896,0.342403561,0.888773799,0,1,0,0,1,0,0.0,1
0.392111838,0.417748958,0.805343568,0,1,0,1,0,0,1.0,2
0.620117724,0.0677898452,0.277939469,1,0,0,0,0,1,1.0,2
0.198448271,0.94580251,0.170106277,0,1,0,1,0,0,0.5,2
0.558749616,0.362920582,0.301156491,0,0,1,1,0,0,1.0,1
0.268900871,0.43395564,0.227117881,1,0,0,0,0,1,0.0,0
0.756549954,0.912414372,0.622718811,0,1,0,0,1,0,0.5,0
0.551655471,0.550268531,0.584899127,0,0,1,0,1,0,0.0,2
0.44066599,0.587865829,0.598437369,1,0,0,1,0,0,1.0,1
0.305357248,0.217421189,0.189303532,1,0,0,0,1,0,0.5,0
0.998763561,0.523727,0.791862726,0,1,0,0,0,1,0.5,0
0.118124992,0.922298193,0.433626086,0,0,1,0,1,0,0.5,0
0.0913826451,0.580782175,0.472451925,0,1,0,1,0,0,0.0,0
0.256394535,0.292360544,0.996961832,1,0,0,0,0,1,0.0,1
0.972518861,0.0796218216,0.282271773,0,0,1,1,0,0,1.0,0
0.980276287,0.36948669,0.394138008,1,0,0,0,0,1,0.0,1
0.672181368,0.593961358,0.676463187,1,0,0,0,0,1,1.0,1
0.886101305,0.0904826224,0.880412996,0,0,1,1,0,0,0.5,1
0.253263652,0.629302919,0.126781002,0,1,0,1,0,0,0.0,1
0.973439991,0.547243118,0.735045791,1,0,0,0,1,0,0.0,1
0.18564561,0.794263721,0.918280542,0,0,1,0,1,0,0.0,2
0.146068931,0.0774437636,0.422924608,0,1,0,1,0,0,0.0,2
0.156600967,0.791804969,0.286726922,0,1,0,1,0,0,0.0,2
0.594471514,0.544833183,0.677737176,1,0,0,0,1,0,0.5,2
0.791925669,0.402002871,0.246073648,0,0,1,1,0,0,0.5,0
0.398333818,0.967113853,0.384289742,0,1,0,0,0,1,0.5,1
0.979001164,0.202113569,0.89691335,0,0,1,0,1,0,0.5,2
0.462699145,0.564258873,0.590332568,0,1,0,0,1,0,1.0,2
0.192926124,0.354932398,0.0949772671,0,0,1,0,0,1,1.0,2
0.49266842,0.551112056,0.32969752,0,0,1,0,0,1,1.0,1
0.695085287,0.574661672,0.627265155,0,0,1,1,0,0,1.0,1
0.840614498,0.134975836,0.481497645,1,0,0,1,0,0,1.0,1
0.48582989,0.678078413,0.660339296,0,1,0,0,0,1,0.5,1
0.61392647,0.652757406,0.76144141,0,1,0,0,0,1,1.0,1
0.303977489,0.780993938,0.480615109,1,0,0,0,1,0,0.5,0
0.66362071,0.136125565,0.986951709,0,1,0,0,1,0,0.5,1
0.986673355,0.332395613,0.914673865,0,1,0,0,1,0,0.0,1
0.0966008976,0.667605042,0.0599074066,1,0,0,1,0,0,1.0,2
0.892204165,0.179894283,0.266431123,1,0,0,0,1,0,1.0,1
0.584168375,0.693718314,0.300543517,1,0,0,0,0,1,0.5,2
0.28949374,0.106075376,0.184290349,0,0,1,0,1,0,0.5,0
0.957145214,0.368184984,0.312016517,1,0,0,0,0,1,0.0,0
0.509186566,0.854375541,0.424820632,0,0,1,0,0,1,0.0,2
0.365105748,0.785576701,0.0515509807,0,1,0,1,0,0,0.5,0
0.222422749,0.662522674,0.127300233,1,0,0,1,0,0,0.5,2
0.282229602,0.876935482,0.0962458774,1,0,0,0,1,0,0.5,1
0.84120661,0.723806083,0.0463169403,1,0,0,0,1,0,0.0,0
0.633689523,0.543406367,0.48149702,1,0,0,0,1,0,1.0,0
0.917583346,0.980731606,0.333803087,0,1,0,1,0,0,0.0,1
0.270370036,0.710113287,0.935447216,0,0,1,0,0,1,0.0,1
0.16508165,0.62129879,0.102760538,0,1,0,0,0,1,0.0,2
0.0557831526,0.438427031,0.926035345,0,0,1,1,0,0,0.5,2
0.532468915,0.907291889,0.0865456164,0,1,0,0,1,0,0.0,1
0.998391569,0.330923647,0.619217336,0,1,0,1,0,0,1.0,0
0.710216999,0.0587586127,0.247730345,0,1,0,0,0,1,0.0,2
0.342974871,0.236903504,0.826805651,1,0,0,1,0,0,1.0,1
0.883015633,0.154041618,0.0614748262,1,0,0,1,0,0,1.0,2
0.792636156,0.353044093,0.952508152,0,0,1,0,0,1,0.5,1
0.0646444112,0.834584773,0.0472571999,0,1,0,1,0,0,0.5,2
0.826017439,0.66895318,0.241113275,1,0,0,1,0,0,0.5,1
0.335500419,0.210531563,0.464184731,0,1,0,1,0,0,1.0,1
0.192189798,0.79938066,0.756057858,0,1,0,0,1,0,0.5,2
0.265014291,0.529008865,0.951112747,0,0,1,0,0,1,1.0,1
0.495150805,0.537078917,0.428042442,0,0,1,0,1,0,0.5,2
0.453624517,0.39400658,0.757310092,0,1,0,0,0,1,0.5,0
0.324442923,0.871385574,0.72716254,0,1,0,0,0,1,1.0,1
0.213607401,0.352410942,0.5711689,0,1,0,0,0,1,0.5,2
0.774119258,0.139432773,0.690919161,0,0,1,1,0,0,0.0,0
0.990604281,0.337592542,0.0380666815,0,0,1,0,1,0,0.0,1
0.788901985,0.729585886,0.441577405,1,0,0,0,0,1,0.0,0
0.331140131,0.674702764,0.785860717,0,0,1,0,1,0,0.0,1
0.282568514,0.228616297,0.47422114,0,1,0,0,1,0,1.0,2
0.256782591,0.156195089,0.873504579,0,1,0,0,1,0,0.5,1
0.179860324,0.677822471,0.833637893,0,0,1,0,1,0,0.0,1
0.573764026,0.692557991,0.863446057,1,0,0,1,0,0,1.0,1
0.625130355,0.397842169,0.129996687,0,0,1,1,0,0,1.0,2
0.72022754,0.850661337,0.244141132,0,0,1,0,0,1,0.5,1
0.696202695,0.979294956,0.0295972731,0,1,0,0,0,1,0.0,1
0.327716649,0.245362967,0.982800722,0,1,0,1,0,0,0.0,1
0.363795459,0.598215282,0.236138135,1,0,0,0,0,1,1.0,2
0.697438836,0.0550790131,0.367093325,0,1,0,1,0,0,1.0,0
0.381975263,0.727401674,0.274926454,1,0,0,0,1,0,0.0,2
0.251992017,0.443568021,0.0397936217,0,0,1,0,1,0,0.5,2
0.405619353,0.233605772,0.261258006,1,0,0,1,0,0,1.0,2
0.308479935,0.764610827,0.0981956646,0,0,1,0,0,1,1.0,2
0.133897081,0.820116341,0.394283086,0,0,1,0,0,1,0.5,0
0.838631928,0.155608177,0.966824114,0,1,0,1,0,0,0.5,1
0.860455811,0.0889459774,0.698262393,0,0,1,1,0,0,1.0,2
0.258762777,0.36737451,0.706900775,0,0,1,0,1,0,1.0,1
0.11153359,0.644690931,0.453175932,1,0,0,0,0,1,0.0,0
0.75188607,0.803748548,0.811304033,0,1,0,0,1,0,1.0,0
0.250952184,0.568759382,0.908284187,0,1,0,1,0,0,1.0,1
0.423763722,0.601711333,0.961549997,0,1,0,0,0,1,1.0,2
0.110928491,0.809865296,0.0989902243,0,0,1,0,1,0,0.0,2
0.264956117,0.552401185,0.879644036,0,0,1,0,0,1,0.5,1
0.803257167,0.630596757,0.225082889,1,0,0,0,0,1,0.5,0
0.814176619,0.540406466,0.397266895,0,1,0,1,0,0,0.5,0
0.246730581,0.88643533,0.345477194,0,1,0,0,1,0,1.0,2
0.369118154,0.273740798,0.675130069,0,0,1,1,0,0,1.0,0
0.177526504,0.300793916,0.597924531,1,0,0,0,1,0,0.5,2
0.120463997,0.171563387,0.109104872,0,0,1,1,0,0,0.0,1
0.992563128,0.828493416,0.782822609,0,1,0,1,0,0,1.0,1
0.67281425,0.441188425,0.43964541,0,0,1,1,0,0,0.0,0
0.564991713,0.380499244,0.00222184323,1,0,0,0,1,0,0.0,0
0.777223587,0.982281268,0.414503276,1,0,0,1,0,0,1.0,1
0.848073304,0.930463195,0.516331553,0,0,1,0,0,1,0.5,1
0.816379011,0.973388314,0.068874687,0,1,0,1,0,0,0.0,2
0.0657124743,0.185184047,0.151135266,0,0,1,0,0,1,0.5,2
0.227467507,0.896689236,0.993572176,0,0,1,0,1,0,1.0,0
0.672160029,0.36227411,0.871195376,1,0,0,0,0,1,0.0,1
0.406971395,0.0620239303,0.133327425,0,0,1,0,0,1,1.0,0
0.983358502,0.421733409,0.580309391,1,0,0,0,0,1,1.0,2
0.682134569,0.533736527,0.379243284,1,0,0,0,0,1,0.0,1
0.958721459,0.152809396,0.543740392,0,0,1,0,0,1,0.0,1
0.241374165,0.560793757,0.470535189,1,0,0,0,1,0,0.5,1
0.870759189,0.828490376,0.0481489263,0,0,1,0,1,0,0.0,1
0.355284691,0.408768415,0.3154203,0,1,0,0,1,0,1.0,0
0.990086555,0.385012567,0.125520587,0,1,0,0,1,0,0.5,0
0.199804232,0.371869892,0.488968104,1,0,0,0,1,0,1.0,0
0.540522814,0.926939726,0.907316744,0,1,0,0,1,0,0.5,1
0.803202331,0.096320197,0.995532751,0,1,0,1,0,0,1.0,1
0.461010367,0.472822338,0.944253087,0,0,1,0,0,1,0.5,0
0.494679868,0.301369488,0.98569715,0,0,1,0,1,0,0.0,1
0.987038016,0.899116695,0.0152463159,0,1,0,1,0,0,1.0,1
0.454042733,0.141249657,0.729447007,0,1,0,0,1,0,1.0,1
0.623868525,0.440870643,0.272948802,0,0,1,0,1,0,0.5,2
0.101812676,0.436475337,0.86561799,0,0,1,1,0,0,0.0,2
0.850099564,0.893974721,0.813733518,0,1,0,0,1,0,0.0,2
0.665759623,0.254718781,0.423674583,1,0,0,0,0,1,0.5,0
0.433819085,0.662650645,0.473260671,0,0,1,0,0,1,0.0,1
0.0653610602,0.177685827,0.265091658,0,0,1,1,0,0,0.0,1
0.612085402,0.956276953,0.288804024,0,1,0,0,1,0,0.5,0
0.0620249361,0.61336422,0.981174409,0,1,0,0,0,1,1.0,2
0.0511434339,0.644943893,0.888852894,1,0,0,1,0,0,0.5,2
0.635293663,0.46208474,0.191868976,0,0,1,0,0,1,0.5,0
0.229566216,0.375168592,0.275524676,0,1,0,1,0,0,0.5,2
0.232293174,0.252042621,0.108647995,0,1,0,1,0,0,0.0,2
0.670607984,0.623788357,0.9888708,1,0,0,0,0,1,1.0,1
0.101012327,0.956833661,0.907209873,1,0,0,0,1,0,0.0,2
0.347735286,0.391801417,0.552097976,0,0,1,1,0,0,0.0,1
0.191960305,0.888999045,0.692893088,0,1,0,0,0,1,0.0,2
0.60116756,0.191337496,0.747946918,0,1,0,0,0,1,1.0,1
0.678676903,0.93931973,0.203811228,0,0,1,0,0,1,0.5,2
0.73507905,0.382961959,0.934666336,1,0,0,1,0,0,0.5,1
0.292469651,0.410740852,0.526742697,0,0,1,0,1,0,1.0,0
0.134787261,0.489700139,0.0924515352,0,0,1,0,0,1,0.5,2
0.124749474,0.732332051,0.397082597,0,0,1,0,0,1,1.0,2
0.454843968,0.733670771,0.601646543,1,0,0,1,0,0,0.0,1
0.948552191,0.505609155,0.352823198,1,0,0,0,1,0,0.5,1
0.256842583,0.546995282,0.699204445,0,1,0,1,0,0,1.0,2
0.293904513,0.078509964,0.882049978,0,1,0,0,1,0,1.0,1
0.145844355,0.339081854,0.77189213,0,0,1,1,0,0,1.0,2
0.625291765,0.37871623,0.642657995,0,1,0,0,1,0,1.0,1
0.695879221,0.580790877,0.5121575,1,0,0,0,0,1,0.5,2
0.660784662,0.580384791,0.254463494,0,1,0,1,0,0,0.0,1
0.868073702,0.724404812,0.45494616,0,1,0,0,1,0,0.5,2
0.512104571,0.731175959,0.292952895,1,0,0,0,0,1,0.5,2
0.177734181,0.273450196,0.93402338,0,1,0,0,0,1,1.0,2
0.32493487,0.781677783,0.907311141,1,0,0,0,1,0,0.0,2
0.679308474,0.0686233863,0.15582639,0,1,0,1,0,0,1.0,0
0.632465899,0.730353773,0.822620213,0,1,0,0,0,1,0.5,1
0.554452956,0.146958053,0.702914715,0,0,1,0,1,0,0.0,1
0.69881618,0.743165791,0.97521174,0,1,0,1,0,0,0.5,2
0.655521333,0.550762177,0.463306576,0,0,1,0,0,1,0.0,2
0.887258649,0.465391785,0.722174346,0,1,0,0,1,0,0.0,0
0.60671556,0.706133068,0.517883897,0,0,1,0,0,1,1.0,0
0.789671302,0.0845522955,0.0694004968,0,1,0,1,0,0,1.0,0
0.286271811,0.262296796,0.04676475,1,0,0,1,0,0,1.0,0
0.694273472,0.63561815,0.12211144,0,1,0,0,0,1,0.5,0
0.907084405,0.854854643,0.296191067,1,0,0,1,0,0,0.0,1
0.416445702,0.412052244,0.259113103,1,0,0,1,0,0,1.0,1
0.790148973,0.295823395,0.728326678,0,0,1,0,1,0,1.0,1
0.738549829,0.542799592,0.715922713,1,0,0,0,0,1,1.0,1
0.106549889,0.64119947,0.971394598,1,0,0,0,0,1,1.0,1
0.602432907,0.449097872,0.31039083,0,0,1,0,1,0,0.0,0
0.173679888,0.882875144,0.938452065,0,1,0,1,0,0,0.0,2
0.968953192,0.547266781,0.612850606,0,1,0,0,0,1,0.5,2
0.82083714,0.0840324089,0.495308697,1,0,0,0,0,1,1.0,2
0.154237613,0.261901259,0.667841375,0,0,1,0,1,0,0.0,2
0.165664405,0.478114665,0.702755451,0,1,0,1,0,0,0.0,2
0.614750147,0.712839246,0.171929032,0,0,1,0,1,0,0.5,0
0.377644718,0.258764625,0.751715481,0,0,1,0,0,1,1.0,1
0.0831605643,0.977444589,0.725172758,1,0,0,1,0,0,0.5,2
0.56455946,0.352630347,0.997532308,0,0,1,1,0,0,1.0,1
0.418452859,0.555856168,0.911947787,1,0,0,0,1,0,0.0,2
0.146022663,0.0680180639,0.684660256,0,0,1,1,0,0,0.0,2
0.811824381,0.89064616,0.71236372,1,0,0,0,0,1,1.0,1
0.919322908,0.799392939,0.945985615,0,1,0,0,0,1,1.0,1
0.768764257,0.23568511,0.967178285,0,0,1,0,0,1,0.0,0
0.831301212,0.936574876,0.826965213,1,0,0,1,0,0,0.0,1
0.255666047,0.350047767,0.767393529,0,1,0,1,0,0,0.0,0
0.300394297,0.70757699,0.111365825,1,0,0,0,0,1,0.5,0
0.24810116,0.828027487,0.830322206,1,0,0,0,1,0,0.5,0
0.776810288,0.753868759,0.253195673,1,0,0,0,0,1,0.5,2
0.950521231,0.921703637,0.563784301,1,0,0,0,1,0,0.5,1
0.730995357,0.871061027,0.405372471,1,0,0,0,0,1,1.0,0
0.887393415,0.994880915,0.345607311,0,0,1,0,1,0,1.0,1
0.65676415,0.223480836,0.310250014,0,1,0,0,1,0,0.0,0
0.418276906,0.339523703,0.855427086,0,1,0,1,0,0,1.0,1
0.454473525,0.654414594,0.769136131,0,1,0,0,1,0,1.0,1
0.121555358,0.746394813,0.523448765,0,0,1,1,0,0,1.0,2
0.0798843354,0.557874799,0.664480507,1,0,0,0,0,1,0.5,2
0.710701823,0.120231949,0.984527946,0,0,1,0,1,0,1.0,1
0.466507435,0.849515438,0.397535145,1,0,0,0,1,0,1.0,2
0.574604332,0.962830663,0.551100612,0,0,1,0,0,1,0.0,1
0.579778194,0.435241014,0.533523738,0,1,0,0,0,1,0.5,1
0.31350702,0.263571858,0.935972393,0,0,1,0,1,0,0.0,1
0.502097905,0.068348065,0.351562411,1,0,0,0,1,0,0.0,1
0.497222215,0.275434077,0.986254752,0,1,0,1,0,0,0.5,1
0.419005871,0.714922845,0.304697603,0,1,0,1,0,0,0.5,2
0.82964164,0.916009903,0.108907036,1,0,0,0,1,0,0.5,0
0.478605807,0.138837412,0.191373542,1,0,0,0,1,0,0.0,1
0.623462319,0.575596213,0.426221341,0,0,1,0,0,1,0.0,1
0.90074414,0.710754693,0.649755955,1,0,0,0,0,1,0.5,2
0.872921944,0.31256178,0.516825199,1,0,0,1,0,0,0.0,0
0.895901084,0.591402173,0.376278162,1,0,0,1,0,0,1.0,1
0.306504756,0.729485989,0.562033236,0,1,0,0,0,1,0.0,0
0.0832333639,0.845833302,0.838806272,1,0,0,0,0,1,0.5,1
0.298013449,0.479874849,0.838931024,0,1,0,0,0,1,0.0,1
0.31477198,0.76046437,0.72622788,0,1,0,0,0,1,0.0,2
0.913892329,0.336693823,0.952448487,0,1,0,0,0,1,0.5,1
0.666780591,0.252394408,0.590204656,1,0,0,0,0,1,1.0,0
0.12761876,0.227948055,0.00765763782,1,0,0,1,0,0,0.5,2
0.178609669,0.390929103,0.290929645,0,1,0,0,0,1,0.0,1
0.197892323,0.0840856954,0.328222692,0,0,1,0,1,0,1.0,2
0.648900688,0.318842232,0.547326088,0,0,1,0,1,0,1.0,0
0.748643339,0.669611692,0.904889464,0,0,1,0,1,0,0.0,1
0.866661727,0.665523112,0.838114977,1,0,0,0,1,0,0.5,1
0.943604708,0.119876117,0.232172981,0,1,0,1,0,0,1.0,0
0.241619334,0.323044837,0.519390225,1,0,0,0,1,0,0.5,2
0.344283849,0.591079772,0.659148633,0,1,0,1,0,0,0.0,2
0.278306723,0.352624536,0.987511516,0,0,1,0,1,0,0.5,1
0.390823483,0.447088629,0.0313028209,1,0,0,0,0,1,0.5,0
0.918931842,0.727170229,0.46387732,0,0,1,0,0,1,0.5,2
0.596356928,0.0588034876,0.988108635,0,1,0,0,0,1,1.0,1
0.751282275,0.31257388,0.977205813,0,0,1,0,0,1,0.0,1
0.515613258,0.185253635,0.330726504,0,1,0,1,0,0,1.0,1
0.0774150193,0.171228722,1.67362577e-05,1,0,0,0,0,1,1.0,2
0.110985711,0.961088181,0.586734593,1,0,0,0,0,1,0.0,2
0.561026871,0.407732308,0.866938829,0,0,1,1,0,0,1.0,2
0.732849598,0.550734162,0.32429722,1,0,0,0,1,0,1.0,2
0.254563987,0.747130811,0.934269965,0,1,0,1,0,0,0.5,1
0.735814095,0.0950751007,0.332702428,0,1,0,0,1,0,1.0,0
0.820132494,0.278971493,0.610201299,0,0,1,0,0,1,0.0,0
0.441302598,0.840540409,0.722046077,0,1,0,1,0,0,0.0,2
0.759098291,0.86889106,0.345415771,1,0,0,0,1,0,1.0,2
0.433828443,0.404303372,0.352206409,0,0,1,1,0,0,1.0,1
0.694433093,0.406118512,0.469994843,0,0,1,0,1,0,0.5,1
0.775797188,0.769052029,0.835223436,1,0,0,0,0,1,1.0,1
0.992330313,0.330316722,0.100850768,1,0,0,0,0,1,0.5,0
0.37812683,0.161239371,0.631479383,1,0,0,0,0,1,0.5,1
0.440488756,0.294658691,0.677347958,0,0,1,0,1,0,1.0,2
0.207339063,0.417977482,0.557872772,0,0,1,0,0,1,1.0,2
0.243869409,0.0995944738,0.935838401,0,1,0,1,0,0,0.0,2
0.708725274,0.504746258,0.6019907,0,0,1,0,1,0,1.0,1
0.921193302,0.753007114,0.634576738,0,0,1,1,0,0,0.0,0
0.424874693,0.538057864,0.599760056,0,1,0,0,1,0,0.5,2
0.220852226,0.118300572,0.722018778,0,0,1,0,1,0,0.5,2
0.320844531,0.468142152,0.135409415,0,1,0,1,0,0,1.0,1
0.482299119,0.723459363,0.894276321,0,1,0,0,0,1,0.0,1
0.326117814,0.105191819,0.0424923226,0,1,0,1,0,0,0.0,2
0.271900117,0.106854834,0.640743971,1,0,0,0,0,1,0.0,0
0.749185264,0.402071327,0.615480959,1,0,0,1,0,0,0.5,1
0.057452675,0.235215768,0.208121121,0,0,1,0,1,0,0.0,0
0.562268972,0.938041747,0.0407109745,0,1,0,1,0,0,0.5,1
0.80407846,0.602276444,0.1388354,1,0,0,1,0,0,0.5,0
0.302916884,0.322959125,0.27167204,0,1,0,0,1,0,1.0,1
0.623126924,0.719537914,0.882105708,0,1,0,0,0,1,1.0,1
0.685455084,0.406182587,0.855734408,1,0,0,0,0,1,0.5,2
0.672273457,0.175509855,0.0638555735,0,1,0,0,1,0,1.0,2
0.473557144,0.275370628,0.289268017,0,0,1,0,0,1,1.0,2
0.379249096,0.660609901,0.889316261,0,0,1,0,0,1,0.5,1
0.844127893,0.099282302,0.236659035,0,0,1,0,0,1,0.5,0
0.770523667,0.309054583,0.995965302,0,0,1,0,1,0,0.0,2
0.355192423,0.247895896,0.256840199,1,0,0,0,1,0,0.0,1
0.147868231,0.241078362,0.739113271,1,0,0,1,0,0,1.0,0
0.11821717,0.698624313,0.417059183,0,0,1,1,0,0,1.0,0
0.139562175,0.834526062,0.13624455,1,0,0,1,0,0,0.5,2
0.60372591,0.730073273,0.25515461,0,0,1,0,0,1,0.0,2
0.099079065,0.66344142,0.675118089,1,0,0,1,0,0,0.0,0
0.370080531,0.920629203,0.337056398,1,0,0,0,0,1,0.5,1
0.765539706,0.105472758,0.604128242,0,1,0,0,0,1,0.5,2
0.329630762,0.209108934,0.205531046,0,0,1,0,0,1,0.5,1
0.77514267,0.443686515,0.44858098,0,1,0,1,0,0,0.0,1
0.758193672,0.403829068,0.512245774,0,0,1,1,0,0,0.5,0
0.283535779,0.447149009,0.412784576,1,0,0,1,0,0,1.0,1
0.742381096,0.246132165,0.197918028,0,0,1,0,0,1,0.0,1
0.760387778,0.19202815,0.461553514,0,1,0,0,0,1,0.5,2
0.427581221,0.533733606,0.692900538,0,1,0,0,1,0,1.0,2
0.249899462,0.931649923,0.964905679,1,0,0,0,1,0,0.0,2
0.545207262,0.422371,0.789521635,0,1,0,0,0,1,0.5,1
0.925327718,0.0911855549,0.161470488,1,0,0,0,1,0,1.0,1
0.657635868,0.720858991,0.272701859,1,0,0,0,0,1,0.5,1
0.214276373,0.326549649,0.0788238943,1,0,0,0,1,0,1.0,2
0.698619068,0.282840252,0.135649517,1,0,0,0,0,1,0.0,1
0.455842882,0.358045101,0.25068295,1,0,0,0,1,0,0.0,2
0.611952364,0.737624764,0.199527368,0,1,0,0,0,1,0.0,1
0.747360826,0.827878416,0.213649258,0,1,0,1,0,0,0.5,2
0.539200008,0.608653247,0.23077023,0,1,0,0,1,0,0.0,1
0.823284805,0.356354803,0.3006787,0,1,0,0,0,1,1.0,1
0.736047804,0.344954312,0.125586063,1,0,0,1,0,0,0.5,1
0.634319663,0.168092936,0.277834982,0,0,1,0,0,1,1.0,0
0.193253174,0.936635971,0.688411832,0,0,1,1,0,0,1.0,2
0.844151676,0.656232417,0.236401007,0,0,1,0,0,1,1.0,0
0.939110279,0.075625889,0.171838433,0,0,1,0,0,1,0.5,0
0.180116862,0.67924875,0.0676956624,0,1,0,0,0,1,1.0,2
0.513829052,0.474795759,0.499971479,1,0,0,0,1,0,1.0,1
0.295944303,0.973930061,0.841982722,0,1,0,1,0,0,0.0,2
0.766797125,0.828115404,0.059016645,0,1,0,1,0,0,0.5,0
0.735548139,0.212749973,0.542326033,0,1,0,1,0,0,0.0,0
0.183840871,0.734105587,0.650618911,1,0,0,0,1,0,1.0,2
0.88317591,0.511287689,0.592461646,0,1,0,0,1,0,1.0,1
0.221924409,0.227692902,0.8776232,1,0,0,1,0,0,0.5,2
0.807396054,0.713802934,0.866395593,0,0,1,0,1,0,1.0,2
0.484131336,0.570018172,0.0573075935,0,1,0,0,1,0,0.5,2
0.361858666,0.0788551867,0.360943973,1,0,0,1,0,0,1.0,1
0.200327307,0.66425854,0.670829833,0,1,0,0,0,1,1.0,1
0.209233537,0.65323776,0.952444673,0,0,1,0,0,1,0.0,2
0.678796053,0.186880901,0.804684818,1,0,0,1,0,0,1.0,1
0.572908878,0.381538332,0.17658931,0,0,1,0,1,0,0.0,1
0.165981144,0.60660404,0.279208839,0,0,1,0,1,0,0.0,2
0.157062963,0.181843862,0.763593853,1,0,0,1,0,0,1.0,2
0.118695043,0.860087216,0.471474856,0,1,0,1,0,0,0.0,2
0.756578982,0.0761117414,0.547302425,1,0,0,1,0,0,0.5,1
0.726287961,0.147695541,0.608979821,0,0,1,1,0,0,0.0,1
0.105509438,0.160301581,0.103291519,1,0,0,0,1,0,0.5,0
0.582256556,0.551701784,0.855962038,0,1,0,0,0,1,0.0,1
0.130442351,0.6391083,0.863134444,1,0,0,1,0,0,0.0,2
0.908558488,0.433553755,0.468239456,0,0,1,0,1,0,0.0,0
0.911761522,0.324233472,0.626845241,0,1,0,1,0,0,1.0,1
0.713321328,0.818851531,0.659904122,0,1,0,0,0,1,1.0,0
0.929879487,0.114871688,0.189722583,1,0,0,1,0,0,1.0,1
0.820880353,0.316277266,0.112584829,1,0,0,0,1,0,1.0,1
0.837111652,0.0871597975,0.0206729472,1,0,0,1,0,0,0.5,1
0.591222465,0.0631956309,0.912881851,0,0,1,0,0,1,0.0,1
0.340756238,0.385710895,0.345713288,0,1,0,0,1,0,1.0,0
0.256909162,0.235082477,0.0858309343,0,1,0,0,1,0,0.0,0
0.360840023,0.304947555,0.465799987,0,1,0,0,0,1,1.0,2
0.647070646,0.829899788,0.0756251141,0,1,0,1,0,0,0.5,1
0.214023709,0.204831094,0.0852507502,0,1,0,1,0,0,0.0,2
0.295708239,0.791221678,0.488885343,0,0,1,0,1,0,0.5,2
0.494657815,0.691298068,0.508836687,0,1,0,0,0,1,1.0,0
0.271397591,0.360123247,0.580143094,1,0,0,0,1,0,0.0,2
0.609211504,0.569228351,0.656311452,0,0,1,0,1,0,1.0,1
0.927017212,0.472213835,0.668267369,0,0,1,0,0,1,1.0,2
0.760684907,0.171975553,0.43299669,0,1,0,0,0,1,0.5,2
0.68310529,0.911826074,0.643533051,1,0,0,0,0,1,0.5,0
0.603585422,0.591137052,0.304739743,1,0,0,1,0,0,0.0,1
0.51355052,0.886228025,0.4413082,0,1,0,0,1,0,1.0,1
0.22723566,0.832635164,0.393327057,0,0,1,0,1,0,0.0,2
0.899974942,0.125787124,0.329109997,0,1,0,1,0,0,0.0,2
0.286109209,0.24690713,0.238570824,0,0,1,0,0,1,1.0,0
0.136743426,0.187998056,0.0784590021,0,1,0,1,0,0,0.5,2
0.762514412,0.839240551,0.505910456,1,0,0,0,1,0,0.0,0
0.216834754,0.869324267,0.537288189,0,1,0,1,0,0,0.0,2
0.403301209,0.551572919,0.336155057,1,0,0,0,1,0,0.0,2
0.0768706799,0.148969173,0.975843847,0,1,0,1,0,0,1.0,2
0.180214539,0.178835794,0.556961238,1,0,0,1,0,0,0.0,1
0.214543447,0.822871387,0.889010549,1,0,0,0,1,0,0.5,2
0.101689622,0.932730615,0.570085287,1,0,0,0,1,0,0.5,2
0.673824131,0.239501894,0.189915851,1,0,0,1,0,0,1.0,1
0.845157385,0.0605806969,0.974622548,1,0,0,1,0,0,1.0,0
0.404649645,0.364405274,0.885335028,0,1,0,1,0,0,1.0,2
0.880847633,0.0789744183,0.47127369,0,1,0,1,0,0,1.0,0
0.252679259,0.836576164,0.243057892,0,1,0,0,1,0,0.5,2
0.359120905,0.51693666,0.222669616,0,0,1,0,0,1,1.0,0
0.193200141,0.659767747,0.806020439,1,0,0,0,1,0,0.0,0
0.639531255,0.440910637,0.0691186115,0,0,1,0,0,1,0.5,0
0.448876113,0.378232181,0.638060391,1,0,0,0,1,0,1.0,2
0.632619202,0.261090398,0.640134931,1,0,0,0,0,1,1.0,2
0.773591161,0.782005906,0.182454541,0,1,0,0,1,0,0.0,2
0.568417847,0.71077019,0.704912364,0,0,1,0,0,1,0.5,1
0.646248817,0.392692536,0.705406308,1,0,0,1,0,0,0.5,1
0.938487828,0.355060339,0.350030869,0,1,0,1,0,0,0.0,2
0.334111094,0.0511807352,0.483375907,0,0,1,0,0,1,0.0,1
0.391205728,0.110374525,0.832763553,0,0,1,1,0,0,1.0,1
0.731818199,0.642092764,0.523153245,1,0,0,0,0,1,0.0,1
0.630740225,0.538876951,0.618157089,1,0,0,0,0,1,0.0,1
0.219606265,0.463063031,0.412769645,0,1,0,1,0,0,0.0,2
0.407339931,0.836127102,0.14959909,0,0,1,1,0,0,0.5,1
0.494446099,0.528703272,0.998066604,0,0,1,0,1,0,0.5,1
0.448420346,0.415268898,0.53153652,1,0,0,0,0,1,0.0,0
0.219361067,0.20319353,0.336446464,0,1,0,0,1,0,0.0,2
0.92820859,0.829653621,0.713787317,0,0,1,0,0,1,0.5,0
0.774202824,0.597435832,0.620821774,1,0,0,0,0,1,0.0,2
0.507288039,0.137836963,0.232908279,0,0,1,0,1,0,0.0,1
0.696057975,0.666453481,0.876925528,0,0,1,1,0,0,0.5,1
0.902418554,0.453817219,0.0709029362,0,0,1,0,1,0,0.0,2
0.179365441,0.820816934,0.605698228,0,1,0,1,0,0,0.0,0
0.287854403,0.922968864,0.477888495,0,1,0,1,0,0,0.5,0
0.565566182,0.62044251,0.318198413,0,1,0,0,0,1,1.0,1
0.809059858,0.745032191,0.826380134,0,1,0,0,1,0,0.0,1
0.0844421536,0.103761308,0.656277061,0,0,1,0,1,0,0.0,2
0.984817266,0.582242668,0.75949949,0,1,0,1,0,0,0.0,2
0.482161283,0.767572999,0.414658755,1,0,0,1,0,0,1.0,1
0.391269594,0.521924019,0.94239831,1,0,0,0,0,1,0.5,2
0.328088224,0.613872588,0.344723433,1,0,0,0,0,1,0.5,0
0.215638876,0.904000759,0.5310449,1,0,0,1,0,0,0.5,2
0.801995218,0.2381946,0.933650136,1,0,0,0,0,1,0.5,1
0.957643449,0.14333418,0.0831889585,1,0,0,1,0,0,0.0,1
0.442962527,0.706111431,0.10881044,0,0,1,0,1,0,1.0,0
0.954799652,0.831706464,0.994187772,0,1,0,0,0,1,1.0,0
0.832607746,0.857965708,0.971391141,1,0,0,0,1,0,0.5,1
0.506998599,0.65956229,0.771701634,1,0,0,1,0,0,0.5,1
0.690324843,0.841552734,0.484188288,0,1,0,0,0,1,0.0,0
0.463234961,0.715631008,0.506060839,0,1,0,1,0,0,0.5,1
0.580787241,0.133008063,0.257212877,0,0,1,0,1,0,0.5,2
0.105144016,0.773941338,0.432731032,1,0,0,0,0,1,0.5,0
0.711450279,0.220391706,0.431349367,1,0,0,0,1,0,0.5,1
0.100183412,0.274778873,0.0360900201,1,0,0,0,1,0,1.0,2
0.826230705,0.424918085,0.4531582,0,0,1,1,0,0,0.5,0
0.833699584,0.348838717,0.479794413,0,1,0,0,1,0,0.5,2
0.275223434,0.355569154,0.665783167,0,0,1,0,1,0,0.0,1
0.357479632,0.21079655,0.516452909,0,0,1,0,1,0,0.5,1
0.507244885,0.329177499,0.861682951,1,0,0,1,0,0,0.5,1
0.616829753,0.0686794594,0.367561817,0,1,0,0,1,0,0.0,1
0.322985977,0.499265403,0.40971759,1,0,0,1,0,0,0.0,1
0.61286211,0.78016144,0.571482539,0,0,1,0,0,1,0.5,2
0.332897723,0.869135022,0.202722728,0,0,1,0,0,1,0.0,1
0.102716185,0.829407156,0.393498093,0,1,0,1,0,0,0.0,0
0.0524011739,0.445634842,0.686167479,0,1,0,0,0,1,0.5,0
0.146093503,0.743905187,0.411808729,0,1,0,0,1,0,1.0,2
0.802638173,0.323496222,0.906616509,1,0,0,0,1,0,0.0,1
0.963359773,0.102784351,0.615300536,0,0,1,1,0,0,0.5,1
0.455617875,0.692172945,0.15376775,0,1,0,0,1,0,0.0,2
0.53704977,0.666356385,0.487444341,0,1,0,0,0,1,1.0,1
0.189505756,0.811547935,0.764778733,0,1,0,0,0,1,1.0,0
0.573479772,0.635300875,0.643345177,1,0,0,1,0,0,0.5,2
0.187422156,0.199047044,0.885263562,1,0,0,0,0,1,1.0,2
0.63065362,0.86050427,0.749982893,1,0,0,0,0,1,0.5,2
0.936595738,0.645890176,0.0616137721,1,0,0,0,0,1,0.5,2
0.235913619,0.817229211,0.112512648,0,1,0,1,0,0,0.0,0
0.776335537,0.785401762,0.649748683,0,0,1,1,0,0,0.5,2
0.0723273009,0.332971275,0.238407955,0,0,1,0,1,0,0.0,0
0.406722367,0.120825328,0.587834895,0,1,0,0,0,1,0.0,2
0.155211076,0.217679188,0.792217612,0,0,1,0,0,1,0.0,2
0.384851664,0.138219222,0.576931596,1,0,0,1,0,0,0.0,1
0.214860067,0.281241804,0.415488571,1,0,0,0,0,1,0.5,2
0.404639751,0.486555666,0.646270335,1,0,0,0,1,0,1.0,0
0.446646661,0.911470056,0.143619448,0,1,0,0,0,1,0.5,1
0.335561574,0.87841779,0.72320801,1,0,0,1,0,0,1.0,1
0.673790872,0.73266983,0.69702512,1,0,0,0,0,1,0.5,2
0.922909439,0.07290674,0.514403343,1,0,0,0,1,0,0.0,0
0.430565596,0.374319732,0.278813481,0,0,1,0,1,0,0.0,2
0.232725993,0.698230982,0.797563791,0,1,0,1,0,0,0.5,2
0.307186633,0.172577456,0.51055032,0,1,0,0,1,0,1.0,2
0.861300766,0.811033428,0.0591769069,0,1,0,0,0,1,0.5,0
0.593057752,0.918844998,0.91861254,0,0,1,0,1,0,0.5,1
0.482260495,0.386399209,0.767716408,1,0,0,0,1,0,1.0,2
0.192154884,0.720550895,0.584805131,0,1,0,1,0,0,0.0,2
0.47724095,0.190793931,0.436825514,0,1,0,0,1,0,0.0,1
0.314567417,0.706275642,0.959899724,1,0,0,1,0,0,0.0,1
0.946004987,0.0703826398,0.775020599,1,0,0,0,0,1,1.0,1
0.88986659,0.193232939,0.534993052,0,0,1,0,1,0,0.0,2
0.129707411,0.724387348,0.653153896,0,1,0,0,0,1,0.0,2
0.540820837,0.726257741,0.280750394,0,1,0,0,0,1,0.0,0
0.263805419,0.659104586,0.195715949,0,1,0,0,1,0,1.0,2
0.440238237,0.503495812,0.273319542,0,0,1,0,1,0,1.0,1
0.883005619,0.691162705,0.29313609,0,1,0,1,0,0,0.0,2
0.551138818,0.785110772,0.739738464,0,1,0,0,1,0,0.5,1
0.367504537,0.968157589,0.140061036,0,1,0,1,0,0,0.5,1
0.247493938,0.894208968,0.777587175,0,0,1,0,1,0,0.0,2
0.810308635,0.804807484,0.5233953,0,1,0,0,1,0,1.0,2
0.643292129,0.710019648,0.384573102,0,1,0,0,1,0,0.0,0
0.494662195,0.595447779,0.300396115,0,0,1,0,1,0,0.0,1
0.256610125,0.164578378,0.513200581,0,1,0,0,1,0,0.5,0
0.367534041,0.207278997,0.317518473,1,0,0,1,0,0,0.5,2
0.961851239,0.829265594,0.429452002,0,0,1,0,1,0,0.0,1
0.544085443,0.813147247,0.739015281,1,0,0,1,0,0,0.0,1
0.430664331,0.633735955,0.625998497,1,0,0,1,0,0,1.0,0
0.545350969,0.466898113,0.747982383,0,1,0,0,1,0,0.5,1
0.790039062,0.0747310147,0.712973714,0,1,0,0,1,0,0.0,1
0.373103499,0.360818088,0.815072477,0,1,0,0,1,0,0.5,1
0.219770819,0.44960767,0.201689959,0,0,1,1,0,0,0.5,2
0.605689287,0.511525452,0.995123029,0,0,1,0,0,1,0.0,0
0.681943893,0.932858348,0.475770444,0,0,1,0,0,1,0.5,0
0.727082074,0.153273925,0.71823293,1,0,0,1,0,0,0.0,1
0.887888193,0.54292357,0.67775017,0,0,1,0,1,0,0.0,1
0.402615428,0.399526179,0.566150069,0,0,1,0,1,0,1.0,1
0.12158715,0.990593195,0.995816231,0,1,0,1,0,0,0.5,2
0.960431159,0.868770838,0.217315853,1,0,0,0,1,0,1.0,1
0.463261336,0.466846555,0.421728879,0,0,1,1,0,0,0.5,0
0.642094612,0.999710858,0.127730563,0,1,0,0,1,0,1.0,2
0.682990074,0.538360059,0.181835473,0,1,0,0,1,0,0.0,0
0.569187999,0.208761901,0.712964058,0,0,1,1,0,0,0.5,1
0.244994655,0.578080952,0.00484267855,1,0,0,0,0,1,1.0,2
0.7673859,0.264895469,0.889820635,1,0,0,0,0,1,0.0,0
0.81356436,0.654497206,0.633184493,0,0,1,0,0,1,0.0,2
0.5753268,0.940568149,0.440905064,0,0,1,0,1,0,0.5,2
0.514133096,0.796888649,0.331361115,0,0,1,0,0,1,0.5,2
0.158241272,0.309505492,0.126274049,1,0,0,0,0,1,1.0,2
0.129754081,0.332015693,0.921562612,1,0,0,0,0,1,0.0,2
0.372586608,0.11582379,0.712322354,0,1,0,0,0,1,0.0,1
0.345303833,0.32157445,0.336392999,0,1,0,0,0,1,0.5,1
0.955973625,0.137993559,0.0709361807,1,0,0,0,0,1,0.0,0
0.794441581,0.52447629,0.325682819,0,1,0,1,0,0,1.0,0
0.676928103,0.722929716,0.184634298,1,0,0,0,0,1,0.0,2
0.54176569,0.763622105,0.786273301,0,1,0,0,1,0,0.0,1
0.208999157,0.106552772,0.719598711,0,0,1,1,0,0,0.0,2
0.979533851,0.372958094,0.49816063,1,0,0,0,1,0,1.0,0
0.406288654,0.323763192,0.885841131,0,1,0,0,0,1,0.5,1
0.15157932,0.149085313,0.180680692,0,0,1,0,0,1,0.5,2
0.519108951,0.394347757,0.4519656,0,1,0,0,0,1,0.0,1
0.880298138,0.334354103,0.710620284,0,1,0,0,1,0,0.0,1
0.892926455,0.652774274,0.0678023472,0,0,1,0,0,1,1.0,1
0.0604176186,0.889137506,0.372677356,0,0,1,0,0,1,1.0,2
0.891980946,0.482099622,0.57166481,1,0,0,0,0,1,1.0,0
0.307909995,0.759331942,0.366803527,0,1,0,0,0,1,0.0,2
0.0870237425,0.188709855,0.480198979,0,0,1,0,0,1,0.5,1
0.855400741,0.90021807,0.608118355,0,1,0,0,0,1,0.5,0
0.870673418,0.194965005,0.36839062,0,0,1,1,0,0,0.0,2
0.616419554,0.232496127,0.106014356,1,0,0,0,0,1,0.0,1
0.595712066,0.151140615,0.1394445,0,0,1,1,0,0,1.0,0
0.822464287,0.344195515,0.527003944,0,1,0,0,0,1,0.5,2
0.79699409,0.574789941,0.174740031,0,1,0,1,0,0,0.5,0
0.8956002,0.988594413,0.889833689,1,0,0,0,1,0,0.0,1
0.575110078,0.803699613,0.83418566,1,0,0,0,1,0,0.0,2
0.969264746,0.411414027,0.349032074,0,0,1,1,0,0,0.0,1
0.9963395,0.597053766,0.830987155,0,0,1,0,0,1,1.0,1
0.160717383,0.642142653,0.533187807,0,1,0,0,1,0,0.5,2
0.857066572,0.831590831,0.159050927,0,0,1,0,1,0,0.5,0
0.524831116,0.7496292,0.614211857,1,0,0,0,0,1,0.0,2
0.418188035,0.590826571,0.679451108,0,0,1,0,1,0,1.0,1
0.632418692,0.685723901,0.083891578,1,0,0,1,0,0,0.5,1
0.103167281,0.758621752,0.314453095,0,1,0,0,0,1,0.0,1
0.531138062,0.17648685,0.00538398745,0,0,1,1,0,0,0.0,0
0.877346039,0.240432695,0.31642881,1,0,0,1,0,0,0.0,0
0.252788454,0.704155087,0.335445344,0,0,1,0,0,1,0.5,0
0.455070406,0.857904255,0.630208611,1,0,0,0,1,0,1.0,0
0.94250685,0.438799173,0.199043274,1,0,0,1,0,0,1.0,1
0.457135648,0.980895817,0.0300909858,1,0,0,0,1,0,0.0,0
0.390449256,0.255268157,0.315634519,0,0,1,1,0,0,1.0,1
0.468509823,0.44586432,0.825619519,1,0,0,0,0,1,1.0,1
0.543480158,0.40959689,0.399145216,0,0,1,0,0,1,0.0,1
0.650391757,0.933781147,0.41509378,1,0,0,0,0,1,0.5,2
0.810658157,0.321109593,0.469027549,1,0,0,0,1,0,1.0,1
0.479497105,0.497251242,0.751788855,0,0,1,1,0,0,0.5,1
0.82660687,0.227872148,0.480024904,0,0,1,0,0,1,1.0,1
0.557034612,0.545202911,0.0912827551,0,0,1,1,0,0,0.0,1
0.371556491,0.864533961,0.206399798,0,1,0,1,0,0,0.5,0
0.675053298,0.338837475,0.187897369,0,1,0,0,0,1,0.5,0
0.73183614,0.820252478,0.507863343,0,1,0,1,0,0,1.0,0
0.580146551,0.915745974,0.0299294647,1,0,0,1,0,0,0.5,1
0.103784226,0.119309992,0.283616602,1,0,0,0,0,1,1.0,2
0.211388737,0.768603325,0.60719496,1,0,0,1,0,0,0.5,2
0.321032822,0.292576253,0.354650676,0,0,1,0,0,1,1.0,2
0.31849432,0.216561273,0.707712173,0,1,0,0,1,0,1.0,2
0.689749777,0.621066272,0.391221344,1,0,0,1,0,0,0.0,1
0.0674312264,0.72032249,0.979257524,0,0,1,0,0,1,0.0,2
0.767897666,0.42502293,0.96535629,0,1,0,0,1,0,1.0,1
0.302075356,0.0872150213,0.799840689,0,1,0,1,0,0,1.0,1
0.344520748,0.913269281,0.954390526,0,0,1,0,0,1,1.0,1
0.551514328,0.744209588,0.204778239,1,0,0,1,0,0,0.0,1
0.255129308,0.308083475,0.750923157,0,1,0,0,1,0,0.0,1
0.890247762,0.522020638,0.321658641,1,0,0,1,0,0,0.5,2
0.131100342,0.0764031485,0.725294292,1,0,0,0,0,1,1.0,2
0.47216323,0.372318655,0.37389347,1,0,0,1,0,0,0.5,1
0.856951177,0.546408474,0.289420664,1,0,0,1,0,0,0.0,1
0.635051727,0.541362405,0.958795071,1,0,0,1,0,0,1.0,1
0.327713042,0.247775629,0.209885448,1,0,0,0,1,0,0.5,0
0.449722201,0.787909985,0.758568585,1,0,0,0,1,0,0.5,1
0.72135967,0.333919048,0.674672186,0,0,1,1,0,0,1.0,2
0.974597692,0.601389527,0.303477645,1,0,0,0,1,0,0.5,0
0.898481786,0.307946116,0.458343029,1,0,0,0,1,0,0.5,1
0.375311166,0.453909487,0.142943099,0,1,0,0,0,1,0.0,1
0.998287976,0.247138888,0.92120862,0,1,0,0,1,0,0.0,1
0.0533294305,0.651357412,0.9681198,1,0,0,0,1,0,0.5,2
0.0762482658,0.454305142,0.732463002,0,1,0,0,1,0,0.5,2
0.832648516,0.0653114393,0.849420369,0,0,1,1,0,0,1.0,1
0.239489555,0.0767567456,0.0826174319,0,0,1,1,0,0,0.0,2
0.107730806,0.497577608,0.383968621,0,0,1,0,1,0,1.0,0
0.275290668,0.224064574,0.330811113,0,1,0,0,0,1,1.0,1
0.454795152,0.605789959,0.564951539,0,0,1,0,1,0,0.0,1
0.744037986,0.437782198,0.183355302,0,0,1,0,0,1,0.5,0
0.643118739,0.671698868,0.563381314,0,1,0,0,0,1,0.5,1
0.275740147,0.954775393,0.654365361,1,0,0,0,1,0,1.0,2
0.528106928,0.552299321,0.132353097,1,0,0,0,0,1,1.0,0
0.929903388,0.798009694,0.131720707,1,0,0,0,0,1,0.5,0
0.824257374,0.765388966,0.0354233906,0,1,0,0,0,1,1.0,2
0.357030302,0.925701559,0.760892451,1,0,0,0,1,0,0.5,1
0.983151317,0.253316969,0.331008524,0,0,1,0,0,1,0.0,0
0.723189354,0.835960627,0.22542046,1,0,0,0,1,0,0.0,1
0.109326892,0.910244346,0.778094411,0,0,1,1,0,0,0.5,2
0.0834026784,0.42312482,0.143255696,1,0,0,0,1,0,1.0,2
0.209987551,0.348125398,0.427183419,1,0,0,1,0,0,0.0,2
0.741463065,0.954434097,0.74478668,1,0,0,1,0,0,0.5,1
0.224551976,0.646251202,0.573832333,0,1,0,0,1,0,0.5,2
0.535912454,0.411642671,0.554000139,1,0,0,1,0,0,1.0,1
0.138597116,0.802236319,0.157463416,0,0,1,0,1,0,1.0,2
0.924841821,0.339250207,0.18093273,0,0,1,0,1,0,1.0,2
0.376762569,0.217587203,0.582558811,1,0,0,0,0,1,0.0,2
0.912725449,0.56677115,0.0235668607,0,1,0,1,0,0,0.0,1
0.947631836,0.587901413,0.869117975,1,0,0,0,1,0,0.0,1
0.055822216,0.834459186,0.350470811,1,0,0,0,1,0,0.5,0
0.490928441,0.48417598,0.416616231,0,0,1,1,0,0,0.5,2
0.0734232515,0.823857188,0.258432329,0,1,0,1,0,0,0.5,2
0.913258135,0.345756531,0.876671076,0,0,1,1,0,0,0.0,2
0.542487144,0.596599817,0.642504096,0,1,0,1,0,0,0.5,1
0.121196814,0.24804914,0.449908465,1,0,0,0,1,0,0.5,2
0.154762894,0.416173667,0.58530879,0,0,1,1,0,0,0.0,2
0.414333582,0.864662707,0.380369604,1,0,0,0,1,0,0.5,1
0.943222463,0.255188793,0.46558249,1,0,0,1,0,0,0.0,0
0.708263695,0.81972748,0.35763219,0,0,1,0,0,1,0.5,2
0.874237895,0.318728089,0.410674781,1,0,0,1,0,0,1.0,0
0.398133814,0.0827652365,0.314976543,0,1,0,1,0,0,0.0,2
0.0910530165,0.15443784,0.0776410773,1,0,0,0,1,0,0.5,0
0.975601733,0.758585572,0.0373462774,0,1,0,0,1,0,0.5,1
0.0663143396,0.298967391,0.17410621,1,0,0,0,0,1,1.0,0
0.950269043,0.671438336,0.251637757,0,1,0,0,0,1,1.0,2
0.400243551,0.714238942,0.890471876,0,0,1,1,0,0,0.5,1
0.0595858842,0.377862543,0.611248672,1,0,0,0,1,0,1.0,2
0.704699397,0.501173019,0.958297193,0,0,1,1,0,0,1.0,2
0.981513262,0.43357873,0.339646846,0,0,1,0,1,0,1.0,2
0.967344463,0.94998157,0.401738018,0,1,0,0,1,0,1.0,2
0.202890158,0.353951424,0.719753206,1,0,0,0,1,0,0.5,2
0.222185418,0.224156886,0.577902079,0,0,1,0,1,0,1.0,2
0.587261975,0.397313207,0.527880073,1,0,0,0,0,1,1.0,2
0.655439556,0.686039925,0.575564027,0,1,0,0,1,0,0.0,1
0.752447009,0.712494552,0.584135294,0,0,1,0,0,1,1.0,0
0.221997842,0.927854478,0.765740395,0,1,0,0,0,1,0.5,2
0.961056709,0.887666762,0.668081999,0,0,1,1,0,0,0.0,0
0.656802297,0.323904485,0.957314253,0,1,0,1,0,0,1.0,1
0.854694545,0.482405096,0.947962999,1,0,0,0,0,1,0.0,2
0.563062429,0.759905517,0.421922863,0,0,1,0,0,1,0.0,0
0.443563014,0.920710444,0.0357226096,0,0,1,0,0,1,0.5,0
0.978323758,0.37030676,0.0110747823,1,0,0,0,1,0,0.5,0
0.603015304,0.472219348,0.123193406,0,0,1,0,1,0,1.0,2
0.873529911,0.904504359,0.074897401,0,1,0,0,0,1,0.0,0
0.955627799,0.390559673,0.373366058,0,0,1,0,0,1,0.0,2
0.691586912,0.50648731,0.0528745987,0,0,1,0,0,1,0.0,0
0.571491718,0.909278929,0.62491405,0,0,1,1,0,0,0.5,0
0.053335309,0.812131047,0.190174222,0,1,0,1,0,0,0.5,1
0.0880186558,0.281259388,0.513965309,1,0,0,0,1,0,0.5,2
0.240808651,0.358555317,0.103078783,0,1,0,0,1,0,0.5,2
0.22670801,0.385310799,0.827729046,0,1,0,1,0,0,1.0,2
0.292020857,0.917101562,0.779958844,0,0,1,0,1,0,1.0,1
0.339687914,0.998987079,0.386487216,0,0,1,0,1,0,0.0,0
0.392062217,0.78530407,0.910593331,1,0,0,0,0,1,1.0,1
0.449510813,0.510109961,0.18570064,0,0,1,0,0,1,0.0,2
0.143923014,0.0596651286,0.81393671,0,1,0,1,0,0,0.0,0
0.0902438387,0.712613642,0.545855463,0,0,1,0,0,1,0.5,2
0.690247238,0.419893116,0.329580069,0,0,1,0,1,0,0.5,2
0.560468078,0.651337147,0.0843609348,1,0,0,0,0,1,1.0,0
0.471937001,0.626359284,0.171311125,0,1,0,0,1,0,1.0,0
0.652717948,0.506790459,0.862862587,0,1,0,1,0,0,1.0,1
0.836295426,0.947168052,0.606886089,1,0,0,0,0,1,0.0,1
0.456308275,0.0719890296,0.237095565,0,1,0,1,0,0,0.0,1
0.659063518,0.726525843,0.495852888,0,1,0,0,0,1,0.5,1
0.955893636,0.439347863,0.107836671,0,0,1,0,0,1,1.0,1
0.847643256,0.728100955,0.0988424942,1,0,0,0,0,1,0.5,0
0.454700768,0.691458642,0.907764673,1,0,0,1,0,0,1.0,1
0.66248101,0.0597261041,0.457856297,0,0,1,0,0,1,1.0,2
0.218217373,0.321071565,0.36156714,1,0,0,0,1,0,0.5,2
0.582496047,0.229636937,0.949071825,1,0,0,0,0,1,0.0,1
0.982261896,0.208637029,0.399000674,0,0,1,0,0,1,1.0,1
0.542399347,0.742052853,0.336242139,0,0,1,0,1,0,0.5,0
0.931256413,0.277573794,0.272986174,0,1,0,1,0,0,1.0,2
0.436968178,0.501000762,0.565062821,0,1,0,1,0,0,0.0,0
0.998902559,0.284639537,0.558410585,0,0,1,0,1,0,0.5,2
0.600259006,0.601222157,0.0161941759,1,0,0,0,0,1,0.0,1
0.0901555419,0.734545052,0.654062331,0,0,1,0,1,0,1.0,2
0.607417047,0.364520997,0.78830713,0,0,1,0,1,0,0.0,2
0.310844064,0.62286979,0.615964532,0,0,1,0,0,1,1.0,0
0.0808572546,0.833612025,0.869888127,0,1,0,0,1,0,1.0,2
0.829810619,0.139513075,0.276416361,0,0,1,1,0,0,1.0,2
0.311943144,0.725137055,0.191979408,1,0,0,1,0,0,0.5,1
0.806721151,0.356987685,0.697278082,0,0,1,1,0,0,0.0,0
0.323806703,0.166517451,0.1885591,0,0,1,0,1,0,0.0,1
0.234610036,0.568371475,0.09110488,0,0,1,0,0,1,0.5,2
0.9752388,0.264949203,0.0966150686,0,1,0,1,0,0,0.5,2
0.393563062,0.830293715,0.768393517,1,0,0,0,0,1,0.0,2
0.621307373,0.0907511115,0.028737301,1,0,0,0,0,1,1.0,1
0.629482388,0.143720254,0.289456695,0,1,0,1,0,0,0.0,2
0.582449794,0.544946313,0.129186407,0,1,0,0,1,0,1.0,1
0.918960929,0.609494686,0.754910171,0,1,0,1,0,0,1.0,0
0.690719008,0.743392348,0.503493071,1,0,0,0,1,0,0.0,1
0.433546364,0.296297699,0.205492407,1,0,0,0,0,1,0.5,0
0.869261384,0.849672377,0.750410914,0,0,1,1,0,0,0.5,1
0.222009748,0.955485225,0.750366509,1,0,0,1,0,0,1.0,2
0.567024946,0.52408731,0.523022652,0,1,0,0,1,0,0.0,2
0.953022838,0.772504807,0.275849789,1,0,0,0,1,0,0.0,0
0.644127727,0.548605919,0.586277127,1,0,0,0,0,1,0.5,2
0.826120019,0.115993679,0.933530092,1,0,0,1,0,0,0.0,1
0.670882702,0.359805942,0.0516363867,1,0,0,1,0,0,0.5,1
0.847402334,0.133112356,0.266949832,0,0,1,1,0,0,1.0,2
0.947263479,0.989435136,0.284969181,0,1,0,0,1,0,0.0,1
0.309275627,0.267574608,0.631811678,1,0,0,0,1,0,0.0,2
0.211178035,0.654105425,0.651164412,0,1,0,1,0,0,0.5,2
0.509791195,0.320127845,0.206315398,0,1,0,0,1,0,1.0,1
0.716769278,0.670583904,0.216100603,1,0,0,0,0,1,1.0,2
0.265831679,0.24988161,0.928212702,0,0,1,1,0,0,0.5,1
0.0538963787,0.79600656,0.75629884,0,0,1,1,0,0,1.0,1
0.375788361,0.155271024,0.934269726,0,0,1,0,0,1,0.0,1
0.970416367,0.90039289,0.829662979,1,0,0,1,0,0,0.0,1
0.710219085,0.848400593,0.402117968,1,0,0,1,0,0,0.5,0
0.431259185,0.694866955,0.121907637,1,0,0,1,0,0,1.0,1
0.23294729,0.114043899,0.629550338,1,0,0,1,0,0,1.0,2
0.38828519,0.248140574,0.351991057,1,0,0,0,1,0,0.0,0
0.211347461,0.866393507,0.425411999,0,1,0,0,0,1,0.5,2
0.150990531,0.165875718,0.425879747,0,1,0,1,0,0,0.5,2
0.911405265,0.198135495,0.936519623,1,0,0,0,1,0,0.0,2
0.997767806,0.566803157,0.0688624159,0,0,1,1,0,0,0.0,1
0.205908716,0.310468554,0.19310376,0,1,0,0,1,0,1.0,0
0.101796433,0.260971904,0.607942879,1,0,0,0,1,0,0.5,2
0.363244563,0.597022772,0.883758068,1,0,0,0,0,1,0.0,2
0.488576233,0.40394783,0.917942643,0,1,0,0,1,0,0.5,0
0.244580179,0.183531895,0.558692932,0,1,0,1,0,0,0.5,2
0.33635366,0.558111072,0.0345612206,1,0,0,0,0,1,1.0,0
0.240827203,0.417661786,0.362881035,0,0,1,0,0,1,0.0,2
0.785547554,0.747790933,0.918833315,1,0,0,1,0,0,1.0,1
0.726949036,0.147617668,0.499944091,0,1,0,1,0,0,0.0,2
0.653203964,0.639582574,0.726613283,0,1,0,0,0,1,0.0,1
0.417856961,0.464668661,0.269193411,1,0,0,0,1,0,0.5,2
0.913588881,0.43575877,0.0250069704,0,1,0,0,0,1,0.0,0
0.971055925,0.270673305,0.5783602,1,0,0,0,0,1,0.5,0
0.214957342,0.0789047256,0.834981024,0,0,1,1,0,0,0.0,2
0.26186201,0.855304718,0.990268707,0,0,1,1,0,0,0.0,1
0.549349487,0.36008957,0.846627116,1,0,0,1,0,0,0.5,1
0.136688039,0.697036505,0.553994358,0,1,0,0,0,1,1.0,2
0.464625984,0.950208008,0.608727574,0,1,0,0,0,1,0.5,0
0.602701724,0.586740792,0.824164033,0,0,1,1,0,0,0.0,1
0.545969903,0.427289546,0.0198106971,0,1,0,0,0,1,1.0,2
0.364363164,0.304859877,0.951644361,0,1,0,1,0,0,0.0,1
0.565323532,0.93734163,0.531221271,1,0,0,0,0,1,1.0,2
0.960860908,0.697972953,0.952052236,0,0,1,0,1,0,1.0,1
0.245716527,0.682017326,0.764518142,0,0,1,1,0,0,0.0,2
0.672089815,0.454850405,0.152317673,1,0,0,0,1,0,0.0,1
0.0912268609,0.852796257,0.165259808,1,0,0,1,0,0,1.0,2
0.113095582,0.727988601,0.35364598,0,0,1,1,0,0,1.0,1
0.57423681,0.319024116,0.263988018,0,0,1,0,0,1,0.0,0
0.149692222,0.6195997,0.439298749,1,0,0,1,0,0,0.0,2
0.0712294504,0.458684266,0.60390389,0,0,1,0,1,0,0.5,2
0.212937355,0.0562606528,0.436579496,0,0,1,0,1,0,0.0,1
0.586606741,0.817242265,0.0564205833,0,1,0,0,0,1,0.5,0
0.718173921,0.16668883,0.975631595,0,0,1,1,0,0,0.0,1
0.242354631,0.534456789,0.425122142,1,0,0,1,0,0,0.5,2
0.684846461,0.369414896,0.851074994,0,1,0,0,0,1,0.0,1
0.223352522,0.374984592,0.0739542916,0,1,0,1,0,0,1.0,0
0.632784545,0.503496647,0.810064852,0,0,1,1,0,0,0.5,1
0.441361696,0.997171938,0.173404634,0,1,0,0,1,0,0.0,0
0.671109557,0.437960684,0.679404914,1,0,0,0,1,0,0.5,1
0.995300114,0.223212764,0.661806703,1,0,0,0,1,0,0.5,2
0.940926135,0.632926047,0.909806728,0,0,1,0,1,0,0.5,1
0.0540676713,0.27447331,0.320676684,0,0,1,1,0,0,0.5,2
0.891166806,0.150271684,0.108959757,1,0,0,1,0,0,0.0,1
0.113166258,0.0976654664,0.86456579,1,0,0,0,1,0,0.5,2
0.955394268,0.0717372075,0.331577539,0,0,1,1,0,0,0.0,2
0.31773439,0.459606409,0.232533783,1,0,0,0,0,1,0.5,1
0.412933081,0.4553895,0.486208618,0,0,1,0,0,1,1.0,2
0.137056291,0.226268128,0.146135688,0,1,0,1,0,0,0.0,0
0.156659126,0.794818103,0.296963364,0,1,0,1,0,0,0.0,0
0.740403533,0.172807097,0.385280639,0,0,1,0,1,0,0.0,0
0.9471156,0.919551313,0.277255297,0,0,1,0,1,0,0.0,1
0.630211055,0.608197153,0.450259507,0,0,1,0,0,1,0.5,1
0.730057538,0.0762355551,0.384650677,1,0,0,1,0,0,1.0,1
0.773871243,0.964824021,0.774591029,0,0,1,1,0,0,1.0,2
0.299673557,0.342544198,0.918408692,0,0,1,0,1,0,1.0,1
0.092968151,0.477476209,0.100923218,0,1,0,1,0,0,1.0,0
0.0517791063,0.320055246,0.823302567,0,0,1,0,1,0,0.0,2
0.383116812,0.742000222,0.931771219,0,0,1,0,1,0,1.0,1
0.279391021,0.511396229,0.686613142,0,1,0,1,0,0,1.0,2
0.109201841,0.175754309,0.996419668,1,0,0,0,1,0,1.0,2
0.220551878,0.14899376,0.335043013,0,0,1,0,0,1,0.0,2
0.168273956,0.739106655,0.830309927,0,0,1,0,1,0,0.0,2
0.919134438,0.275227338,0.673702478,0,0,1,0,0,1,0.5,1
0.183253855,0.180903703,0.32342878,0,0,1,1,0,0,0.5,0
0.560766041,0.524456203,0.704676509,0,1,0,1,0,0,1.0,1
0.613450646,0.812627017,0.509621859,0,1,0,1,0,0,0.0,1
0.566314995,0.314843595,0.188973889,0,1,0,1,0,0,0.0,2
0.144103616,0.31261003,0.173879683,0,0,1,1,0,0,0.5,0
0.352858454,0.842187226,0.713398874,1,0,0,0,1,0,1.0,0
0.0987068191,0.1904421,0.711930454,0,0,1,1,0,0,0.0,2
0.425886422,0.635891199,0.530773759,0,0,1,1,0,0,0.5,0
0.229168981,0.957262814,0.50141567,1,0,0,1,0,0,0.5,2
0.58355093,0.849237978,0.180038452,0,0,1,0,0,1,1.0,2
0.70816797,0.108724475,0.429286122,0,1,0,0,1,0,1.0,2
0.555513859,0.353915334,0.871397495,0,1,0,1,0,0,0.0,0
0.462524861,0.185255736,0.854727328,1,0,0,1,0,0,0.0,1
0.417966753,0.951778591,0.660918891,0,1,0,0,1,0,0.5,2
0.84960717,0.986644506,0.997356653,1,0,0,0,0,1,0.0,1
0.258399665,0.273243368,0.893178344,1,0,0,1,0,0,1.0,1
0.747507393,0.686214089,0.145230427,0,0,1,0,0,1,0.0,2
0.7696082,0.849550128,0.399136394,0,1,0,0,1,0,0.0,0
0.448240012,0.27199626,0.131937489,1,0,0,1,0,0,0.0,1
0.332435578,0.228296608,0.466089606,0,0,1,0,1,0,1.0,0
0.497014403,0.0606504716,0.776382804,1,0,0,1,0,0,0.0,1
0.138553232,0.441364348,0.155788705,0,1,0,1,0,0,0.0,2
0.0936335325,0.904465616,0.880422056,0,1,0,1,0,0,1.0,2
0.15602304,0.907830656,0.569057524,0,0,1,1,0,0,1.0,2
0.227787778,0.171355978,0.748944461,1,0,0,0,1,0,0.0,0
0.528967977,0.244134858,0.0451558121,0,1,0,1,0,0,0.0,1
0.856679797,0.437644958,0.0938381553,0,1,0,0,0,1,1.0,2
0.273860216,0.791593313,0.620861173,0,1,0,1,0,0,0.5,2
0.938403904,0.631258905,0.838191926,0,1,0,0,1,0,0.5,1
0.957162499,0.538157284,0.873865068,0,1,0,0,0,1,1.0,1
0.960959375,0.612335265,0.688369334,1,0,0,1,0,0,0.5,1
0.845684588,0.141389713,0.200938717,1,0,0,0,1,0,0.5,0
0.395633787,0.503780484,0.195021719,0,0,1,0,1,0,1.0,2
0.119049713,0.992460132,0.881362736,0,1,0,1,0,0,0.5,2
0.590377808,0.134023845,0.113235384,0,0,1,0,0,1,1.0,2
0.580747366,0.543284357,0.686070859,1,0,0,0,1,0,0.5,1
0.85747695,0.330866784,0.533506811,1,0,0,0,1,0,0.0,1
0.996191502,0.56291765,0.421420097,0,0,1,0,0,1,0.0,0
0.532749414,0.595127821,0.440334558,1,0,0,1,0,0,1.0,0
0.377943844,0.598599255,0.945207357,0,1,0,1,0,0,1.0,2
0.226606622,0.859598339,0.861443222,0,1,0,1,0,0,0.5,2
0.0545598343,0.420260042,0.864983857,1,0,0,1,0,0,1.0,1
0.533658028,0.540536463,0.406618297,0,1,0,0,0,1,0.5,2
0.577742755,0.0603819788,0.10698121,0,0,1,0,1,0,1.0,2
0.833691537,0.800073087,0.997839451,1,0,0,1,0,0,1.0,1
0.529348135,0.296513319,0.14534308,0,0,1,0,1,0,1.0,1
0.920644939,0.825727284,0.515582323,1,0,0,0,1,0,0.0,1
0.646679282,0.30235672,0.264619201,0,1,0,0,0,1,0.0,0
0.848319411,0.0602490716,0.510742843,0,1,0,0,1,0,0.5,0
0.190886647,0.197089747,0.30493319,0,1,0,1,0,0,1.0,2
0.862569332,0.986398757,0.896886647,0,1,0,0,1,0,1.0,0
0.69138664,0.353811175,0.968341589,0,0,1,1,0,0,0.0,1
0.211721376,0.153382704,0.41006428,0,0,1,1,0,0,0.0,2
0.230275378,0.162820861,0.0701896399,1,0,0,1,0,0,0.0,2
0.930175602,0.344825566,0.663336098,0,1,0,0,1,0,0.5,1
0.0806045905,0.0857627913,0.376625568,0,1,0,0,0,1,1.0,0
0.489408195,0.535914183,0.985968649,0,0,1,0,1,0,0.5,1
0.347801536,0.253053874,0.0893747807,0,1,0,0,0,1,0.0,1
0.681823552,0.543345094,0.119126439,0,1,0,0,0,1,0.0,0
0.847647905,0.183726013,0.699423134,0,1,0,0,0,1,0.5,2
0.392359227,0.458364367,0.758649588,0,0,1,0,1,0,0.0,1
0.455556989,0.618021011,0.471096396,0,0,1,0,0,1,1.0,0
0.982821882,0.108899944,0.277264595,0,1,0,0,0,1,1.0,0
0.794720709,0.428811848,0.309810042,0,0,1,0,0,1,1.0,2
0.902343929,0.337397635,0.337972969,0,1,0,1,0,0,0.0,1
0.466824114,0.27834183,0.225281984,1,0,0,0,0,1,0.0,2
0.272372395,0.624307871,0.850642562,0,1,0,1,0,0,0.5,2
0.441270292,0.609114885,0.065077208,0,1,0,0,0,1,0.0,2
0.730287313,0.649164796,0.407277822,1,0,0,0,1,0,0.0,2
0.153958887,0.200938538,0.747603118,0,1,0,1,0,0,1.0,2
0.306945652,0.321423769,0.00382547453,0,1,0,0,0,1,0.0,0
0.0943041071,0.249194846,0.878032506,1,0,0,0,1,0,0.0,2
0.460730344,0.56347841,0.706293225,0,1,0,1,0,0,1.0,1
0.836073458,0.488012403,0.0733739585,1,0,0,0,1,0,0.5,2
0.0734305009,0.363779038,0.894996583,1,0,0,0,0,1,1.0,0
0.691557348,0.796714067,0.487304986,0,1,0,0,0,1,0.0,0
0.935871065,0.139275059,0.652239323,0,1,0,0,0,1,0.0,2
0.275081456,0.976151884,0.882033348,0,1,0,0,0,1,0.5,1
0.708953083,0.160716876,0.881162345,1,0,0,1,0,0,0.5,1
0.976346791,0.784417272,0.408744127,1,0,0,1,0,0,1.0,1
0.964164138,0.399818689,0.23768948,0,0,1,1,0,0,1.0,0
0.27318272,0.871999145,0.257421553,1,0,0,0,0,1,0.5,2
0.1453145,0.120461449,0.76594156,0,0,1,0,0,1,1.0,2
0.190868407,0.405985624,0.929430366,1,0,0,0,1,0,1.0,2
0.716933906,0.368671238,0.0722306743,0,1,0,0,1,0,0.0,0
0.739470959,0.99349916,0.0150197279,0,1,0,1,0,0,0.5,2
0.690524757,0.98627156,0.822935045,0,1,0,0,0,1,1.0,1
0.369274467,0.230313763,0.38660261,0,0,1,0,0,1,0.5,0
0.211288095,0.6484496,0.276449233,0,1,0,0,1,0,0.5,2
0.601723015,0.558743477,0.188373849,1,0,0,1,0,0,0.0,1
0.50949645,0.196654812,0.346480608,0,1,0,0,0,1,0.5,2
0.742392421,0.209390715,0.971468091,0,1,0,0,1,0,0.5,1
0.469292074,0.989789128,0.977079749,1,0,0,1,0,0,0.5,1
0.371707708,0.480093479,0.331513524,0,0,1,1,0,0,0.5,2
0.328804642,0.169511229,0.963690102,0,1,0,1,0,0,0.5,2
0.250896811,0.254050523,0.299863458,0,0,1,0,1,0,0.0,0
0.302459061,0.304930657,0.854481101,0,0,1,0,0,1,0.5,1
0.140088916,0.535371423,0.212004215,0,1,0,0,1,0,0.0,0
0.379514158,0.368770719,0.826487601,1,0,0,0,0,1,0.0,1
0.0847413242,0.482261211,0.35373041,0,0,1,0,0,1,0.5,2
0.22709316,0.208174571,0.195723519,1,0,0,0,0,1,0.0,2
0.759431899,0.360392243,0.934779882,0,0,1,1,0,0,1.0,2
0.35919553,0.116800763,0.214184329,0,1,0,0,0,1,0.0,2
0.684825182,0.89522475,0.991835237,1,0,0,1,0,0,0.5,1
0.731039941,0.238814861,0.108573891,1,0,0,0,1,0,1.0,1
0.602126062,0.769055128,0.0100207832,0,0,1,0,0,1,0.0,1
0.960762858,0.382074207,0.870793521,1,0,0,0,1,0,0.5,1
0.0703678727,0.500677466,0.586604416,0,1,0,0,1,0,1.0,2
0.751720011,0.326697975,0.4216263,1,0,0,0,0,1,0.5,1
0.960847318,0.711619198,0.0819639266,1,0,0,0,0,1,0.5,2
0.869158149,0.852319121,0.574892521,0,0,1,1,0,0,0.5,1
0.209498063,0.321956664,0.393725574,1,0,0,0,0,1,1.0,2
0.360479295,0.280106753,0.483621925,1,0,0,1,0,0,1.0,1
0.213829249,0.697368264,0.630391836,0,1,0,1,0,0,1.0,2
0.62124294,0.235395402,0.639933586,1,0,0,0,0,1,0.5,0
0.726578593,0.657847762,0.960599244,0,1,0,0,0,1,1.0,2
0.351220071,0.139706671,0.655053437,1,0,0,0,0,1,0.0,0
0.562531233,0.639130294,0.339404136,1,0,0,1,0,0,0.0,2
0.706374526,0.537736416,0.329632819,0,1,0,1,0,0,0.5,2
0.450272828,0.158210427,0.47716096,1,0,0,1,0,0,1.0,1
0.861314774,0.666648448,0.25932771,1,0,0,1,0,0,0.5,1
0.782972455,0.474229306,0.376438975,0,0,1,1,0,0,0.5,0
0.111432269,0.256259292,0.84211278,0,0,1,0,0,1,1.0,2
0.640069008,0.385714948,0.859761596,1,0,0,1,0,0,0.5,1
0.273559272,0.517497003,0.627792478,0,1,0,0,0,1,1.0,2
0.579642355,0.13697651,0.582840919,0,0,1,1,0,0,0.5,2
0.959044039,0.959729016,0.427099824,1,0,0,1,0,0,1.0,1
0.885108888,0.682284057,0.635898888,0,0,1,0,0,1,0.5,1
0.434290588,0.147408232,0.80605334,1,0,0,0,1,0,0.0,1
0.326938152,0.8317191,0.73784703,0,1,0,0,1,0,0.0,1
0.272685468,0.356427193,0.0354595147,0,0,1,1,0,0,0.5,0
0.55588913,0.616959572,0.731130004,0,0,1,0,0,1,0.5,1
0.158536032,0.313285708,0.719947696,1,0,0,0,1,0,0.0,2
0.571811259,0.746735632,0.0989905372,0,1,0,0,1,0,0.0,0
0.0512669571,0.736858547,0.150247365,0,1,0,0,0,1,0.0,2
0.357657135,0.574441314,0.787908494,0,1,0,0,1,0,0.5,1
0.258937597,0.278879315,0.558989584,1,0,0,1,0,0,0.0,2
0.972657859,0.291018605,0.821628988,0,1,0,1,0,0,0.5,1
0.740880191,0.413719654,0.184744135,0,1,0,1,0,0,1.0,0
0.382170707,0.18776156,0.0306147654,1,0,0,0,1,0,0.5,0
0.138202831,0.370772928,0.161941752,0,1,0,0,0,1,0.5,2
0.54096055,0.7001369,0.452570051,0,1,0,0,0,1,0.5,0
0.25277549,0.839303017,0.52329278,0,0,1,1,0,0,0.0,0
0.559608042,0.365953177,0.857701123,0,1,0,1,0,0,0.5,1
0.843594253,0.271910757,0.716200531,0,0,1,1,0,0,1.0,1
0.635002911,0.841010451,0.990390658,0,0,1,1,0,0,0.5,1
0.652099013,0.896168828,0.0787195936,0,0,1,0,1,0,1.0,1
0.563978791,0.439520448,0.130221069,0,0,1,1,0,0,0.5,0
0.930902362,0.0755589455,0.0843555927,0,1,0,0,1,0,1.0,1
0.935307562,0.710213542,0.538458049,0,0,1,1,0,0,1.0,2
0.537087023,0.794831574,0.266860783,0,0,1,0,0,1,0.0,2
0.340471506,0.0671230406,0.68363297,0,0,1,0,1,0,1.0,2
0.486607641,0.615279317,0.132690892,0,1,0,0,0,1,0.5,0
0.227230012,0.608950317,0.103191398,1,0,0,0,0,1,1.0,2
0.654527128,0.409772515,0.460165471,0,0,1,0,0,1,1.0,0
0.525087714,0.762278974,0.375898361,0,0,1,1,0,0,1.0,1
0.148135453,0.456770092,0.829164922,1,0,0,0,0,1,0.0,0
0.237765387,0.692937136,0.837554097,0,1,0,0,0,1,0.5,2
0.505650342,0.541261435,0.117428668,0,0,1,0,0,1,1.0,0
0.893209517,0.286041379,0.812322795,0,1,0,0,1,0,0.5,1
0.588071167,0.626175821,0.564164996,0,0,1,1,0,0,0.5,2
0.697458267,0.750063062,0.503558278,0,1,0,0,0,1,1.0,2
0.372077107,0.975210369,0.0947633758,0,1,0,1,0,0,0.0,1
0.59284085,0.411103487,0.739630759,0,0,1,0,1,0,0.0,1
0.475010842,0.111248918,0.059633784,0,0,1,1,0,0,0.5,0
0.676173389,0.988572657,0.277691782,0,1,0,0,0,1,0.0,1
0.0980467871,0.642616332,0.0954315364,0,0,1,1,0,0,0.0,2
0.518635213,0.949127913,0.53076762,1,0,0,1,0,0,1.0,1
0.331193,0.14863573,0.645230055,0,1,0,1,0,0,0.0,2
0.359875798,0.37493214,0.890855134,1,0,0,1,0,0,1.0,1
0.962871552,0.177239865,0.733871937,0,0,1,1,0,0,0.0,1
0.223560065,0.843734622,0.961104393,1,0,0,0,1,0,1.0,2
0.345682979,0.886325598,0.76094985,1,0,0,0,0,1,0.5,1
0.53439796,0.52624613,0.298073113,0,1,0,1,0,0,0.5,2
0.86987561,0.227275908,0.547584832,1,0,0,1,0,0,1.0,1
0.445836574,0.170763016,0.457939625,0,0,1,0,0,1,0.0,2
0.756672025,0.608755887,0.565968752,0,1,0,0,0,1,1.0,1
0.863555372,0.531057537,0.572089314,0,0,1,0,0,1,0.0,1
0.344515532,0.710049629,0.702101111,0,0,1,0,0,1,0.0,1
0.423112661,0.339946896,0.0830438137,1,0,0,1,0,0,0.5,0
0.38872841,0.432249606,0.74674511,0,0,1,0,0,1,0.5,2
0.841213048,0.0702930167,0.143743619,1,0,0,0,1,0,0.0,1
0.0921295211,0.62963587,0.0262073055,0,1,0,1,0,0,1.0,2
0.343000025,0.451986343,0.51890552,0,1,0,0,1,0,1.0,2
0.695438147,0.923776388,0.581476986,1,0,0,0,0,1,0.0,1
0.587171316,0.659696996,0.0348510705,0,1,0,0,1,0,1.0,2
0.464474887,0.428759754,0.515371144,0,1,0,1,0,0,0.5,0
0.56295079,0.300409734,0.534570217,0,1,0,1,0,0,0.0,2
0.23770535,0.910020709,0.0524949022,0,1,0,1,0,0,1.0,0
0.459180802,0.0654518232,0.711585283,1,0,0,1,0,0,0.0,1
0.526617825,0.360566854,0.210289702,1,0,0,0,1,0,0.0,1
0.906129658,0.946330309,0.794459224,0,0,1,1,0,0,0.5,1
0.297793418,0.671331346,0.310822129,0,0,1,1,0,0,1.0,2
0.874437094,0.556083143,0.477892518,0,1,0,1,0,0,0.0,0
0.662029326,0.243357986,0.891850889,1,0,0,0,0,1,0.0,1
0.0693237931,0.841706038,0.806179464,1,0,0,0,1,0,1.0,2
0.738399744,0.24398911,0.78186357,1,0,0,0,0,1,1.0,1
0.0837742835,0.285840869,0.160434201,0,0,1,1,0,0,1.0,2
0.997512043,0.232258588,0.0481423885,0,1,0,0,0,1,1.0,1
0.879004836,0.200241983,0.605758965,1,0,0,1,0,0,0.0,1
0.332476556,0.955646873,0.410691649,0,0,1,0,0,1,1.0,1
0.294540673,0.621930003,0.909077287,1,0,0,1,0,0,0.0,1
0.412369043,0.655945301,0.349593252,1,0,0,1,0,0,0.0,1
0.388358623,0.95660919,0.410548359,0,0,1,1,0,0,1.0,0
0.403720915,0.269046307,0.526000559,0,0,1,0,0,1,0.5,1
0.352362722,0.0556216612,0.796400666,1,0,0,1,0,0,0.5,1
0.640076756,0.618939459,0.268299043,0,1,0,0,0,1,0.5,1
0.206050485,0.532452583,0.941820681,0,1,0,1,0,0,0.0,2
0.85368222,0.503767848,0.539921105,0,0,1,0,1,0,0.0,0
0.821782351,0.108786203,0.840977252,1,0,0,1,0,0,0.5,1
0.502659023,0.481713116,0.525618494,0,0,1,0,1,0,1.0,1
0.860093474,0.323181599,0.77199322,1,0,0,1,0,0,0.0,1
0.284787804,0.310836434,0.051420752,1,0,0,1,0,0,1.0,1
0.0666871816,0.261262506,0.799212456,1,0,0,1,0,0,0.0,2
0.63824755,0.365901947,0.523959458,0,0,1,1,0,0,0.5,2
0.485013932,0.38547641,0.449415594,0,0,1,1,0,0,0.5,2
0.588806331,0.343336999,0.111609668,0,0,1,0,0,1,1.0,2
0.904372454,0.979815066,0.741562545,0,0,1,0,0,1,1.0,1
0.971429288,0.936094522,0.131163657,0,1,0,0,0,1,0.0,0
0.652730465,0.595784605,0.192317814,1,0,0,0,1,0,0.0,0
0.775852799,0.982002079,0.126423255,0,0,1,1,0,0,0.0,0
0.129618019,0.991638124,0.00657560769,1,0,0,1,0,0,0.0,2
0.202679813,0.388142735,0.661913753,0,1,0,1,0,0,1.0,2
0.74654454,0.472928166,0.270844042,0,0,1,0,1,0,0.5,2
0.459797174,0.961108685,0.149470463,0,1,0,0,1,0,1.0,0
0.473666996,0.628194869,0.319972485,0,0,1,0,1,0,1.0,1
0.343177289,0.252282619,0.499084681,1,0,0,0,1,0,0.5,1
0.62698859,0.704911649,0.503412545,0,1,0,0,0,1,1.0,1
0.225906789,0.245458871,0.367195994,0,1,0,0,1,0,1.0,2
0.645570457,0.372389853,0.494932264,0,0,1,0,1,0,0.0,1
0.215108916,0.266182154,0.427341461,1,0,0,0,1,0,1.0,2
0.110634729,0.282731205,0.822665274,1,0,0,0,1,0,1.0,0
0.363839805,0.0544228032,0.029613968,1,0,0,0,0,1,1.0,1
0.269583315,0.886673391,0.868030131,1,0,0,1,0,0,1.0,2
0.894542038,0.331190974,0.24391526,0,0,1,0,1,0,1.0,1
0.102205783,0.132055655,0.721782207,0,1,0,0,0,1,0.0,2
0.217783004,0.132638037,0.405039608,0,0,1,0,0,1,0.0,2
0.571283638,0.578217387,0.294332951,1,0,0,0,0,1,0.5,2
0.507013857,0.99327451,0.615347385,0,1,0,1,0,0,1.0,1
0.0935594141,0.18777135,0.76888442,0,1,0,0,1,0,1.0,2
0.0568898059,0.144640699,0.44993645,1,0,0,1,0,0,0.0,1
0.988664567,0.466388673,0.466553837,0,0,1,0,0,1,0.5,1
0.675892949,0.585164666,0.0588564835,0,0,1,1,0,0,1.0,1
0.397135824,0.32966134,0.923995972,1,0,0,0,0,1,0.0,1
0.496910632,0.337395996,0.846896708,0,1,0,0,0,1,0.0,1
0.303222626,0.453252673,0.39799279,0,1,0,0,1,0,1.0,2
0.377630085,0.348438323,0.764950633,0,0,1,0,0,1,1.0,1
0.66659224,0.919565022,0.313279182,0,1,0,1,0,0,0.5,2
0.888671219,0.0898568407,0.730421782,1,0,0,1,0,0,0.0,1
0.224923521,0.272841662,0.516691744,0,1,0,0,0,1,0.0,2
0.848343432,0.818125129,0.460766733,0,0,1,0,1,0,1.0,2
0.165478796,0.842260242,0.056522999,0,0,1,1,0,0,1.0,2
0.254242599,0.155977324,0.965421915,1,0,0,0,1,0,0.0,1
0.0853165239,0.975075305,0.83740896,0,0,1,0,1,0,0.5,2
0.183771268,0.708687127,0.793388069,1,0,0,0,1,0,0.0,2
0.921437979,0.308963418,0.304916203,0,1,0,0,1,0,0.5,1
0.486466795,0.483235985,0.28959018,0,1,0,0,0,1,0.5,0
0.123782568,0.332281679,0.573193073,0,1,0,0,0,1,0.5,0
0.961740494,0.19252114,0.846223176,1,0,0,0,0,1,0.0,1
0.885042667,0.326619148,0.934628427,0,0,1,0,1,0,1.0,1
0.766948402,0.601087332,0.268929034,1,0,0,1,0,0,1.0,1
0.936799169,0.834671199,0.607414782,0,1,0,1,0,0,0.0,1
0.259122938,0.395352632,0.723902822,0,1,0,0,0,1,0.5,1
0.844550848,0.380506456,0.22639215,0,1,0,1,0,0,0.0,1
0.705491662,0.494600654,0.407468617,0,1,0,0,0,1,1.0,0
0.876271307,0.662327826,0.187474281,0,1,0,0,1,0,0.5,1
0.807065964,0.764035463,0.698905051,1,0,0,0,0,1,0.0,0
0.379170299,0.360459536,0.863785148,0,1,0,1,0,0,0.0,1
0.785678625,0.607034862,0.87753433,1,0,0,0,0,1,0.0,1
0.299333483,0.419892788,0.670088887,1,0,0,0,0,1,0.5,2
0.36216256,0.730579853,0.347152352,0,1,0,1,0,0,0.5,1
0.152510434,0.206441179,0.661040366,0,1,0,0,0,1,0.0,1
0.938322783,0.294078618,0.864266753,0,1,0,0,0,1,1.0,0
0.326453209,0.454757392,0.625855863,1,0,0,1,0,0,1.0,1
0.544591367,0.894944072,0.412891954,0,0,1,0,0,1,0.5,2
0.421766192,0.594659507,0.919802725,1,0,0,0,1,0,1.0,2
0.961931705,0.96712631,0.835216582,0,1,0,0,0,1,0.0,1
0.368296713,0.148113802,0.882435262,1,0,0,1,0,0,0.5,1
0.789618552,0.487166643,0.903192043,0,0,1,0,1,0,0.0,1
0.862645328,0.448124617,0.393812299,0,0,1,0,1,0,0.0,1
0.46382618,0.620195866,0.859638989,0,0,1,1,0,0,0.5,1
0.409263223,0.82136637,0.570349693,1,0,0,1,0,0,0.0,1
0.760358512,0.849375606,0.0381589718,0,0,1,0,0,1,1.0,1
0.91725117,0.686684906,0.635836363,0,0,1,0,1,0,0.0,1
0.767185152,0.659459531,0.470618933,1,0,0,0,1,0,0.0,2
0.265770048,0.951578081,0.27515465,0,1,0,0,1,0,1.0,1
0.893892348,0.414503038,0.970383167,0,0,1,1,0,0,0.5,1
0.418202579,0.841144145,0.0550708584,1,0,0,0,0,1,0.5,0
0.597417951,0.925428569,0.945877373,0,0,1,1,0,0,1.0,1
0.839863837,0.51696229,0.159267068,1,0,0,0,1,0,0.0,0
0.228975028,0.742647469,0.376988173,0,1,0,0,0,1,1.0,1
0.795284629,0.408168852,0.417235166,1,0,0,0,0,1,0.5,2
0.616354644,0.200935066,0.73102051,1,0,0,1,0,0,0.5,2
0.898674548,0.607178688,0.215609208,0,0,1,0,1,0,0.0,0
0.213371888,0.236648068,0.986101866,1,0,0,0,1,0,1.0,2
0.449648112,0.484719187,0.749011874,0,1,0,0,1,0,0.0,1
0.841200948,0.879235327,0.789952636,1,0,0,0,0,1,0.5,1
0.068270117,0.13171728,0.106428772,1,0,0,0,1,0,0.5,2
0.156591296,0.0789071098,0.476312011,1,0,0,1,0,0,0.0,2
0.991036952,0.626153946,0.945609331,0,1,0,0,0,1,0.0,0
0.316374481,0.364508271,0.270066082,0,1,0,1,0,0,0.5,2
0.97676605,0.447040826,0.145383656,1,0,0,0,0,1,1.0,0
0.223404974,0.435425073,0.485394448,1,0,0,1,0,0,0.5,0
0.393039733,0.132289216,0.93039304,1,0,0,0,1,0,0.0,2
0.765225947,0.0533881113,0.486790627,0,0,1,0,0,1,1.0,2
0.674889505,0.903502107,0.4048343,0,1,0,1,0,0,0.0,1
0.602066278,0.256908625,0.650272429,1,0,0,0,0,1,0.0,1
0.553404212,0.454775035,0.936883986,1,0,0,0,0,1,1.0,1
0.851268411,0.973329484,0.0490574501,0,1,0,0,1,0,0.5,0
0.273201138,0.835424423,0.153395548,0,0,1,0,0,1,0.0,2
0.470347375,0.152534306,0.132754311,1,0,0,1,0,0,0.0,1
0.197679684,0.533093095,0.0853329822,0,1,0,0,0,1,0.5,2
0.616144538,0.743575096,0.302106082,0,0,1,1,0,0,0.5,1
0.288017213,0.713473141,0.229309037,0,1,0,0,1,0,1.0,1
0.367149949,0.77279973,0.548691273,0,1,0,0,0,1,0.5,1
0.497688174,0.484581918,0.327289432,1,0,0,1,0,0,0.5,1
0.0754320547,0.217126787,0.405207872,0,1,0,0,0,1,0.0,2
0.137341037,0.491628826,0.941864669,1,0,0,0,0,1,0.0,0
0.701632738,0.665492892,0.155655637,0,0,1,0,1,0,0.5,1
0.457521468,0.628162503,0.388457328,1,0,0,0,0,1,1.0,2
0.871550739,0.116995953,0.257081836,0,1,0,0,0,1,1.0,2
0.709938407,0.111704811,0.549165964,0,1,0,0,1,0,0.0,2
0.0576958954,0.966994941,0.736336231,0,1,0,0,0,1,1.0,2
0.635876715,0.194215178,0.816987872,1,0,0,0,1,0,1.0,1
0.139038622,0.329739332,0.515296698,0,0,1,0,0,1,0.0,2
0.791886508,0.779252768,0.854916573,0,0,1,1,0,0,0.5,1
0.991932333,0.439193219,0.785075486,0,1,0,1,0,0,0.5,0
0.554638863,0.222391605,0.157004058,1,0,0,1,0,0,0.0,1
0.698640525,0.493870765,0.245428756,0,1,0,0,1,0,0.0,0
0.275448442,0.590502501,0.671720505,1,0,0,0,1,0,0.0,0
0.465717852,0.480128288,0.97479403,0,0,1,0,1,0,0.5,1
0.863290548,0.922998786,0.376129687,1,0,0,0,1,0,1.0,1
0.209051803,0.320464343,0.229807839,1,0,0,0,1,0,0.5,0
0.302258819,0.678265572,0.869129419,0,1,0,0,1,0,0.5,1
0.473161995,0.156679988,0.199611962,1,0,0,0,0,1,0.0,1
0.726636469,0.422671199,0.697408259,0,0,1,1,0,0,1.0,1
0.40708977,0.753943563,0.034249071,0,0,1,0,1,0,0.5,1
0.931345642,0.26357609,0.0189805143,0,0,1,0,0,1,1.0,1
0.139734194,0.610282481,0.451566726,0,1,0,0,0,1,1.0,2
0.402263999,0.195765182,0.656540155,1,0,0,0,1,0,0.0,1
0.723506391,0.147566602,0.142434448,1,0,0,1,0,0,1.0,1
0.264687419,0.547071099,0.763882458,0,1,0,0,1,0,0.5,1
0.673592448,0.691260457,0.128736481,0,0,1,1,0,0,1.0,0
0.20600611,0.157698706,0.533707798,0,0,1,1,0,0,0.0,2
0.103181273,0.921887457,0.308299184,0,1,0,0,1,0,0.5,0
0.164964929,0.26448366,0.752253294,0,1,0,1,0,0,1.0,1
0.933485568,0.16397655,0.804116726,0,0,1,1,0,0,0.5,0
0.574163318,0.242563963,0.0660912395,0,0,1,1,0,0,0.5,0
0.806528509,0.211093828,0.192604572,1,0,0,0,1,0,0.0,1
0.366021782,0.136140913,0.892644107,0,0,1,1,0,0,0.5,1
0.613025725,0.807947278,0.415612847,0,0,1,1,0,0,0.0,1
0.520204544,0.520760894,0.47673586,1,0,0,0,0,1,0.0,1
0.948451042,0.41909346,0.16802384,0,1,0,0,1,0,1.0,1
0.760195911,0.953096509,0.994894803,1,0,0,1,0,0,0.0,1
0.744015515,0.402457982,0.923047662,1,0,0,0,1,0,1.0,1
0.0940356031,0.208624095,0.00202467106,0,0,1,0,1,0,0.5,2
0.572186172,0.310340762,0.550734699,0,1,0,0,0,1,0.5,2
0.493641883,0.277018219,0.872267365,0,0,1,0,0,1,0.0,2
0.931450129,0.523804188,0.430533618,0,1,0,1,0,0,1.0,0
0.2944749,0.326929867,0.436814249,1,0,0,1,0,0,0.5,1
0.306341767,0.54025811,0.379347146,0,1,0,1,0,0,1.0,2
0.440778941,0.685828745,0.0288283359,0,0,1,0,1,0,0.5,1
0.281201214,0.78843385,0.790283322,0,1,0,0,0,1,1.0,1
0.172724724,0.724649906,0.456785202,0,1,0,0,0,1,0.0,2
0.864544094,0.245311186,0.531065643,0,1,0,1,0,0,0.5,0
0.580362678,0.160104737,0.255685121,0,0,1,0,0,1,0.0,2
0.868294597,0.565327644,0.784118474,1,0,0,0,1,0,0.0,2
0.839578032,0.238966197,0.793748558,1,0,0,1,0,0,1.0,1
0.317940235,0.130687043,0.552920818,0,1,0,0,0,1,0.0,0
0.570350587,0.550739646,0.904627919,0,1,0,1,0,0,0.0,1
0.129056811,0.36045447,0.11588423,0,1,0,0,1,0,0.0,2
0.919489264,0.768341541,0.786626637,1,0,0,0,1,0,0.0,2
0.434049577,0.348482043,0.558584154,0,0,1,1,0,0,1.0,2
0.423992366,0.97978127,0.231013164,0,1,0,1,0,0,1.0,1
0.337617606,0.770597041,0.132303789,0,1,0,0,0,1,0.0,0
0.487630546,0.104808562,0.301007032,0,1,0,0,1,0,0.5,1
0.289171427,0.533429086,0.856315911,1,0,0,0,1,0,0.0,0
0.406109661,0.584489465,0.787619352,1,0,0,1,0,0,0.0,0
0.809949696,0.710537553,0.645132422,0,0,1,0,0,1,0.5,0
0.842542708,0.522906959,0.0903270096,0,1,0,1,0,0,0.5,2
0.338973343,0.509271443,0.954830647,0,1,0,1,0,0,0.0,1
0.495563716,0.399541676,0.305440128,1,0,0,1,0,0,1.0,2
0.880128801,0.307888329,0.606999993,1,0,0,0,1,0,1.0,2
0.100039668,0.948890209,0.803101897,0,1,0,1,0,0,0.5,0
0.894687712,0.351716846,0.132855833,0,1,0,1,0,0,0.0,0
0.258225143,0.110250257,0.652196765,0,1,0,0,0,1,0.0,0
0.694612265,0.208920509,0.0322959982,1,0,0,1,0,0,0.0,1
0.603424132,0.864412785,0.101789311,0,1,0,0,0,1,0.0,2
0.57529372,0.607301772,0.723143637,0,0,1,1,0,0,0.0,0
0.866392195,0.789841533,0.155082151,1,0,0,0,1,0,0.5,0
0.146493539,0.818342447,0.443506718,0,0,1,1,0,0,1.0,2
0.37967661,0.832074642,0.248332545,0,0,1,0,1,0,0.5,2
0.561340094,0.573083043,0.421229511,1,0,0,1,0,0,0.5,1
0.820724428,0.218264565,0.0772202387,0,1,0,0,1,0,0.0,0
0.255620927,0.190821111,0.754900515,0,0,1,0,1,0,0.5,1
0.81278336,0.595285177,0.0790411755,0,1,0,1,0,0,0.0,1
0.429656565,0.398188651,0.837914526,0,0,1,0,0,1,0.5,1
0.229468167,0.580145836,0.662608862,1,0,0,0,1,0,0.0,2
0.771037102,0.523553967,0.416585565,0,1,0,0,1,0,1.0,0
0.136353955,0.622088194,0.866486549,0,0,1,1,0,0,0.0,2
0.539029002,0.0805061981,0.186131284,0,0,1,0,0,1,0.0,0
0.110681996,0.0811948478,0.264564216,1,0,0,0,1,0,1.0,2
0.388596952,0.735515416,0.137123659,0,0,1,1,0,0,0.0,0
0.62102294,0.233470887,0.3815687,1,0,0,0,1,0,0.0,1
0.578309774,0.669588566,0.986733198,0,0,1,1,0,0,1.0,2
0.434422642,0.569247127,0.161027372,0,1,0,1,0,0,0.0,1
0.457595587,0.982704759,0.830976486,1,0,0,0,0,1,0.5,1
0.265431076,0.843635559,0.651880085,0,0,1,1,0,0,0.0,0
0.483088464,0.442477793,0.0158141311,0,0,1,0,0,1,0.5,1
0.955592096,0.635592163,0.944890201,0,1,0,1,0,0,1.0,1
0.857930243,0.16142498,0.97109127,0,0,1,1,0,0,0.5,2
0.187971219,0.417066753,0.924900711,1,0,0,0,1,0,1.0,2
0.0782917514,0.747193336,0.501739681,0,0,1,0,0,1,0.0,2
0.936848104,0.641538024,0.22037518,0,0,1,0,1,0,0.0,2
0.550412238,0.510247767,0.391264677,0,1,0,0,0,1,1.0,2
0.560945928,0.217702642,0.614191532,0,1,0,0,0,1,0.5,2
0.791682124,0.812988639,0.378836393,0,0,1,0,1,0,0.5,2
0.348954529,0.309508264,0.708171666,0,1,0,0,0,1,0.5,1
0.507812202,0.829455137,0.795575559,0,0,1,0,0,1,0.5,1
0.970229745,0.631028593,0.209392905,0,0,1,0,1,0,0.0,1
0.688541234,0.404094845,0.404941916,1,0,0,0,0,1,0.5,0
0.196057782,0.0885749608,0.95774436,0,0,1,0,1,0,1.0,2
0.176565409,0.270797908,0.249806806,1,0,0,1,0,0,0.5,2
0.244051516,0.894617379,0.346447498,1,0,0,0,1,0,1.0,1
0.778376102,0.827075601,0.0356605053,0,0,1,0,0,1,1.0,1
0.330608159,0.596110642,0.332366049,0,1,0,1,0,0,0.0,1
0.0703194067,0.493006349,0.370931387,0,0,1,1,0,0,1.0,1
0.946965635,0.664785564,0.0998355597,0,0,1,1,0,0,0.5,0
0.211227745,0.492935717,0.00144224998,0,1,0,0,1,0,0.5,2
0.0590802766,0.662089586,0.575405478,0,1,0,0,1,0,0.0,2
0.275275022,0.342033893,0.301526606,1,0,0,1,0,0,0.5,1
0.273277342,0.84657234,0.0178238377,0,0,1,0,0,1,1.0,1
0.450904995,0.716822028,0.859944284,0,1,0,0,0,1,0.5,1
0.924370348,0.363476843,0.584409654,0,1,0,1,0,0,1.0,1
0.885225654,0.839132786,0.171168357,1,0,0,0,0,1,0.5,0
0.484049827,0.512975395,0.865246594,0,0,1,0,0,1,0.5,1
0.440354913,0.215906918,0.253585964,0,1,0,0,1,0,0.5,2
0.577258646,0.123826839,0.227445737,1,0,0,0,0,1,1.0,0
0.281281322,0.714625478,0.894634068,1,0,0,0,1,0,1.0,1
0.0995757431,0.871864736,0.179457873,1,0,0,1,0,0,0.0,2
0.942262948,0.817069888,0.878985822,1,0,0,0,0,1,1.0,1
0.227364033,0.67286849,0.80297333,0,0,1,0,0,1,1.0,2
0.238480687,0.184306309,0.309777528,0,0,1,0,1,0,0.5,2
0.498837322,0.139341876,0.0343970805,0,1,0,0,1,0,0.5,1
0.517032683,0.377778143,0.0825731009,0,1,0,1,0,0,0.0,0
0.0675124973,0.862165332,0.109528266,0,1,0,1,0,0,0.0,2
0.190557003,0.963649452,0.890798807,0,1,0,0,0,1,0.0,0
0.409247071,0.279292822,0.404035985,0,1,0,0,1,0,0.5,2
0.699544132,0.77399087,0.0325297564,1,0,0,0,1,0,0.0,0
0.266997546,0.595175743,0.556548476,0,0,1,0,0,1,0.5,0
0.451863736,0.0802169964,0.207992256,1,0,0,0,1,0,0.5,0
0.579477787,0.565770507,0.235126048,0,0,1,0,1,0,0.0,1
0.894162893,0.81564337,0.160841733,1,0,0,0,1,0,1.0,1
0.35976699,0.312316656,0.762021482,1,0,0,0,1,0,0.0,1
0.17688036,0.902493536,0.000612893782,0,1,0,0,0,1,0.0,1
0.514808595,0.274447381,0.438984156,0,0,1,1,0,0,0.5,0
0.759385526,0.122649476,0.0868711695,0,0,1,1,0,0,0.5,2
0.154366776,0.20194234,0.552374601,0,0,1,0,0,1,1.0,2
0.453449309,0.845152736,0.345992357,0,1,0,1,0,0,0.5,1
0.0668958873,0.446440637,0.0283515807,0,1,0,0,1,0,1.0,2
0.0818812251,0.807098269,0.460974216,0,1,0,0,0,1,1.0,2
0.508805692,0.554671407,0.570585489,0,1,0,1,0,0,1.0,2
0.333287448,0.506531179,0.247654036,1,0,0,0,1,0,1.0,2
0.852851927,0.816567481,0.76551187,0,0,1,1,0,0,0.0,2
0.62204659,0.452313244,0.371048778,0,1,0,0,0,1,0.0,1
0.481236309,0.811931074,0.749346495,0,1,0,1,0,0,0.0,2
0.437538594,0.145629063,0.579015732,0,1,0,1,0,0,0.0,0
0.522383213,0.654495299,0.869253039,0,1,0,1,0,0,0.5,1
0.0884168893,0.717457712,0.54692477,0,0,1,0,0,1,1.0,0
0.898153663,0.904142499,0.185627192,1,0,0,0,1,0,0.5,1
0.998387992,0.263107717,0.822591186,1,0,0,0,0,1,0.0,1
0.222412765,0.624008894,0.783035278,0,1,0,1,0,0,1.0,2
0.164363816,0.461593747,0.972355843,1,0,0,0,0,1,1.0,2
0.186398596,0.413633078,0.0935819224,0,1,0,1,0,0,0.5,2
0.677975714,0.151377872,0.591231167,0,1,0,0,1,0,0.0,1
0.678368807,0.177521661,0.491668969,0,0,1,0,1,0,0.5,2
0.855527937,0.845139027,0.670872092,1,0,0,1,0,0,1.0,2
0.764235079,0.762265742,0.980179846,1,0,0,0,0,1,0.0,2
0.477205187,0.413224071,0.5322721,0,1,0,1,0,0,0.0,1
0.632212579,0.83706224,0.685738623,0,0,1,0,0,1,0.5,0
0.703870416,0.126727879,0.347213447,0,1,0,0,0,1,0.5,0
0.537099659,0.643535197,0.298970491,0,0,1,1,0,0,0.5,2
0.501868427,0.874767244,0.335296571,1,0,0,0,1,0,0.0,2
0.662842572,0.846921027,0.0386078954,0,0,1,0,1,0,1.0,0
0.579600811,0.404143631,0.284740657,1,0,0,0,0,1,0.0,2
0.661745191,0.757972181,0.172946393,1,0,0,1,0,0,0.0,1
0.632212043,0.456094742,0.457427979,1,0,0,1,0,0,0.0,1
0.73323673,0.848131239,0.460824758,0,1,0,1,0,0,0.0,1
0.660663307,0.554223835,0.765229821,0,1,0,0,1,0,0.5,1
0.543755352,0.776614189,0.50229162,0,0,1,0,1,0,0.5,0
0.697706997,0.124643005,0.463081598,0,1,0,0,0,1,1.0,2
0.477007866,0.610524654,0.231626317,0,1,0,0,1,0,0.0,2
0.279587656,0.57276994,0.852479994,0,0,1,0,1,0,0.0,2
0.0513473079,0.629477859,0.0910009071,1,0,0,1,0,0,1.0,2
0.581965923,0.710859537,0.98229599,0,0,1,1,0,0,0.0,2
0.611122489,0.922203541,0.476074994,0,1,0,0,1,0,0.0,2
0.973446488,0.796397984,0.185986996,1,0,0,0,0,1,1.0,0
0.393404424,0.258656085,0.354328066,0,0,1,1,0,0,1.0,1
0.424426585,0.834601462,0.0153701827,1,0,0,0,0,1,1.0,0
0.241709605,0.16597569,0.166522682,0,1,0,0,1,0,1.0,2
0.117007583,0.641088665,0.335339814,0,1,0,0,1,0,0.0,2
0.78416425,0.888616145,0.554415286,0,0,1,1,0,0,1.0,0
0.287197024,0.14606595,0.129480839,1,0,0,1,0,0,1.0,1
0.628459632,0.857208014,0.675963283,0,1,0,1,0,0,0.5,0
0.703384399,0.808689713,0.844276488,1,0,0,1,0,0,0.5,1
0.497674853,0.528586686,0.572339594,0,0,1,0,1,0,1.0,0
0.882534504,0.343452722,0.296901435,0,0,1,0,1,0,1.0,2
0.471605092,0.435166329,0.121392325,0,0,1,1,0,0,0.5,0
0.320663184,0.970225215,0.0155350631,0,1,0,0,0,1,1.0,2
0.901214719,0.241612673,0.731802344,0,1,0,1,0,0,0.5,1
0.868486047,0.600624084,0.628479362,0,1,0,1,0,0,0.5,2
0.20583795,0.129078716,0.476283401,0,1,0,1,0,0,0.5,2
0.0746629685,0.25699842,0.10199555,0,0,1,0,0,1,0.0,2
0.135486275,0.775150597,0.207025185,0,1,0,1,0,0,0.5,0
0.322220027,0.337469101,0.815172315,0,1,0,0,1,0,1.0,1
0.97364682,0.986477792,0.479851454,0,1,0,0,0,1,1.0,1
0.580590367,0.525776207,0.962832868,0,0,1,0,1,0,0.5,2
0.404598653,0.540712357,0.999972165,0,0,1,0,0,1,0.0,2
0.894280314,0.0844990015,0.800707102,0,1,0,0,0,1,1.0,1
0.480479509,0.958700418,0.258183599,1,0,0,1,0,0,0.5,1
0.349476695,0.215521768,0.231114969,1,0,0,0,1,0,1.0,2
0.944158554,0.56142354,0.253634334,0,1,0,0,0,1,0.5,1
0.857041776,0.425890893,0.986785054,0,1,0,0,1,0,1.0,0
0.851484954,0.444805473,0.33534047,0,1,0,0,0,1,0.0,2
0.536670506,0.661135137,0.706446767,0,0,1,1,0,0,0.0,2
0.799966455,0.678984225,0.959017694,1,0,0,0,0,1,0.0,2
0.220385686,0.196574181,0.819596171,0,0,1,0,1,0,0.0,2
0.594561815,0.524607301,0.597603798,1,0,0,0,1,0,1.0,1
0.984653652,0.800953567,0.168965518,0,0,1,0,1,0,1.0,2
0.326410502,0.471122146,0.174938247,0,0,1,0,1,0,0.0,1
0.80463469,0.207514241,0.492423087,0,1,0,0,0,1,1.0,2
0.515954494,0.347556084,0.95194447,0,1,0,0,0,1,0.5,0
0.0878153965,0.251760572,0.90449369,0,1,0,0,0,1,0.0,2
0.774868429,0.169526592,0.166192055,0,0,1,0,0,1,1.0,2
0.21014069,0.408702075,0.287719756,0,1,0,1,0,0,0.5,2
0.6498999,0.563889444,0.588811338,0,0,1,0,0,1,0.5,1
0.13138099,0.119113952,0.477430493,0,0,1,1,0,0,1.0,2
0.949524045,0.623632193,0.119362809,0,1,0,0,0,1,0.0,2
0.327137679,0.993373215,0.36930719,0,1,0,0,0,1,0.5,0
0.265141457,0.96591866,0.954714358,0,0,1,0,0,1,0.0,1
0.172679588,0.837714791,0.951442242,1,0,0,1,0,0,1.0,2
0.948702097,0.303024054,0.55942589,1,0,0,0,0,1,1.0,1
0.726308584,0.0712872148,0.635261297,0,0,1,0,0,1,1.0,0
0.754577816,0.841864645,0.221906275,0,1,0,0,0,1,0.0,2
0.524434328,0.102934219,0.741952717,0,1,0,0,1,0,0.0,1
0.500991404,0.24534668,0.0524961874,0,1,0,0,1,0,0.5,0
0.154520184,0.567230582,0.220682189,0,0,1,0,1,0,0.5,2
0.581849039,0.219459131,0.00588368764,0,1,0,1,0,0,0.0,0
0.284570664,0.842098892,0.385701269,1,0,0,0,0,1,1.0,0
0.978288054,0.788301706,0.850261211,1,0,0,1,0,0,0.0,1
0.806751907,0.767981052,0.982506454,0,1,0,0,0,1,0.5,1
0.44234246,0.825321257,0.667755961,0,0,1,1,0,0,1.0,2
0.193774194,0.258716702,0.744866669,1,0,0,0,1,0,0.5,0
0.796065092,0.742447734,0.262749583,0,1,0,0,0,1,1.0,0
0.165951073,0.387517422,0.520332694,0,1,0,0,1,0,0.0,2
0.229867071,0.683502495,0.736577928,1,0,0,0,1,0,0.5,2
0.250944495,0.165920645,0.497275829,0,0,1,0,0,1,1.0,2
0.57904613,0.720307231,0.0885463953,0,0,1,1,0,0,0.5,0
0.797703803,0.973502338,0.740864217,1,0,0,0,1,0,0.0,1
0.348599136,0.091420345,0.219564393,0,0,1,0,1,0,0.5,1
0.130436316,0.139137462,0.0976976678,0,1,0,0,0,1,0.5,1
0.49131155,0.167454928,0.478057951,0,0,1,0,0,1,1.0,1
0.760704756,0.459035724,0.0746090785,1,0,0,1,0,0,1.0,1
0.260580659,0.326241165,0.629443645,1,0,0,0,1,0,0.0,0
0.258928329,0.816574156,0.640473247,1,0,0,0,1,0,1.0,1
0.949865699,0.500097871,0.256701976,0,1,0,1,0,0,1.0,0
0.956446052,0.510310471,0.964534402,0,1,0,0,0,1,0.5,1
0.990942419,0.731186211,0.824451566,0,1,0,0,0,1,0.0,1
0.817276597,0.393870533,0.109586962,1,0,0,0,0,1,0.0,1
0.228774965,0.385546893,0.748512149,0,0,1,1,0,0,1.0,2
0.25138244,0.769080043,0.3530747,0,1,0,0,0,1,0.5,2
0.373213977,0.791039646,0.750288546,1,0,0,0,0,1,0.0,1
0.3522259,0.0636788309,0.80079478,1,0,0,1,0,0,0.0,1
0.958701372,0.186600953,0.15137805,0,1,0,0,1,0,0.5,0
0.799620271,0.252443284,0.661841989,0,0,1,0,1,0,1.0,0
0.737808347,0.384020448,0.862729967,0,1,0,1,0,0,1.0,1
0.226665065,0.326875687,0.323373616,0,0,1,0,0,1,1.0,2
0.914049268,0.685094059,0.0803283006,1,0,0,0,0,1,0.5,1
0.836476862,0.836728454,0.0272674803,1,0,0,0,1,0,0.5,0
0.205459744,0.232482627,0.110000961,1,0,0,0,0,1,0.0,2
0.877611816,0.584831059,0.0042059212,0,0,1,0,1,0,0.5,0
0.308635145,0.399425447,0.326945931,0,1,0,0,1,0,1.0,1
0.126826257,0.530488968,0.299328595,0,1,0,0,0,1,0.0,2
0.67398119,0.639719963,0.110341266,0,0,1,0,1,0,0.5,0
0.671114445,0.898919821,0.651117861,0,1,0,0,1,0,0.5,0
0.140185416,0.232678041,0.991906345,0,0,1,1,0,0,0.0,2
0.352909207,0.132656261,0.900926411,0,1,0,0,0,1,1.0,1
0.993173718,0.645851314,0.252850592,0,1,0,1,0,0,1.0,0
0.694505334,0.42442432,0.769981623,0,0,1,0,0,1,0.5,1
0.743571401,0.204757556,0.936863244,0,1,0,0,0,1,0.0,1
0.252271414,0.161232814,0.906364262,1,0,0,0,0,1,0.5,1
0.124842964,0.580964327,0.884549499,1,0,0,0,0,1,0.0,2
0.313056618,0.335447073,0.786450505,0,0,1,0,1,0,0.5,1
0.286453456,0.997555077,0.292991489,0,1,0,1,0,0,1.0,1
0.272816896,0.435605764,0.083563067,0,0,1,1,0,0,0.0,0
0.233116612,0.251672268,0.487819344,0,0,1,0,1,0,1.0,2
0.596017897,0.647406578,0.0547911339,0,1,0,1,0,0,1.0,0
0.3616983,0.282042146,0.998473704,1,0,0,1,0,0,0.0,2
0.829327762,0.519381762,0.358309686,1,0,0,0,0,1,0.0,1
0.224750042,0.508447349,0.95833993,0,1,0,0,0,1,0.5,2
0.491395712,0.480879754,0.773120999,1,0,0,0,0,1,0.0,1
0.0629749447,0.806281388,0.411290944,0,0,1,0,0,1,0.5,1
0.507598221,0.255782366,0.118311413,0,0,1,0,1,0,0.0,1
0.103046313,0.909091949,0.237193093,0,0,1,0,1,0,1.0,2
0.978837311,0.801773489,0.673044562,1,0,0,0,1,0,0.0,1
0.801062524,0.366466254,0.829935193,0,1,0,1,0,0,0.0,1
0.515605927,0.221572384,0.97944051,0,1,0,0,0,1,0.5,1
0.132257983,0.315558285,0.132162184,0,0,1,1,0,0,0.5,1
0.612823188,0.366004437,0.155947343,0,0,1,0,0,1,1.0,2
0.770825565,0.579086483,0.0424394757,0,0,1,0,0,1,0.0,2
0.231181383,0.0940497592,0.260364532,1,0,0,1,0,0,0.5,2
0.589797914,0.91864115,0.821067452,0,1,0,1,0,0,0.0,0
0.823500335,0.143741116,0.19825685,0,1,0,1,0,0,1.0,2
0.779835403,0.315309733,0.547864735,1,0,0,0,1,0,0.5,2
0.812842429,0.153823063,0.446407199,0,1,0,1,0,0,1.0,2
0.885357261,0.293839186,0.325826228,0,0,1,0,1,0,0.5,0
0.940797985,0.845790148,0.618346393,0,1,0,1,0,0,0.0,0
0.435245097,0.634416997,0.502325773,0,1,0,0,1,0,0.5,2
0.59033066,0.265957057,0.334763169,1,0,0,1,0,0,1.0,1
0.80112654,0.878170609,0.68885088,0,1,0,0,1,0,0.5,1
0.712282836,0.810676455,0.279968202,0,0,1,1,0,0,0.0,0
0.995744228,0.765966833,0.643183351,1,0,0,0,0,1,0.0,1
0.0629937649,0.855251074,0.957245886,1,0,0,1,0,0,1.0,2
0.387376547,0.638667226,0.728951991,1,0,0,1,0,0,1.0,1
0.316976517,0.526365519,0.418399572,0,0,1,0,0,1,0.5,1
0.299200058,0.405238271,0.747559309,0,1,0,0,0,1,0.0,1
0.261403292,0.262575805,0.809241831,1,0,0,0,1,0,0.0,1
0.723667622,0.579541087,0.325840473,0,0,1,0,0,1,0.5,1
0.130521506,0.895017743,0.705132186,0,0,1,0,1,0,0.5,0
0.754528403,0.614282727,0.434396207,0,0,1,1,0,0,1.0,2
0.708754539,0.923626542,0.818522453,0,1,0,0,0,1,1.0,2
0.288263917,0.389071494,0.295377582,0,0,1,0,1,0,0.5,0
0.290192097,0.710381091,0.937759697,0,1,0,1,0,0,0.5,0
0.647417545,0.666232228,0.574786961,1,0,0,0,1,0,0.5,0
0.774062574,0.686912179,0.353303313,1,0,0,1,0,0,0.0,1
0.882661343,0.662789941,0.419371277,0,1,0,0,1,0,1.0,0
0.859532595,0.260571927,0.347798616,0,0,1,1,0,0,1.0,1
0.966638863,0.186411351,0.146246329,1,0,0,1,0,0,0.0,1
0.602315664,0.97969687,0.0684923977,0,1,0,0,1,0,1.0,2
0.91322279,0.0930303708,0.321778685,0,0,1,1,0,0,0.5,1
0.818087637,0.494349658,0.458690435,1,0,0,0,1,0,0.0,1
0.899934232,0.453826308,0.361816943,0,1,0,1,0,0,0.5,2
0.0610452704,0.39201802,0.0139195034,0,0,1,0,0,1,1.0,2
0.967607856,0.792884648,0.579006255,0,0,1,0,0,1,0.0,2
0.499853641,0.758082747,0.144816473,0,0,1,0,1,0,1.0,1
0.808273852,0.909963667,0.211005285,0,1,0,0,0,1,0.5,1
0.170843914,0.425713152,0.120748535,0,1,0,0,0,1,0.5,2
0.426144034,0.585970581,0.520432711,0,0,1,1,0,0,1.0,2
0.307887644,0.897691667,0.0951592922,0,0,1,0,0,1,0.0,1
0.327075839,0.994155645,0.256357253,0,0,1,0,1,0,0.0,1
0.167092845,0.970829666,0.451708704,0,0,1,0,1,0,0.0,2
0.815475643,0.731951654,0.167708889,0,0,1,1,0,0,0.5,0
0.0587801971,0.18606618,0.446241349,0,0,1,0,0,1,1.0,1
0.346880198,0.0720267147,0.342735112,1,0,0,1,0,0,0.0,1
0.215690017,0.833957434,0.860597193,0,0,1,0,0,1,0.0,2
0.609587014,0.848894894,0.794903219,0,1,0,0,0,1,0.0,1
0.291539788,0.759042859,0.992854595,0,1,0,0,0,1,0.0,1
0.296048522,0.315927297,0.52891171,0,1,0,1,0,0,0.0,2
0.513921261,0.65782696,0.575397074,0,1,0,1,0,0,1.0,2
0.670054615,0.350436032,0.946645856,1,0,0,0,0,1,0.5,0
0.165239468,0.478115827,0.399592221,1,0,0,0,1,0,1.0,2
0.216735885,0.413313329,0.555682659,0,1,0,0,0,1,0.5,2
0.284815997,0.917958081,0.379085481,0,1,0,0,1,0,0.5,1
0.975060821,0.272449464,0.545860708,0,1,0,0,0,1,1.0,2
0.42729488,0.598730385,0.080766432,0,1,0,0,0,1,0.5,0
0.619040608,0.392932445,0.783794105,0,1,0,0,1,0,0.5,1
0.279465675,0.679917574,0.985279918,1,0,0,0,1,0,0.5,1
0.515936553,0.586335003,0.0657403991,1,0,0,1,0,0,0.5,1
0.120413214,0.92777878,0.801039755,1,0,0,0,1,0,0.0,2
0.0830050409,0.146531537,0.241734803,0,0,1,0,0,1,1.0,2
0.495296836,0.259608805,0.197547048,0,1,0,1,0,0,1.0,0
0.428726315,0.778030574,0.693370402,0,1,0,0,0,1,0.0,2
0.180036306,0.400347501,0.0441322476,0,0,1,1,0,0,0.0,2
0.703221381,0.207494602,0.463239342,0,1,0,0,0,1,0.0,1
0.993258297,0.528155208,0.00144446595,0,0,1,0,1,0,1.0,0
0.425864488,0.669534981,0.554394007,0,0,1,0,0,1,0.0,0
0.643330693,0.0925853774,0.462081671,0,0,1,0,0,1,1.0,2
0.96482712,0.327040792,0.915482581,0,0,1,1,0,0,0.0,1
0.839958251,0.818951428,0.720271885,0,1,0,0,1,0,1.0,1
0.490374625,0.544232309,0.126006171,0,0,1,0,1,0,0.5,0
0.750615001,0.0836102515,0.354539961,0,1,0,0,0,1,0.0,2
0.171728283,0.317853451,0.931579769,0,0,1,0,0,1,0.5,2
0.536498666,0.657183647,0.725334167,1,0,0,1,0,0,0.0,1
0.315107256,0.239391491,0.594275117,0,1,0,1,0,0,1.0,1
0.203105509,0.836021841,0.5590716,0,0,1,0,1,0,0.5,2
0.454966873,0.692747116,0.398098469,0,0,1,0,1,0,0.5,0
0.174463823,0.497810096,0.585201442,0,0,1,1,0,0,0.5,1
0.714035869,0.919842601,0.771664441,1,0,0,1,0,0,0.0,1
0.483428031,0.422210723,0.127537683,0,1,0,0,0,1,0.0,0
0.554587424,0.273319751,0.969830632,1,0,0,0,0,1,0.0,1
0.189057142,0.678332865,0.239364862,1,0,0,1,0,0,0.5,2
0.182783082,0.59463042,0.447742671,1,0,0,1,0,0,1.0,2
0.604244649,0.36848551,0.0227156244,0,1,0,1,0,0,0.5,0
0.985759258,0.376481324,0.550345898,1,0,0,0,0,1,0.5,2
0.141438052,0.428299785,0.381866843,0,1,0,0,1,0,1.0,2
0.321444869,0.326581627,0.249755874,0,1,0,1,0,0,1.0,0
0.875986159,0.724729359,0.985524237,0,0,1,0,0,1,0.5,1
0.118658409,0.66879046,0.428141147,1,0,0,0,1,0,0.5,2
0.882091463,0.468738765,0.414296359,1,0,0,1,0,0,1.0,1
0.548071682,0.427961946,0.463103265,1,0,0,0,1,0,0.5,0
0.437853426,0.3967987,0.116153777,0,1,0,0,0,1,0.5,0
0.344196528,0.3192949,0.393096119,0,1,0,0,0,1,1.0,0
0.332261294,0.131411836,0.336404264,0,1,0,1,0,0,0.0,1
0.340512455,0.304794461,0.465124458,1,0,0,0,1,0,0.5,0
0.890562952,0.355141282,0.856621146,0,1,0,0,1,0,0.5,1
0.737605453,0.570299804,0.192785397,0,1,0,0,1,0,0.0,1
0.686236858,0.785099089,0.607739329,0,1,0,0,1,0,1.0,0
0.808811665,0.425917029,0.0376370884,0,0,1,0,0,1,0.0,1
0.294258922,0.947519064,0.316792488,0,1,0,0,1,0,0.5,0
0.637140691,0.835982442,0.472657621,1,0,0,1,0,0,0.0,1
0.487062931,0.985561728,0.0742791519,0,1,0,0,0,1,1.0,0
0.793319583,0.882392883,0.543967962,0,0,1,1,0,0,0.5,0
0.343793303,0.635889649,0.310325623,0,1,0,0,1,0,0.0,2
0.661019683,0.618555307,0.992810011,0,1,0,0,1,0,0.5,1
0.888101816,0.173049822,0.630969524,0,0,1,0,0,1,1.0,1
0.432042956,0.736279309,0.244175196,1,0,0,0,1,0,0.0,0
0.11329098,0.620196521,0.102673247,0,0,1,1,0,0,1.0,1
0.540248275,0.531585515,0.0407197811,0,1,0,0,0,1,0.5,0
0.378673851,0.708622515,0.0907732621,0,1,0,0,1,0,0.5,2
0.68861413,0.471845448,0.680059552,0,1,0,1,0,0,1.0,0
0.953481257,0.547666669,0.85499227,0,1,0,0,1,0,0.5,1
0.511327922,0.4284347,0.156733111,1,0,0,0,1,0,1.0,1
0.492880732,0.731502354,0.402134448,0,1,0,0,1,0,1.0,0
0.671855569,0.882780433,0.354235351,0,1,0,0,1,0,1.0,0
0.148322627,0.848802686,0.644518077,0,0,1,1,0,0,0.5,2
0.29083088,0.796724021,0.18267788,1,0,0,0,0,1,1.0,0
0.923030376,0.0630983189,0.953319311,0,0,1,1,0,0,0.5,2
0.686445475,0.916286469,0.728556395,0,1,0,1,0,0,1.0,1
0.0627718419,0.311131924,0.955071867,0,1,0,0,0,1,0.5,0
0.244394198,0.893575251,0.277369231,0,1,0,0,0,1,0.0,2
0.698695421,0.237119704,0.587715626,1,0,0,0,1,0,1.0,2
0.776179254,0.467663467,0.732267916,0,1,0,0,1,0,0.0,1
0.847866595,0.761928856,0.710956216,0,0,1,1,0,0,0.0,1
0.327567965,0.658264995,0.0213460997,0,0,1,0,1,0,1.0,2
0.93447715,0.445125848,0.998289168,1,0,0,0,0,1,0.0,1
0.575299561,0.694692671,0.928059995,0,1,0,0,0,1,0.0,1
0.711712062,0.57150203,0.119752079,0,1,0,0,1,0,1.0,2
0.616901934,0.311949492,0.543566763,0,1,0,1,0,0,0.0,0
0.166603059,0.664012969,0.31455645,1,0,0,0,1,0,1.0,0
0.964958906,0.244034737,0.878894031,1,0,0,0,0,1,1.0,1
0.166731805,0.709288895,0.69751966,0,1,0,0,0,1,0.0,2
0.292137861,0.0529553331,0.22351715,0,0,1,1,0,0,1.0,2
0.822946489,0.571333885,0.0338611454,1,0,0,0,0,1,0.0,1
0.63766712,0.43101424,0.291741788,1,0,0,1,0,0,1.0,2
0.846241713,0.337948591,0.038137272,0,0,1,1,0,0,1.0,1
0.539949358,0.539922595,0.141310707,0,0,1,0,1,0,1.0,0
0.40814358,0.663046062,0.636138022,0,1,0,0,1,0,0.0,0
0.925753236,0.967046678,0.745085061,0,1,0,1,0,0,0.5,1
0.0844397023,0.841411293,0.468016893,0,1,0,0,1,0,0.0,1
0.863323689,0.731292367,0.600287855,0,1,0,0,0,1,1.0,1
0.269276887,0.505018592,0.155885041,1,0,0,1,0,0,0.0,2
0.85629952,0.42253691,0.31679517,0,0,1,1,0,0,1.0,0
0.182236776,0.0809031725,0.71288383,0,1,0,0,1,0,0.5,2
0.601208031,0.39114207,0.364891112,0,0,1,1,0,0,0.5,0
0.893702507,0.855958283,0.348811209,0,1,0,1,0,0,0.0,1
0.499862671,0.414823353,0.19399263,0,0,1,1,0,0,0.0,0
0.759238362,0.488505751,0.594824851,0,1,0,0,1,0,0.5,0
0.814438045,0.308242708,0.809538603,0,0,1,1,0,0,0.0,1
0.749669492,0.310426116,0.46944502,0,1,0,1,0,0,1.0,0
0.929063261,0.108778171,0.115539253,1,0,0,1,0,0,1.0,1
0.47449252,0.633113742,0.838367403,0,1,0,0,1,0,0.0,1
0.214469165,0.475665927,0.0713971034,0,0,1,1,0,0,0.5,2
0.0954205096,0.625662744,0.471727371,0,1,0,1,0,0,1.0,2
0.284136862,0.569542527,0.261077344,1,0,0,0,1,0,1.0,1
0.18603763,0.808902383,0.936318159,1,0,0,1,0,0,1.0,2
0.580051303,0.763461292,0.737543225,0,1,0,1,0,0,1.0,1
0.225698069,0.782881141,0.566408992,0,0,1,1,0,0,0.5,2
0.0869870186,0.524277031,0.667755425,0,0,1,1,0,0,1.0,2
0.0841903389,0.386187285,0.532727242,0,0,1,1,0,0,0.5,2
0.839991033,0.936764777,0.147600949,0,0,1,0,0,1,0.5,0
0.611877441,0.101556286,0.709098697,1,0,0,1,0,0,0.5,1
0.390181035,0.194990247,0.492673963,1,0,0,0,0,1,1.0,2
0.899516642,0.448619127,0.634309292,0,1,0,0,0,1,1.0,0
0.116686784,0.633259773,0.0452016629,0,0,1,0,0,1,0.5,2
0.981305957,0.0577903576,0.142034799,0,1,0,0,0,1,1.0,0
0.635477185,0.733356655,0.589370489,1,0,0,0,0,1,1.0,1
0.224291041,0.580790222,0.459428906,0,1,0,0,1,0,1.0,2
0.695115626,0.510467649,0.226873666,0,1,0,0,1,0,0.5,1
0.775212169,0.452320278,0.240760922,0,0,1,0,1,0,0.5,0
0.457875639,0.543512702,0.631658316,1,0,0,0,0,1,1.0,2
0.868550956,0.203696445,0.0589670278,1,0,0,1,0,0,1.0,1
0.19319579,0.153276145,0.434258342,0,1,0,1,0,0,0.5,1
0.314895719,0.325155616,0.523103476,1,0,0,1,0,0,0.0,1
0.138817742,0.724029541,0.308142602,0,0,1,1,0,0,0.5,2
0.250333935,0.608873487,0.820549846,0,1,0,0,1,0,1.0,1
0.276792377,0.506116867,0.0567695834,1,0,0,0,0,1,0.0,1
0.921751559,0.59294492,0.865782797,0,0,1,0,1,0,1.0,1
0.124204203,0.581295133,0.723262966,1,0,0,1,0,0,0.5,0
0.456044376,0.341689825,0.446254373,0,0,1,0,0,1,1.0,1
0.555778742,0.142583147,0.924467385,0,1,0,1,0,0,0.0,1
0.903758407,0.901943266,0.702238321,0,0,1,0,1,0,1.0,0
0.997811437,0.619915724,0.931045353,1,0,0,0,1,0,0.5,2
0.765718699,0.712860584,0.472589791,0,1,0,0,1,0,0.5,2
0.972251415,0.490797371,0.452973098,1,0,0,1,0,0,0.5,1
0.797746062,0.768656552,0.530742645,0,1,0,0,0,1,0.5,2
0.965042531,0.605272412,0.0654267073,1,0,0,0,0,1,0.0,1
0.721907198,0.101111069,0.908494234,0,1,0,0,1,0,1.0,1
0.125775248,0.895592213,0.66771704,0,1,0,0,0,1,1.0,2
0.431824178,0.340259343,0.617585659,0,0,1,1,0,0,0.0,2
0.664267421,0.180996239,0.926463544,0,1,0,0,0,1,1.0,1
0.383182585,0.133638963,0.993637204,0,1,0,1,0,0,0.0,1
0.309714735,0.734418273,0.163393393,0,0,1,0,1,0,0.0,2
0.598529279,0.718769968,0.748996973,0,1,0,0,1,0,0.0,1
0.936826766,0.715153992,0.579945147,1,0,0,0,1,0,0.0,0
0.0832327828,0.919965148,0.460997194,0,0,1,0,0,1,0.5,2
0.780769646,0.381495863,0.977612615,0,0,1,1,0,0,0.0,2
0.736590922,0.583076417,0.850263,0,1,0,0,1,0,0.0,1
0.965755761,0.638520777,0.696749985,0,0,1,1,0,0,0.5,1
0.93417567,0.980507731,0.382676154,1,0,0,0,1,0,0.0,0
0.774120927,0.346728832,0.666040778,0,1,0,1,0,0,0.0,1
0.544388354,0.958514631,0.531694114,0,1,0,0,1,0,0.5,0
0.244054168,0.191297621,0.249368444,0,1,0,1,0,0,0.0,2
0.567973912,0.775801361,0.450381309,1,0,0,1,0,0,1.0,1
0.77708441,0.651241601,0.212211967,1,0,0,1,0,0,0.0,1
0.900885761,0.826051235,0.500420272,1,0,0,0,0,1,0.5,2
0.80022639,0.0772512928,0.72023809,0,0,1,0,1,0,0.0,2
0.235503584,0.124224491,0.0366462246,0,0,1,1,0,0,0.0,2
0.619701982,0.11621099,0.765379727,0,1,0,0,0,1,0.5,1
0.365564793,0.61331147,0.0199939925,0,1,0,0,0,1,0.5,0
0.0587453842,0.622789264,0.517277718,0,1,0,0,0,1,1.0,2
0.240209892,0.910799623,0.573476732,0,0,1,1,0,0,1.0,2
0.157559618,0.494223326,0.761243463,1,0,0,1,0,0,1.0,2
0.850583196,0.114646599,0.761028826,1,0,0,0,0,1,1.0,1
0.295580953,0.249052927,0.417455435,0,1,0,0,1,0,0.5,0
0.320463061,0.0576694384,0.0663725138,1,0,0,1,0,0,1.0,1
0.961939752,0.787878811,0.693500161,0,0,1,1,0,0,1.0,0
0.410132378,0.824819446,0.51098603,1,0,0,0,1,0,0.5,2
0.0591063574,0.998043418,0.333058447,0,1,0,1,0,0,0.0,2
0.319653839,0.441584736,0.234873787,0,1,0,0,1,0,0.0,2
0.163334608,0.0683334544,0.119758211,1,0,0,0,1,0,0.0,2
0.147668138,0.272993386,0.295142502,0,1,0,1,0,0,0.0,1
0.123612925,0.608380437,0.458489627,0,1,0,0,0,1,0.0,2
0.613596499,0.963845789,0.477609158,0,0,1,1,0,0,0.5,0
0.229880333,0.148399621,0.582738936,0,0,1,0,0,1,1.0,2
0.393180668,0.165494367,0.36246857,1,0,0,1,0,0,1.0,1
0.86891681,0.71667105,0.919897854,0,1,0,0,0,1,1.0,1
0.453121245,0.683846712,0.495869607,1,0,0,0,1,0,0.0,0
0.919906795,0.287981033,0.423725039,0,0,1,0,0,1,0.5,2
0.523041129,0.822487533,0.04816797,0,0,1,0,0,1,0.0,0
0.428894788,0.172339812,0.599015057,0,0,1,1,0,0,0.5,1
0.762869477,0.929454744,0.602868915,1,0,0,0,1,0,0.5,0
0.119516343,0.240980327,0.583289623,0,0,1,0,0,1,0.0,1
0.135004461,0.12728475,0.887596905,0,1,0,0,0,1,0.5,2
0.669375002,0.372545987,0.762900829,0,0,1,1,0,0,0.0,1
0.512593687,0.228449225,0.867405593,1,0,0,0,1,0,1.0,1
0.800894499,0.550594151,0.0594225563,0,0,1,0,0,1,0.5,0
0.920457304,0.702504218,0.31812644,1,0,0,1,0,0,0.5,1
0.418948531,0.516375482,0.318711936,0,1,0,0,1,0,1.0,1
0.616589546,0.677576959,0.657045066,0,0,1,0,0,1,1.0,2
0.525661826,0.396674484,0.448615044,1,0,0,0,0,1,0.5,2
0.982530117,0.0765264705,0.777472615,0,1,0,0,0,1,1.0,0
0.83953017,0.97536093,0.384430557,0,1,0,0,0,1,1.0,2
0.916150808,0.828442812,0.221607581,0,0,1,0,0,1,0.5,1
0.291623086,0.119747885,0.290951073,0,1,0,0,1,0,0.0,0
0.783900082,0.476717561,0.182469726,0,1,0,0,0,1,0.5,0
0.302199572,0.653268099,0.197892696,1,0,0,0,0,1,0.5,2
0.24830541,0.231064558,0.216838911,1,0,0,0,0,1,0.0,2
0.947052836,0.599089205,0.0160947107,1,0,0,0,0,1,1.0,1
0.0683391988,0.556966186,0.716088057,0,0,1,1,0,0,0.5,0
0.967119277,0.247851923,0.399602354,0,1,0,0,1,0,1.0,2
0.191798806,0.184149787,0.0226713326,0,0,1,0,1,0,1.0,2
0.828466177,0.771014154,0.370007545,0,0,1,0,1,0,0.0,0
0.312126428,0.356457114,0.905368149,1,0,0,0,0,1,0.5,1
0.383167207,0.281838506,0.511244297,0,1,0,0,1,0,0.0,1
0.255919814,0.75098443,0.986752033,0,0,1,0,0,1,0.0,2
0.606238365,0.749265254,0.539959431,0,0,1,0,0,1,0.0,2
0.380690783,0.312581569,0.962799013,0,0,1,1,0,0,0.5,1
0.674523413,0.878940046,0.201800734,0,0,1,0,0,1,0.5,1
0.0648649484,0.703837633,0.289934814,1,0,0,0,1,0,0.0,0
0.111156136,0.378475994,0.699970126,0,0,1,0,0,1,0.5,2
0.144678101,0.456115156,0.986821592,1,0,0,0,1,0,0.5,1
0.448044002,0.740374207,0.825297415,0,1,0,0,0,1,1.0,0
0.824056387,0.251004636,0.553705275,0,0,1,1,0,0,1.0,2
0.893769026,0.495322764,0.0851526111,1,0,0,0,0,1,0.0,2
0.282570213,0.670880437,0.364379108,1,0,0,0,1,0,0.0,2
0.595651209,0.562523603,0.0864256993,0,0,1,1,0,0,1.0,2
0.779946744,0.627911925,0.311281353,1,0,0,0,0,1,1.0,2
0.324387968,0.568901896,0.258792102,0,0,1,1,0,0,1.0,1
0.438557357,0.239266068,0.388555288,1,0,0,0,0,1,0.5,1
0.547775507,0.43969509,0.837276578,1,0,0,1,0,0,1.0,1
0.178131104,0.555386245,0.150376678,0,1,0,0,0,1,0.0,2
0.0746831819,0.791059613,0.30606395,0,0,1,0,1,0,1.0,2
0.195165515,0.671209037,0.26111725,0,1,0,0,0,1,1.0,2
0.645510912,0.455261409,0.296141654,1,0,0,0,1,0,1.0,2
0.119937345,0.975679815,0.360623479,0,0,1,0,0,1,0.0,2
0.230211541,0.152405739,0.24431175,0,1,0,0,0,1,0.0,2
0.370961189,0.246464625,0.942581296,0,0,1,0,1,0,0.0,1
0.123976558,0.374246985,0.420101702,0,0,1,0,1,0,0.0,2
0.232114315,0.267143488,0.114113264,0,1,0,0,1,0,1.0,2
0.915706277,0.644169927,0.467658609,0,1,0,0,1,0,0.0,2
0.0683341771,0.087573193,0.184431896,0,1,0,0,0,1,1.0,2
0.670760334,0.218564942,0.216130644,1,0,0,0,0,1,1.0,2
0.415188491,0.328679889,0.285041422,0,1,0,0,0,1,0.5,2
0.689016283,0.699178457,0.124759853,0,1,0,0,1,0,0.0,0
0.609257162,0.882071614,0.721118927,1,0,0,0,0,1,0.0,1
0.262323827,0.808567166,0.791946471,0,1,0,0,0,1,0.5,1
0.854849041,0.222976893,0.394284934,0,0,1,1,0,0,1.0,0
0.517343342,0.587135494,0.68899256,0,0,1,1,0,0,0.0,1
0.831409216,0.0785215124,0.388954282,0,0,1,0,1,0,1.0,1
0.43571192,0.345009923,0.164077327,1,0,0,0,1,0,0.5,0
0.985451281,0.815684617,0.39716807,0,1,0,1,0,0,0.0,2
0.781964898,0.483832419,0.556987405,0,0,1,0,0,1,1.0,2
0.967652678,0.19244425,0.0409943126,1,0,0,0,0,1,1.0,1
0.53861016,0.46662572,0.654484391,1,0,0,0,1,0,0.5,2
0.500006557,0.238131285,0.742607951,1,0,0,0,0,1,1.0,2
0.767681122,0.42353189,0.859970272,1,0,0,0,0,1,0.5,1
0.886276722,0.513441801,0.102770559,1,0,0,1,0,0,0.5,1
0.965938509,0.382080197,9.35938588e-05,0,0,1,1,0,0,0.5,0
0.358324319,0.940120518,0.0732663721,1,0,0,0,1,0,0.0,1
0.808769345,0.584403753,0.92411679,0,1,0,0,1,0,0.5,1
0.250113308,0.850748062,0.765555739,0,0,1,1,0,0,0.0,1
0.568295658,0.772692144,0.835435629,1,0,0,0,0,1,1.0,1
0.220855743,0.678107977,0.517013788,0,0,1,1,0,0,0.0,1
0.380027503,0.522044301,0.526719868,0,0,1,1,0,0,1.0,2
0.934790432,0.0520650931,0.298505604,0,1,0,0,1,0,0.5,2
0.188786164,0.632794201,0.842753053,1,0,0,0,0,1,0.0,2
0.650780857,0.388159573,0.829769611,0,1,0,0,1,0,0.0,0
0.613306582,0.161874056,0.392171353,1,0,0,0,1,0,0.0,0
0.164701432,0.472394943,0.329267085,1,0,0,1,0,0,0.5,2
0.359680086,0.748775661,0.73837328,0,0,1,1,0,0,0.5,1
0.58483243,0.9635939,0.0261681378,1,0,0,0,1,0,0.0,2
0.227819681,0.40539965,0.859948874,0,0,1,1,0,0,0.5,2
0.810592473,0.565587163,0.446247995,0,1,0,1,0,0,0.5,2
0.97354871,0.858682156,0.441344261,1,0,0,0,0,1,0.0,2
0.254021436,0.367299438,0.669077873,1,0,0,0,0,1,0.5,2
0.227566361,0.18514438,0.645749331,0,1,0,0,1,0,1.0,2
0.482188314,0.317787737,0.265974075,0,1,0,0,0,1,0.0,2
0.76037699,0.904166698,0.943278611,0,0,1,0,1,0,0.5,1
0.317520589,0.201423451,0.986329973,0,1,0,0,0,1,1.0,0
0.068885915,0.362760007,0.525988996,1,0,0,1,0,0,0.0,0
0.564159572,0.491408288,0.561380804,0,0,1,1,0,0,1.0,0
0.958770514,0.854757547,0.554317951,0,1,0,0,1,0,0.5,2
0.421713024,0.940827608,0.485787421,1,0,0,0,0,1,1.0,0
0.449127823,0.454519808,0.945187032,1,0,0,1,0,0,1.0,1
0.97045666,0.935356319,0.244752452,1,0,0,0,1,0,0.0,2
0.709877253,0.203386143,0.107958175,0,1,0,0,0,1,0.0,2
0.733213305,0.199009672,0.92954731,0,0,1,1,0,0,1.0,0
0.584566891,0.951788306,0.21303831,0,1,0,0,0,1,1.0,2
0.975878775,0.534196138,0.749155343,0,0,1,0,1,0,1.0,1
0.704423189,0.226612449,0.203873307,0,1,0,0,1,0,0.5,1
0.900281131,0.513590872,0.960186005,1,0,0,0,1,0,0.5,1
0.714409947,0.794050574,0.791121781,0,1,0,1,0,0,0.5,1
0.748360038,0.835574329,0.918718159,0,0,1,0,1,0,0.0,1
0.325890362,0.870770812,0.950984836,0,1,0,0,0,1,0.0,1
0.338304758,0.591092348,0.0844243839,0,0,1,1,0,0,0.0,2
0.793835402,0.873598695,0.433388859,0,1,0,0,1,0,0.0,1
0.331870973,0.534528673,0.648100317,0,0,1,0,1,0,1.0,2
0.584631562,0.626706898,0.802456081,1,0,0,1,0,0,0.0,2
0.286884695,0.770783842,0.241471738,1,0,0,0,1,0,0.0,2
0.826134205,0.454163522,0.914604843,0,0,1,0,0,1,1.0,1
0.154976279,0.11990241,0.220976323,1,0,0,1,0,0,1.0,2
0.83797431,0.382658035,0.866176426,0,0,1,0,0,1,0.5,2
0.622593284,0.642746985,0.512712598,0,0,1,0,0,1,1.0,1
0.227564052,0.232715756,0.515422165,1,0,0,0,1,0,1.0,1
0.564933598,0.1909661,0.374005616,0,1,0,1,0,0,0.0,0
0.318373889,0.32842651,0.103505231,0,0,1,0,1,0,1.0,1
0.357293963,0.0805058926,0.347090065,0,1,0,0,0,1,0.5,2
0.383951634,0.756251752,0.426736712,0,1,0,0,1,0,1.0,1
0.110153288,0.295779824,0.479021043,1,0,0,0,1,0,0.5,2
0.98666358,0.168026477,0.739095271,0,0,1,0,0,1,0.0,1
0.079957895,0.714172959,0.352070123,0,1,0,0,1,0,1.0,0
0.679372013,0.85078162,0.406592846,0,1,0,0,0,1,0.5,2
0.402666271,0.0688818172,0.906098604,1,0,0,1,0,0,0.5,1
0.66370976,0.271919787,0.752567291,1,0,0,0,0,1,0.0,1
0.388435841,0.947970688,0.0228557698,0,1,0,1,0,0,1.0,1
0.690063119,0.415991426,0.812088728,0,1,0,0,0,1,0.0,1
0.742773712,0.941662431,0.989943922,1,0,0,0,0,1,0.5,2
0.706025004,0.310501903,0.939767718,1,0,0,0,1,0,0.0,1
0.158263877,0.25716424,0.835955918,1,0,0,1,0,0,0.5,2
0.674048603,0.253402978,0.629173756,0,0,1,0,0,1,1.0,1
0.315988183,0.13096723,0.278192133,1,0,0,0,1,0,0.5,1
0.0773613006,0.901610672,0.654430628,1,0,0,0,1,0,1.0,2
0.444089144,0.980843246,0.695592463,1,0,0,1,0,0,0.5,1
0.461865962,0.956783354,0.281558156,0,0,1,0,1,0,0.0,1
0.493815422,0.859426737,0.255329639,0,0,1,0,1,0,0.0,1
0.719582975,0.854543507,0.39692387,1,0,0,0,0,1,0.5,1
0.343401611,0.678031206,0.641146958,1,0,0,1,0,0,0.5,0
0.349516481,0.834903002,0.29306227,0,0,1,1,0,0,0.0,1
0.107524641,0.247925252,0.555666506,0,0,1,1,0,0,0.0,2
0.702480137,0.418516994,0.899237394,0,1,0,1,0,0,0.5,1
0.589434803,0.658794463,0.295100331,0,0,1,0,1,0,0.5,1
0.381953865,0.881032765,0.965973735,0,0,1,1,0,0,0.0,2
0.719929516,0.677446008,0.473347992,1,0,0,0,1,0,1.0,1
0.560489833,0.847070873,0.100908339,1,0,0,0,1,0,1.0,0
0.495782703,0.500252068,0.0550393946,1,0,0,0,1,0,1.0,0
0.535758317,0.731438577,0.338674515,0,0,1,0,1,0,1.0,2
0.654530704,0.980981767,0.258758962,0,1,0,1,0,0,0.0,0
0.67700249,0.195814133,0.843713343,1,0,0,0,1,0,0.5,2
0.324509919,0.930574656,0.737638414,0,1,0,0,0,1,1.0,1
0.183706194,0.546245754,0.88454628,0,1,0,0,0,1,0.0,2
0.198802471,0.661057115,0.589253485,0,0,1,0,0,1,1.0,2
0.65742135,0.883975565,0.435457259,0,0,1,0,0,1,0.5,1
0.879229605,0.439171463,0.270567924,1,0,0,0,1,0,0.0,2
0.439021468,0.447757959,0.583108842,0,0,1,0,0,1,0.5,1
0.211044148,0.550822735,0.618024766,0,1,0,0,0,1,0.5,1
0.768772364,0.0681469813,0.392947555,0,0,1,0,1,0,0.0,0
0.840865016,0.521832883,0.93659544,0,0,1,1,0,0,0.5,2
0.886553347,0.3265329,0.639954567,0,1,0,1,0,0,0.5,0
0.626489878,0.931556463,0.837481201,0,0,1,1,0,0,1.0,1
0.867692113,0.133348539,0.620390773,0,0,1,1,0,0,0.5,1
0.06464421,0.48635444,0.316536784,1,0,0,0,1,0,0.5,0
0.151874006,0.950094759,0.736619174,0,1,0,0,1,0,0.5,2
0.137947261,0.905983508,0.230254531,0,0,1,1,0,0,1.0,2
0.726974428,0.716280997,0.596609354,0,1,0,0,0,1,0.5,1
0.116102695,0.609893024,0.40236634,0,0,1,0,1,0,0.5,2
0.521546125,0.316694379,0.149884865,1,0,0,0,0,1,1.0,1
0.499071568,0.398609251,0.413240582,0,0,1,0,0,1,1.0,1
0.345168352,0.135628119,0.31028083,0,0,1,0,0,1,0.0,1
0.876884937,0.796802878,0.112222083,0,1,0,1,0,0,0.0,0
0.211911544,0.357676268,0.82382822,0,0,1,1,0,0,0.5,2
0.384839654,0.68439281,0.498582542,0,1,0,1,0,0,1.0,2
0.785462916,0.389715046,0.346356273,1,0,0,0,0,1,0.0,1
0.0789012015,0.491113931,0.504964232,0,1,0,0,0,1,0.0,2
0.689302862,0.577252328,0.75458312,0,0,1,0,1,0,1.0,1
0.825577855,0.81175977,0.0182953924,0,1,0,0,1,0,0.5,2
0.935654461,0.25059855,0.546751738,1,0,0,1,0,0,0.5,1
0.882481813,0.428827107,0.479150772,0,0,1,0,1,0,1.0,1
0.353414923,0.173577487,0.893070221,1,0,0,0,0,1,0.5,1
0.607045949,0.121972479,0.555971682,1,0,0,0,0,1,1.0,1
0.123428822,0.62444061,0.137322843,0,0,1,0,0,1,0.5,2
0.294976503,0.22963649,0.38868323,0,0,1,1,0,0,0.0,0
0.139511257,0.106809378,0.621069372,0,1,0,0,1,0,1.0,2
0.349427938,0.902243018,0.0459338054,0,0,1,0,0,1,0.5,0
0.881427824,0.55759871,0.884649098,0,1,0,1,0,0,0.5,1
0.379808486,0.177896798,0.0677823424,1,0,0,1,0,0,1.0,1
0.583803177,0.10075482,0.0305911284,0,1,0,0,1,0,0.5,0
0.461711794,0.163867056,0.00201557414,0,0,1,0,0,1,0.0,2
0.485970706,0.497770369,0.68374449,0,1,0,1,0,0,0.5,2
0.971093476,0.685041964,0.4559201,0,0,1,1,0,0,0.0,1
0.33134675,0.659216046,0.102817692,1,0,0,0,0,1,0.5,0
0.645958245,0.187201932,0.856208503,0,1,0,1,0,0,0.0,2
0.449059546,0.65181452,0.20272027,0,1,0,1,0,0,0.0,2
0.108088873,0.434622347,0.326324165,0,1,0,0,1,0,0.5,2
0.514864266,0.491506606,0.177721471,0,1,0,0,1,0,0.5,2
0.822676182,0.811358869,0.926756322,1,0,0,0,1,0,1.0,1
0.143815324,0.36587441,0.758066773,0,0,1,0,1,0,0.0,2
0.116112255,0.18964909,0.723953426,0,1,0,0,1,0,1.0,2
0.195949942,0.879780471,0.0439960286,1,0,0,0,0,1,0.5,2
0.776180089,0.251524061,0.522701681,0,0,1,1,0,0,1.0,2
0.737795591,0.329328388,0.575452447,1,0,0,0,0,1,0.0,0
0.586766899,0.721260548,0.382520854,0,1,0,0,0,1,0.0,1
0.494815081,0.699372828,0.321756244,0,1,0,0,1,0,1.0,2
0.893909514,0.810380042,0.851942837,1,0,0,0,0,1,0.0,1
0.77836293,0.224673316,0.0230165906,0,1,0,1,0,0,1.0,2
0.82134515,0.384665906,0.625354826,0,1,0,0,0,1,0.0,1
0.822599173,0.169589072,0.394246906,1,0,0,0,0,1,1.0,1
0.660581291,0.563987195,0.665950656,0,0,1,0,1,0,0.5,1
0.485113889,0.327942073,0.197917551,1,0,0,0,0,1,0.0,2
0.871443868,0.704488873,0.238659352,1,0,0,0,0,1,0.0,0
0.92970705,0.0503271483,0.586853802,0,1,0,0,1,0,0.0,1
0.0726157427,0.106698848,0.979938567,0,0,1,1,0,0,1.0,2
0.0989771262,0.460932285,0.974683583,0,1,0,0,1,0,0.0,2
0.960806131,0.960274935,0.248980984,1,0,0,0,1,0,0.5,1
0.313302577,0.896308839,0.102351032,0,0,1,0,0,1,0.5,1
0.879700959,0.994308591,0.590343237,0,0,1,0,1,0,0.0,2
0.419355363,0.445988715,0.419982612,0,1,0,0,1,0,0.5,0
0.16314505,0.0942400619,0.761686742,0,0,1,1,0,0,0.0,2
0.126421034,0.340658337,0.527983725,1,0,0,0,0,1,1.0,0
0.198682502,0.691982329,0.510586798,0,0,1,1,0,0,1.0,0
0.287398547,0.178405613,0.646459877,1,0,0,1,0,0,1.0,1
0.514092445,0.334973574,0.126418442,1,0,0,0,1,0,0.0,2
0.716423035,0.103357859,0.677161753,1,0,0,1,0,0,1.0,1
0.987078667,0.501218677,0.488519698,0,1,0,1,0,0,0.5,1
0.4694314,0.248474643,0.820147038,0,1,0,0,1,0,0.0,2
0.542275667,0.136685625,0.138706833,0,1,0,0,1,0,0.5,0
0.545724928,0.440655023,0.300747037,0,0,1,0,0,1,1.0,1
0.562462628,0.383664131,0.950246394,0,0,1,0,1,0,0.0,1
0.541853607,0.560641825,0.55307287,0,0,1,0,1,0,0.5,1
0.0583360158,0.761586726,0.929301023,0,1,0,0,1,0,0.5,2
0.0516385809,0.156940296,0.689035118,1,0,0,0,0,1,1.0,2
0.142783001,0.801569283,0.926431358,1,0,0,1,0,0,1.0,2
0.146478772,0.0749754831,0.317826271,0,1,0,0,1,0,0.5,2
0.719652057,0.470946819,0.0905337557,1,0,0,0,0,1,1.0,2
0.244670227,0.608058751,0.802241743,1,0,0,0,1,0,0.0,2
0.899978399,0.959148765,0.804468751,0,1,0,1,0,0,0.0,2
0.932175994,0.595226884,0.618826807,1,0,0,1,0,0,0.5,1
0.977098644,0.200811729,0.579570174,0,1,0,0,1,0,0.0,2
0.942127228,0.54166472,0.914908171,0,0,1,0,1,0,0.5,1
0.308293909,0.425994754,0.176498473,1,0,0,0,0,1,0.5,1
0.534287989,0.505387783,0.616537988,0,1,0,1,0,0,0.5,2
0.216682225,0.237242162,0.0497706123,0,0,1,0,1,0,0.5,2
0.815899193,0.525785685,0.140864938,1,0,0,0,1,0,1.0,0
0.894010127,0.19253777,0.43727234,0,0,1,0,1,0,0.0,1
0.858724415,0.756840944,0.821207345,1,0,0,0,1,0,0.0,1
0.461698592,0.614210963,0.73313272,0,0,1,0,0,1,1.0,1
0.770740211,0.124601305,0.97406441,0,0,1,0,0,1,1.0,1
0.14270021,0.895133734,0.044848647,1,0,0,1,0,0,1.0,2
0.0882325321,0.635560632,0.381352216,0,1,0,1,0,0,1.0,1
0.765574574,0.350301713,0.158790797,0,0,1,0,0,1,0.5,0
0.454087496,0.0933602825,0.0369612835,0,1,0,1,0,0,1.0,2
0.995771825,0.650615335,0.264397562,0,0,1,0,0,1,0.0,0
0.142391503,0.404768258,0.244471848,0,0,1,0,1,0,0.5,2
0.862846315,0.912237227,0.420027733,1,0,0,0,1,0,0.0,2
0.505983889,0.0831339434,0.140081212,0,0,1,0,0,1,0.0,1
0.835792661,0.0871473104,0.488567591,0,0,1,0,1,0,0.0,0
0.826270938,0.951834321,0.920098305,0,1,0,0,1,0,1.0,1
0.92019242,0.96663022,0.748188913,0,1,0,0,0,1,0.0,1
0.332957506,0.0763551146,0.842177331,0,1,0,0,1,0,0.0,1
0.95230937,0.730231583,0.804728568,1,0,0,1,0,0,0.0,1
0.194083616,0.260420114,0.389626324,0,1,0,0,1,0,1.0,1
0.127870336,0.716323137,0.70896101,1,0,0,1,0,0,0.0,2
0.460034728,0.875296175,0.754256248,1,0,0,0,0,1,1.0,1
0.836906791,0.145789906,0.205648109,0,1,0,1,0,0,0.5,1
0.499750078,0.27682811,0.860262394,0,0,1,0,1,0,0.0,1
0.837822318,0.0728737861,0.4577474,0,0,1,1,0,0,1.0,1
0.743202448,0.0916383564,0.016359739,0,1,0,0,1,0,0.5,0
0.248956963,0.0781369656,0.643384099,0,0,1,0,1,0,0.0,2
0.951437533,0.810648263,0.676763117,1,0,0,1,0,0,0.5,1
0.107742108,0.333378047,0.551762283,0,1,0,0,1,0,0.0,2
0.903365731,0.518550873,0.212415308,1,0,0,1,0,0,0.0,1
0.339221269,0.798452079,0.482278019,0,1,0,0,1,0,0.5,1
0.525140703,0.520196497,0.400127441,0,0,1,0,0,1,0.5,2
0.451234281,0.457736254,0.974686086,0,0,1,0,0,1,1.0,1
0.213242829,0.0609945469,0.824678421,1,0,0,1,0,0,0.0,0
0.390239537,0.589637518,0.76189959,0,0,1,1,0,0,0.5,1
0.233287722,0.168505922,0.18107371,0,0,1,0,0,1,1.0,2
0.243692145,0.776415825,0.331040025,1,0,0,0,0,1,0.0,2
0.227703989,0.294850826,0.379711837,1,0,0,0,0,1,0.0,0
0.514566541,0.690478027,0.492627531,1,0,0,0,0,1,0.5,1
0.808034778,0.663912356,0.0302245114,0,1,0,0,1,0,0.5,0
0.590521514,0.635841846,0.593009233,1,0,0,1,0,0,0.5,0
0.898546278,0.303604394,0.357856542,0,1,0,1,0,0,0.0,2
0.654717267,0.303735286,0.561677158,0,1,0,0,0,1,0.5,0
0.704873085,0.869895637,0.00897838455,0,1,0,1,0,0,0.5,0
0.684226871,0.0621669665,0.321433127,1,0,0,1,0,0,1.0,2
0.476986229,0.222446501,0.768666029,0,1,0,0,1,0,0.5,2
0.704871893,0.629662395,0.501081526,0,0,1,0,1,0,1.0,2
0.116222359,0.826193929,0.788887322,1,0,0,1,0,0,0.5,2
0.8668589,0.390428245,0.698960364,1,0,0,0,1,0,0.5,1
0.788921535,0.670771301,0.854920566,0,1,0,0,0,1,1.0,1
0.282968462,0.579298615,0.00744358869,1,0,0,1,0,0,0.0,1
0.77963084,0.111313097,0.261325479,0,1,0,0,1,0,0.0,2
0.0620104708,0.64066267,0.54880172,1,0,0,0,1,0,0.0,2
0.256384254,0.823208272,0.941018105,0,1,0,1,0,0,1.0,1
0.111880377,0.992825925,0.679790199,1,0,0,1,0,0,0.5,2
0.791215599,0.0781580657,0.456588775,1,0,0,0,0,1,1.0,2
0.768080473,0.67705524,0.130141333,0,1,0,0,1,0,0.0,1
0.822954237,0.443822086,0.493215352,0,0,1,1,0,0,1.0,1
0.054257609,0.059298493,0.441086978,1,0,0,0,1,0,1.0,2
0.526171088,0.633642912,0.778443277,0,0,1,0,1,0,0.0,2
0.719594359,0.166305929,0.413348645,0,0,1,0,1,0,0.5,2
0.197631076,0.409638494,0.31883809,1,0,0,0,1,0,0.5,2
0.667301178,0.298298746,0.0897196829,1,0,0,1,0,0,0.0,2
0.129904598,0.393105239,0.0465010628,0,1,0,1,0,0,0.5,0
0.222259566,0.518060803,0.439134419,0,1,0,0,0,1,0.0,2
0.502006948,0.391249061,0.346861988,0,0,1,1,0,0,0.5,0
0.670886874,0.575095296,0.555324197,0,1,0,0,1,0,0.0,0
0.18857567,0.276717216,0.711928427,0,1,0,0,0,1,1.0,2
0.225962162,0.653593659,0.0400068127,0,1,0,1,0,0,1.0,2
0.244224042,0.861074865,0.496217102,0,1,0,1,0,0,1.0,0
0.276765764,0.262863696,0.861971915,1,0,0,0,0,1,0.0,1
0.265226156,0.532483339,0.455166578,0,1,0,1,0,0,1.0,0
0.425391644,0.666255295,0.521242201,0,0,1,1,0,0,1.0,1
0.67110014,0.586394846,0.486791849,1,0,0,1,0,0,0.5,1
0.466130197,0.397366971,0.389792919,1,0,0,0,1,0,1.0,0
0.787175238,0.660089731,0.110119522,0,0,1,0,0,1,0.0,0
0.733305097,0.0768338963,0.126356214,1,0,0,0,0,1,0.0,0
0.170200571,0.401410908,0.179089248,1,0,0,0,1,0,1.0,2
0.0963995457,0.555981576,0.792564631,0,0,1,0,0,1,0.5,0
0.884044468,0.0695824996,0.275332302,0,1,0,1,0,0,1.0,1
0.125839517,0.532266378,0.948123753,1,0,0,0,1,0,0.0,0
0.190922216,0.67154175,0.810170174,0,1,0,0,1,0,1.0,1
0.0710266083,0.771247327,0.684540689,0,0,1,0,1,0,0.5,2
0.646919549,0.157705382,0.720393658,1,0,0,0,0,1,1.0,1
0.603252053,0.991036654,0.04763221,0,1,0,0,1,0,0.0,1
0.987558484,0.62585932,0.568389356,0,0,1,0,1,0,0.0,0
0.892585754,0.395034105,0.941056907,1,0,0,0,1,0,0.5,1
0.440301031,0.2866382,0.0391101837,1,0,0,0,0,1,0.5,0
0.403006554,0.59425199,0.291016519,0,1,0,0,0,1,0.5,0
0.332009435,0.887626052,0.0515114926,1,0,0,0,0,1,0.0,2
0.194786578,0.544537127,0.569741607,0,1,0,0,1,0,1.0,2
0.181179479,0.67839843,0.116200626,0,1,0,1,0,0,0.5,1
0.175669521,0.389811605,0.479250163,1,0,0,0,0,1,0.5,2
0.158409014,0.418744683,0.719949424,0,0,1,1,0,0,1.0,2
0.278486431,0.321866363,0.164438531,1,0,0,1,0,0,1.0,1
0.341335207,0.720355451,0.755364418,0,0,1,0,0,1,0.5,0
0.963500023,0.391228169,0.0602044612,0,1,0,0,0,1,1.0,1
0.599549592,0.231180578,0.149624482,0,1,0,1,0,0,0.5,1
0.988215983,0.400930554,0.280110359,1,0,0,0,0,1,0.5,1
0.403843611,0.86113584,0.796099067,1,0,0,1,0,0,0.5,1
0.484745294,0.751339436,0.850136876,1,0,0,1,0,0,1.0,1
0.358349741,0.367908806,0.220379815,0,1,0,0,1,0,0.5,0
0.223743275,0.911468506,0.0957838222,1,0,0,1,0,0,1.0,2
0.186006472,0.121091001,0.847953796,0,0,1,0,1,0,0.0,1
0.947825253,0.0972661003,0.649367452,0,0,1,0,1,0,1.0,2
0.98747015,0.171096832,0.157855436,0,1,0,0,0,1,1.0,0
0.0926640183,0.160632014,0.557716787,0,1,0,0,0,1,0.0,2
0.192828581,0.133442596,0.872371435,1,0,0,1,0,0,0.0,2
0.452347875,0.678275466,0.0695149451,1,0,0,0,0,1,0.5,0
0.227016807,0.620800257,0.0837212354,0,0,1,0,0,1,0.0,2
0.395686388,0.665225208,0.273607761,0,0,1,0,0,1,1.0,1
0.172641531,0.703947723,0.65226233,0,1,0,0,0,1,0.5,2
0.483686179,0.769035757,0.178008512,1,0,0,1,0,0,0.5,1
0.308109879,0.246818081,0.816367209,1,0,0,0,1,0,0.0,1
0.384309798,0.641188323,0.750430167,1,0,0,0,1,0,0.0,0
0.139597014,0.601046205,0.561004877,1,0,0,0,1,0,0.0,2
0.456721634,0.946476996,0.116067708,0,0,1,0,0,1,0.5,0
0.984094739,0.270749331,0.988219857,1,0,0,0,0,1,0.5,1
0.362391382,0.105786785,0.490033627,0,0,1,1,0,0,0.0,0
0.882607818,0.670820296,0.452073157,0,1,0,0,1,0,0.5,0
0.851039171,0.753164172,0.99556905,1,0,0,1,0,0,0.5,1
0.954455495,0.319036216,0.863868237,0,0,1,0,1,0,0.5,1
0.800604045,0.592306018,0.456367731,0,0,1,1,0,0,0.5,0
0.676616967,0.106559262,0.418802977,0,0,1,1,0,0,0.5,2
0.863755226,0.96204257,0.0959093794,1,0,0,1,0,0,1.0,1
0.121862449,0.15442872,0.926511765,0,0,1,0,1,0,0.5,2
0.489689112,0.114192009,0.843774855,0,0,1,0,0,1,0.0,2
0.98979342,0.0919046551,0.310002506,0,1,0,0,1,0,0.5,1
0.781120121,0.455908298,0.75332129,1,0,0,0,0,1,0.5,2
0.963971615,0.142301753,0.762729406,0,0,1,1,0,0,0.0,1
0.790652633,0.757415831,0.227910712,0,0,1,0,1,0,1.0,2
0.881137848,0.903930426,0.613655448,1,0,0,0,0,1,0.0,2
0.721203148,0.297207981,0.255028814,1,0,0,0,1,0,0.0,1
0.772476912,0.647334456,0.789886057,0,0,1,0,1,0,0.0,1
0.547019124,0.0902215242,0.153809696,1,0,0,0,1,0,0.5,0
0.928025842,0.417236239,0.668905973,1,0,0,1,0,0,0.5,1
0.833786964,0.328295022,0.326011717,1,0,0,0,0,1,0.5,1
0.85169071,0.267188132,0.0361820571,1,0,0,1,0,0,0.0,0
0.689358652,0.662487328,0.123704642,1,0,0,0,0,1,0.5,0
0.339350939,0.173716545,0.65489912,0,0,1,1,0,0,1.0,0
0.083848305,0.867675006,0.239914298,0,0,1,0,1,0,0.5,1
0.938872397,0.681594133,0.631035388,0,1,0,1,0,0,0.5,2
0.606814325,0.725198448,0.414822161,0,1,0,0,1,0,0.0,0
0.33323583,0.938577116,0.692713439,1,0,0,0,0,1,1.0,1
0.191678345,0.945254207,0.492948622,1,0,0,0,0,1,1.0,2
0.838047028,0.574069679,0.308547109,0,0,1,0,1,0,1.0,2
0.844694197,0.520610809,0.145819187,0,1,0,0,1,0,0.5,0
0.823782563,0.368612528,0.341098249,1,0,0,1,0,0,1.0,1
0.662828565,0.729793012,0.634894073,1,0,0,1,0,0,0.0,2
0.397714615,0.56129843,0.740473509,0,1,0,1,0,0,1.0,1
0.33886677,0.936231315,0.160339668,0,1,0,0,0,1,0.5,2
0.0581270307,0.276694655,0.664272428,1,0,0,0,1,0,1.0,2
0.841927171,0.344740063,0.179279506,0,1,0,0,0,1,1.0,0
0.133061066,0.350285918,0.221819341,0,1,0,0,1,0,0.0,2
0.649217248,0.815698504,0.531317234,0,1,0,0,1,0,1.0,1
0.528871179,0.144088313,0.289202303,0,0,1,0,0,1,0.5,2
0.550354898,0.482866675,0.661595464,1,0,0,1,0,0,0.5,2
0.930377185,0.456201702,0.955776632,0,1,0,1,0,0,1.0,1
0.0800342634,0.119482636,0.148892194,0,1,0,0,0,1,0.0,2
0.784722626,0.440257162,0.570510805,1,0,0,0,1,0,0.0,2
0.0994497761,0.537709057,0.923299193,0,0,1,0,0,1,0.5,2
0.0862459242,0.111849457,0.176528975,1,0,0,1,0,0,0.0,0
0.458326817,0.534369051,0.366850913,0,1,0,0,1,0,1.0,2
0.109921418,0.961275995,0.123616837,0,1,0,0,0,1,0.0,2
0.79968673,0.979968607,0.64203769,1,0,0,1,0,0,0.0,1
0.55308491,0.555095792,0.669142902,0,0,1,0,1,0,0.5,0
0.0775868446,0.539342105,0.664182305,1,0,0,0,0,1,1.0,1
0.088475652,0.321232766,0.542127073,1,0,0,0,0,1,0.5,2
0.632035077,0.997259676,0.746260881,1,0,0,1,0,0,0.0,1
0.81580621,0.310517699,0.0358772948,0,0,1,0,0,1,0.5,2
0.465909541,0.48025623,0.957513511,1,0,0,0,0,1,0.0,1
0.576851666,0.0527873561,0.222096205,1,0,0,0,0,1,0.5,0
0.809837997,0.38177067,0.121561967,1,0,0,0,0,1,0.0,0
0.629980862,0.117868282,0.941136062,0,1,0,1,0,0,0.5,1
0.263522238,0.75663352,0.830436945,0,0,1,0,1,0,0.0,1
0.63239944,0.582963705,0.764870405,0,1,0,0,1,0,1.0,1
0.646865487,0.593563259,0.104745708,0,1,0,0,0,1,0.5,0
0.747401655,0.322185725,0.807529211,1,0,0,1,0,0,0.0,1
0.63983047,0.824151456,0.609023511,0,1,0,0,0,1,0.0,2
0.970780015,0.0531073809,0.731908619,1,0,0,0,0,1,1.0,1
0.237423897,0.366921127,0.978070259,1,0,0,0,0,1,0.0,2
0.953536153,0.676522613,0.194441184,1,0,0,0,0,1,0.5,2
0.561422527,0.912526429,0.504381955,0,1,0,0,1,0,1.0,1
0.688358307,0.272885174,0.753351927,0,0,1,0,0,1,0.5,1
0.144488513,0.564045072,0.433656365,1,0,0,0,0,1,0.5,1
0.411547154,0.56109184,0.054653082,0,0,1,0,0,1,0.0,0
0.780910194,0.880465627,0.1114389,0,0,1,0,1,0,0.0,1
0.721565485,0.0979910418,0.602091968,0,1,0,1,0,0,0.5,1
0.0881324187,0.453251779,0.285004139,1,0,0,1,0,0,0.0,2
0.569264531,0.223342389,0.137840644,0,1,0,1,0,0,0.5,0
0.133864284,0.0704559684,0.339892,0,0,1,1,0,0,0.0,2
0.99606359,0.189679399,0.200980932,0,0,1,1,0,0,0.5,0
0.902431786,0.977647126,0.0239394661,0,0,1,0,0,1,0.0,1
0.0700266287,0.254106075,0.151813984,1,0,0,0,0,1,1.0,2
0.865717113,0.938279212,0.883077979,1,0,0,1,0,0,0.5,1
0.923458099,0.24499163,0.0120372828,0,1,0,0,1,0,0.0,2
0.385870814,0.93473047,0.773850322,0,0,1,0,0,1,1.0,2
0.733526587,0.671889901,0.753461123,1,0,0,1,0,0,0.5,1
0.469998568,0.157557651,0.564237714,0,0,1,0,1,0,1.0,2
0.672470868,0.602819383,0.208447769,1,0,0,1,0,0,1.0,1
0.373301536,0.352588326,0.878059208,0,1,0,0,1,0,1.0,2
0.356431276,0.413995504,0.475075573,0,0,1,1,0,0,1.0,1
0.453212202,0.468162417,0.173206225,1,0,0,0,0,1,0.5,0
0.188289374,0.451571673,0.42902258,0,1,0,1,0,0,0.5,2
0.839582026,0.680903435,0.194917232,0,1,0,1,0,0,0.5,0
0.381262988,0.779949665,0.376007855,1,0,0,1,0,0,0.0,1
0.430142075,0.362718791,0.49668777,0,1,0,1,0,0,1.0,0
0.899351895,0.928145766,0.359900892,1,0,0,1,0,0,0.0,1
0.52179265,0.941542983,0.657044291,0,0,1,0,1,0,1.0,0
0.567041218,0.0886559188,0.935917795,0,1,0,0,0,1,0.0,1
0.958673239,0.0641633496,0.348149359,0,0,1,0,0,1,0.0,2
0.892390072,0.453813016,0.355739504,1,0,0,0,0,1,0.5,0
0.210993379,0.611113012,0.738302469,0,0,1,0,1,0,1.0,2
0.499554276,0.314009517,0.530590951,0,1,0,1,0,0,0.5,0
0.972731411,0.296443075,0.428839445,0,1,0,0,0,1,0.0,1
0.403747976,0.694417119,0.813808203,0,1,0,0,1,0,0.0,1
0.402994454,0.621619046,0.891036093,0,1,0,1,0,0,0.5,1
0.235278726,0.208789527,0.590586603,1,0,0,0,0,1,0.5,2
0.158606961,0.890275896,0.185103267,0,0,1,0,1,0,0.5,1
0.75328958,0.695977271,0.466285884,1,0,0,0,1,0,0.5,2
0.78152895,0.394447446,0.504370689,0,1,0,0,0,1,0.5,2
0.970562339,0.69944346,0.432207346,0,0,1,1,0,0,1.0,0
0.784747303,0.157020435,0.26243189,0,1,0,0,1,0,1.0,2
0.281184882,0.494843304,0.472321808,0,0,1,0,1,0,0.5,1
0.0881107524,0.210535184,0.446546137,0,0,1,1,0,0,1.0,2
0.986165524,0.0893596858,0.209493518,0,1,0,0,1,0,1.0,2
0.373428166,0.371409953,0.903430641,1,0,0,1,0,0,0.0,1
0.346372962,0.193198711,0.885340929,0,1,0,0,0,1,1.0,1
0.910657465,0.651842058,0.759616435,0,0,1,1,0,0,1.0,0
0.605844915,0.69036448,0.400946587,1,0,0,0,1,0,0.0,0
0.254127622,0.191257685,0.370341897,1,0,0,1,0,0,0.5,0
0.894641459,0.0733823553,0.716465354,1,0,0,1,0,0,1.0,1
0.993692815,0.803170025,0.608119249,1,0,0,1,0,0,0.0,2
0.132344633,0.0519541688,0.600598335,0,0,1,1,0,0,0.5,2
0.869139075,0.376717448,0.124111526,0,0,1,0,1,0,1.0,2
0.420989901,0.519854128,0.618283808,0,1,0,0,0,1,1.0,0
0.547868848,0.827710092,0.901863039,0,0,1,0,0,1,1.0,1
0.919075191,0.846630692,0.0858164728,0,1,0,1,0,0,0.0,1
0.974710226,0.738692462,0.33917129,0,0,1,0,0,1,0.5,0
0.299055725,0.284837753,0.509014308,0,1,0,0,1,0,0.5,1
0.252208233,0.734177589,0.686009467,1,0,0,0,1,0,1.0,2
0.126490727,0.284212232,0.0896349326,1,0,0,0,0,1,0.0,0
0.583707988,0.253877789,0.872806191,0,0,1,0,0,1,0.5,1
0.0629241765,0.569771528,0.04054562,1,0,0,0,1,0,0.5,2
0.441303372,0.694911718,0.857689679,0,1,0,1,0,0,0.5,2
0.119714819,0.100399181,0.0276517551,0,1,0,1,0,0,0.0,1
0.434964508,0.107021473,0.153523311,1,0,0,0,1,0,1.0,1
0.0879355818,0.794962168,0.800323844,1,0,0,0,0,1,0.5,2
0.843456388,0.866522372,0.860164464,1,0,0,0,0,1,0.0,0
0.249252051,0.624218881,0.98226583,0,0,1,0,0,1,1.0,2
0.361893266,0.457386613,0.115714826,0,1,0,0,0,1,1.0,1
0.876545608,0.853050649,0.526451111,0,0,1,0,0,1,0.0,2
0.758952737,0.742376208,0.0771558285,0,0,1,0,0,1,1.0,0
0.258086443,0.600614488,0.156407624,0,1,0,0,0,1,1.0,2
0.118304446,0.353769273,0.174493864,0,1,0,0,0,1,0.0,2
0.729890108,0.238095313,0.0633882508,0,1,0,1,0,0,1.0,1
0.421167433,0.447739393,0.892979801,0,0,1,1,0,0,0.0,2
0.777776003,0.322481453,0.126355514,0,1,0,0,0,1,0.5,2
0.473030031,0.372295648,0.629340827,1,0,0,0,0,1,0.0,0
0.378702283,0.53984952,0.625747085,0,1,0,1,0,0,0.5,1
0.478645146,0.210639253,0.198645204,0,0,1,0,1,0,0.5,1
0.761131048,0.815867841,0.998411238,1,0,0,1,0,0,0.5,1
0.907109261,0.188252985,0.347367764,1,0,0,0,0,1,0.0,1
0.0972788334,0.506943941,0.905094385,0,0,1,1,0,0,0.0,0
0.547905982,0.758672774,0.948284745,0,0,1,0,0,1,0.0,1
0.0811936557,0.510769665,0.948988795,0,1,0,1,0,0,0.5,2
0.494989067,0.392970949,0.752837598,1,0,0,1,0,0,1.0,1
0.891018689,0.501146734,0.253805012,0,1,0,1,0,0,1.0,1
0.393510759,0.856237173,0.12065535,1,0,0,0,0,1,0.0,0
0.935827911,0.990910113,0.569884956,0,0,1,0,1,0,1.0,0
0.649078071,0.649586141,0.360039145,1,0,0,0,0,1,0.5,0
0.937447548,0.803771853,0.831039011,1,0,0,0,1,0,0.5,1
0.769308269,0.0637642518,0.744990051,1,0,0,0,1,0,1.0,0
0.14826341,0.886346161,0.276468307,0,1,0,0,1,0,1.0,2
0.269593805,0.956347287,0.0170152336,1,0,0,0,1,0,0.5,0
0.424461931,0.596410871,0.237315759,0,1,0,0,1,0,0.0,1
0.21160154,0.766114593,0.567115605,1,0,0,0,1,0,0.0,2
0.520166039,0.537107527,0.0789974704,0,1,0,0,0,1,1.0,0
0.497799754,0.321893543,0.658272624,0,1,0,0,0,1,1.0,0
0.958446264,0.859635592,0.671696305,1,0,0,1,0,0,0.0,1
0.462041497,0.616994858,0.169393927,0,0,1,0,1,0,1.0,2
0.796345472,0.600413918,0.596318245,0,0,1,0,0,1,1.0,2
0.94481504,0.676175594,0.606971443,1,0,0,0,0,1,1.0,2
0.883139372,0.863202989,0.47797814,1,0,0,0,0,1,0.5,2
0.248234242,0.745310843,0.953245819,0,0,1,0,0,1,0.0,2
0.521228373,0.250567973,0.108163178,0,1,0,1,0,0,1.0,1
0.380352795,0.493482381,0.406625658,0,0,1,0,0,1,1.0,1
0.429865748,0.981283426,0.882920802,0,0,1,1,0,0,1.0,1
0.392766476,0.576832652,0.386314005,0,0,1,0,1,0,1.0,2
0.835041225,0.941333115,0.424639612,0,1,0,1,0,0,1.0,0
0.479532093,0.822701037,0.668273866,0,0,1,0,0,1,1.0,2
0.547509611,0.68272227,0.665563524,1,0,0,0,1,0,0.5,2
0.983325005,0.381896943,0.0229019579,1,0,0,1,0,0,0.5,1
0.106980309,0.339103371,0.455697417,0,1,0,1,0,0,0.5,1
0.513559759,0.661249995,0.333511859,1,0,0,1,0,0,0.5,1
0.785358608,0.460933179,0.627695262,0,1,0,0,0,1,1.0,1
0.193603858,0.808815956,0.555702329,0,0,1,0,1,0,1.0,2
0.63095504,0.772433877,0.650861621,0,0,1,1,0,0,1.0,0
0.27749154,0.34652397,0.653767407,1,0,0,0,0,1,0.5,0
0.874033928,0.717592359,0.254871875,1,0,0,0,1,0,0.5,0
0.360744685,0.519822657,0.246464759,0,0,1,1,0,0,0.5,1
0.362609684,0.357127488,0.370282382,0,0,1,0,1,0,0.0,2
0.618284166,0.442318261,0.241958454,1,0,0,0,0,1,1.0,1
0.22438477,0.90058428,0.682808101,0,1,0,0,1,0,0.5,2
0.3206442,0.391541809,0.602865994,0,1,0,0,1,0,0.5,2
0.445800245,0.32302931,0.216387004,0,1,0,0,1,0,1.0,0
0.38595596,0.384216845,0.884104788,1,0,0,1,0,0,0.0,1
0.548633337,0.253887504,0.460662603,0,1,0,1,0,0,0.5,2
0.619658113,0.567403257,0.127053216,0,1,0,1,0,0,0.0,1
0.588334084,0.190064609,0.212965593,0,0,1,1,0,0,0.5,0
0.671459913,0.826571584,0.539850593,0,0,1,1,0,0,0.5,0
0.342362046,0.26430124,0.338424027,0,0,1,1,0,0,1.0,2
0.170104921,0.618152261,0.851221919,0,0,1,1,0,0,0.0,2
0.772767186,0.168774217,0.49473542,0,0,1,0,0,1,0.5,0
0.858241379,0.979530513,0.915294826,1,0,0,0,0,1,1.0,2
0.294155926,0.48184669,0.101826482,0,1,0,0,1,0,0.5,0
0.436737359,0.831062794,0.668593109,0,1,0,0,1,0,1.0,0
0.523640752,0.780215442,0.885784864,1,0,0,0,0,1,0.5,1
0.556660473,0.728008389,0.292930484,0,1,0,0,0,1,1.0,0
0.676515639,0.835996628,0.13568759,0,1,0,0,1,0,0.5,0
0.0895230696,0.145440429,0.456644744,0,1,0,0,0,1,1.0,2
0.73540324,0.69457233,0.961334229,0,0,1,0,0,1,1.0,1
0.108872458,0.302535862,0.633461952,0,0,1,0,0,1,0.0,2
0.49487415,0.796578109,0.643976986,1,0,0,0,1,0,1.0,1
0.836287558,0.959025323,0.671501279,0,0,1,0,1,0,0.0,1
0.478654534,0.906415045,0.0397613756,0,1,0,1,0,0,1.0,2
0.191635266,0.159204617,0.445649803,1,0,0,0,1,0,1.0,2
0.985782146,0.401074797,0.0775720105,0,1,0,1,0,0,1.0,0
0.894821167,0.396106631,0.315858841,0,1,0,0,0,1,1.0,2
0.782747924,0.16618146,0.821599007,1,0,0,1,0,0,0.0,1
0.440936029,0.143219754,0.656269968,0,1,0,0,0,1,1.0,0
0.224653438,0.415645629,0.995572686,1,0,0,1,0,0,1.0,2
0.944340646,0.992467999,0.172154427,1,0,0,0,0,1,1.0,1
0.555733562,0.590495527,0.397054225,0,1,0,0,1,0,1.0,1
0.859737694,0.640692532,0.809640229,0,1,0,1,0,0,1.0,2
0.374990255,0.497467965,0.215691596,0,1,0,1,0,0,1.0,1
0.368523896,0.679214001,0.153721839,0,1,0,0,0,1,0.5,1
0.986263454,0.958828986,0.427612543,1,0,0,0,0,1,0.0,0
0.545741379,0.609263062,0.383726478,0,0,1,0,1,0,0.0,2
0.183660656,0.111786537,0.980205953,0,1,0,1,0,0,1.0,2
0.258690953,0.518246055,0.456251532,1,0,0,0,1,0,0.5,0
0.507847071,0.993113697,0.860946357,0,0,1,0,1,0,0.5,1
0.0903473645,0.418032587,0.8879655,1,0,0,0,1,0,0.0,2
0.489407301,0.614187181,0.157871708,0,0,1,0,0,1,0.5,0
0.447993785,0.15130493,0.715304792,0,0,1,0,1,0,0.5,1
0.790369451,0.184121475,0.277607143,0,0,1,0,1,0,0.0,0
0.387194872,0.880947351,0.0947389677,0,1,0,0,0,1,0.0,2
0.983421326,0.335327387,0.874704897,0,0,1,0,0,1,0.0,1
0.221731424,0.340178698,0.292433053,0,0,1,0,1,0,1.0,0
0.61143738,0.417852342,0.345365673,1,0,0,1,0,0,0.0,1
0.135214329,0.968154728,0.323989034,0,1,0,1,0,0,0.0,1
0.747170806,0.130170971,0.200295419,1,0,0,0,0,1,0.5,0
0.995015979,0.827825904,0.434503376,0,1,0,0,1,0,0.5,0
0.828181684,0.374479979,0.428292811,0,1,0,1,0,0,0.0,2
0.577918351,0.856994629,0.408751637,0,1,0,1,0,0,0.0,1
0.510504305,0.99216789,0.916297734,0,0,1,0,1,0,0.5,1
0.843278468,0.38123405,0.339751631,0,1,0,1,0,0,0.0,2
0.939175367,0.172888547,0.0303789079,0,1,0,1,0,0,1.0,2
0.989746213,0.187156722,0.178437009,0,1,0,0,0,1,0.0,2
0.426712275,0.770803869,0.721497059,0,1,0,1,0,0,0.5,0
0.991371572,0.187675476,0.590858579,1,0,0,1,0,0,1.0,1
0.198129937,0.297400504,0.951734781,0,0,1,0,0,1,0.0,0
0.290872276,0.244178429,0.69443512,0,1,0,1,0,0,0.5,0
0.134565324,0.38789463,0.194241673,0,0,1,0,0,1,0.5,2
0.308151603,0.12064825,0.120644219,0,0,1,0,1,0,0.5,0
0.779540658,0.86390537,0.520759761,0,1,0,1,0,0,0.5,1
0.86027813,0.867138982,0.665262759,0,1,0,1,0,0,1.0,2
0.789947987,0.442286253,0.165636733,0,0,1,0,0,1,0.0,0
0.64951247,0.631483197,0.601693034,0,0,1,1,0,0,0.0,2
0.538268209,0.659853995,0.865028679,1,0,0,1,0,0,0.0,1
0.723269045,0.761795223,0.727568924,0,0,1,0,0,1,0.0,1
0.421291858,0.544655561,0.664191067,0,1,0,1,0,0,0.5,1
0.849242926,0.534819245,0.789331079,0,0,1,0,0,1,1.0,1
0.693330586,0.64973861,0.104082711,0,1,0,1,0,0,0.5,0
0.712914467,0.717895985,0.203831449,1,0,0,0,1,0,1.0,0
0.559139192,0.379355848,0.0380994976,0,1,0,0,0,1,0.0,1
0.890967548,0.363851964,0.144977942,0,1,0,0,1,0,0.5,0
0.289413989,0.306232482,0.913182318,0,0,1,0,1,0,0.5,1
0.412090272,0.571404219,0.222144932,0,0,1,0,0,1,0.0,1
0.788760424,0.392147899,0.662097216,0,1,0,0,1,0,1.0,2
0.518111467,0.563297629,0.691567242,1,0,0,1,0,0,1.0,1
0.894753337,0.435685515,0.645325482,0,1,0,0,0,1,1.0,0
0.379079342,0.844897449,0.553921044,0,1,0,1,0,0,0.5,0
0.400863647,0.119473726,0.486130357,0,1,0,0,1,0,0.5,1
0.894298971,0.593600035,0.419920832,0,1,0,0,0,1,0.5,1
0.49115181,0.596842587,0.916898668,1,0,0,0,1,0,1.0,1
0.54031837,0.41453144,0.00951436069,0,1,0,1,0,0,0.5,0
0.366125524,0.449969858,0.0534896255,0,1,0,0,0,1,1.0,0
0.312836438,0.810124815,0.492512465,0,1,0,0,1,0,0.0,0
0.673151255,0.316640019,0.33051008,0,0,1,0,0,1,0.5,2
0.163848624,0.877833605,0.408230215,0,0,1,0,1,0,0.5,2
0.885308981,0.901526153,0.997848511,1,0,0,1,0,0,0.0,1
0.79024297,0.668088317,0.775134683,1,0,0,0,0,1,0.0,1
0.231210858,0.784214854,0.877407968,0,1,0,0,1,0,1.0,2
0.709318936,0.632300138,0.36857456,1,0,0,0,1,0,0.0,1
0.622501254,0.54899615,0.23956044,0,1,0,1,0,0,0.5,1
0.225308299,0.968343854,0.76799047,1,0,0,0,0,1,0.0,0
0.309543341,0.318522215,0.80757612,0,0,1,0,1,0,0.0,1
0.43853718,0.196443394,0.549898446,0,1,0,1,0,0,0.5,0
0.714280605,0.323111087,0.895941496,0,1,0,0,0,1,1.0,0
0.656787217,0.633894324,0.96732527,0,0,1,0,1,0,0.5,1
0.555623114,0.225924268,0.471020669,1,0,0,0,1,0,0.5,1
0.779990017,0.913373351,0.222666666,0,1,0,0,0,1,0.0,1
0.77004087,0.440473169,0.51711309,0,0,1,0,0,1,0.0,1
0.636966169,0.857464731,0.989533246,1,0,0,0,1,0,0.5,0
0.797640562,0.286774725,0.292926848,1,0,0,1,0,0,0.0,2
0.367550194,0.34750995,0.617599308,1,0,0,1,0,0,1.0,1
0.887187064,0.106262229,0.693983674,0,1,0,1,0,0,0.0,0
0.634164572,0.294879317,0.213928789,0,0,1,0,0,1,1.0,2
0.831245363,0.515798151,0.588459134,0,1,0,0,1,0,0.5,0
0.568965137,0.948830068,0.314507008,1,0,0,1,0,0,0.0,1
0.257516325,0.419457823,0.854209602,0,1,0,0,0,1,0.0,2
0.565289617,0.657756686,0.714753568,1,0,0,0,1,0,1.0,2
0.402556092,0.456324607,0.826266408,1,0,0,0,1,0,1.0,2
0.712624073,0.0944522619,0.1996824,0,0,1,0,0,1,0.5,0
0.502004087,0.528356016,0.0345747061,0,1,0,0,0,1,0.5,0
0.844307184,0.112617962,0.850525677,0,0,1,1,0,0,0.5,1
0.694168866,0.889514923,0.386754215,0,1,0,0,1,0,0.5,1
0.700317204,0.765385091,0.179722413,0,1,0,0,1,0,1.0,1
0.256297559,0.409718901,0.0918953642,0,1,0,0,1,0,0.0,1
0.985037267,0.658207715,0.516500831,1,0,0,0,1,0,0.0,2
0.849591434,0.156426743,0.150127947,0,0,1,1,0,0,0.5,0
0.799554646,0.717427254,0.566691995,0,0,1,0,1,0,0.0,1
0.363704473,0.831595778,0.727306545,0,0,1,0,0,1,0.5,1
0.55885005,0.830658376,0.5350582,1,0,0,1,0,0,0.0,1
0.180248022,0.32006368,0.903699756,0,1,0,0,1,0,0.0,2
0.561552167,0.300558895,0.155569628,0,1,0,1,0,0,0.0,1
0.188594788,0.545327783,0.493953466,1,0,0,1,0,0,0.0,2
0.575385928,0.969383538,0.163190454,0,1,0,1,0,0,1.0,2
0.666285813,0.92449683,0.875901937,0,1,0,0,0,1,0.0,0
0.420686156,0.391656548,0.932239294,0,0,1,1,0,0,1.0,2
0.523617625,0.790838003,0.399995893,1,0,0,0,1,0,1.0,2
0.881870747,0.925251901,0.305748254,0,1,0,0,1,0,1.0,2
0.153134987,0.297880143,0.279316097,1,0,0,0,1,0,0.0,2
0.802146256,0.83878088,0.859727323,1,0,0,1,0,0,0.5,1
0.212216824,0.304500848,0.68244195,0,1,0,0,1,0,0.5,2
0.0848725811,0.376118034,0.880593061,0,1,0,1,0,0,1.0,2
0.226295874,0.238879651,0.117516831,1,0,0,1,0,0,1.0,2
0.776791036,0.531725824,0.476027936,1,0,0,1,0,0,0.0,1
0.434869766,0.851145327,0.676179111,0,1,0,0,1,0,0.5,0
0.878894508,0.551649511,0.897090733,0,0,1,1,0,0,1.0,0
0.548472166,0.167268008,0.382019222,0,1,0,0,0,1,0.5,0
0.0711378306,0.289187133,0.313090086,1,0,0,0,0,1,0.5,2
0.730877936,0.584718764,0.912965715,1,0,0,1,0,0,0.0,1
0.15472126,0.604028106,0.04753327,0,1,0,0,1,0,1.0,2
0.799910665,0.598060608,0.479595482,0,1,0,1,0,0,0.0,0
0.209697425,0.123153321,0.458626568,1,0,0,1,0,0,0.5,2
0.378174067,0.766011119,0.146056414,1,0,0,0,0,1,0.5,0
0.773207843,0.913956761,0.394950122,1,0,0,0,1,0,1.0,1
0.956519783,0.534992993,0.722599745,0,0,1,0,1,0,1.0,0
0.402862251,0.732887805,0.366868436,0,0,1,1,0,0,0.0,2
0.837930202,0.918314695,0.309660494,1,0,0,0,1,0,0.0,0
0.231252655,0.660491645,0.781895518,1,0,0,1,0,0,0.0,2
0.8168208,0.690609455,0.98871541,0,1,0,1,0,0,1.0,1
0.674619377,0.735334218,0.779352367,1,0,0,0,0,1,1.0,2
0.23310633,0.297477335,0.846343279,0,0,1,0,1,0,1.0,2
0.33737877,0.603543997,0.939500749,1,0,0,0,1,0,0.5,0
0.175182343,0.850066364,0.801772475,0,0,1,0,0,1,0.0,2
0.413818657,0.331354588,0.980354309,0,1,0,0,1,0,0.0,1
0.243466213,0.902311981,0.747284234,0,0,1,1,0,0,1.0,0
0.66179806,0.639362872,0.661522567,0,1,0,0,1,0,1.0,2
0.994779825,0.452016115,0.693348527,0,0,1,0,1,0,0.0,2
0.061408706,0.642023802,0.900081813,0,0,1,0,1,0,0.5,2
0.563873827,0.431766897,0.683008134,0,0,1,1,0,0,0.0,1
0.59498328,0.846133828,0.761205196,0,0,1,0,1,0,1.0,0
0.918498337,0.508202672,0.21600993,0,0,1,1,0,0,0.0,1
0.530705094,0.906152666,0.912649632,0,1,0,0,0,1,0.0,1
0.56651634,0.534317672,0.447213233,1,0,0,1,0,0,0.0,2
0.498070151,0.677349985,0.161067337,0,1,0,0,0,1,0.5,0
0.305459082,0.997857213,0.799787164,1,0,0,0,0,1,1.0,2
0.103227675,0.189617544,0.356393009,0,1,0,1,0,0,0.0,2
0.438224792,0.749892712,0.18411915,0,0,1,1,0,0,0.5,0
0.0999618992,0.18192862,0.256251156,1,0,0,0,0,1,0.0,2
0.572967827,0.846923053,0.0349489786,1,0,0,0,0,1,0.5,0
0.341928959,0.616630733,0.0906229839,0,1,0,0,1,0,1.0,1
0.556922257,0.941251576,0.592624724,1,0,0,1,0,0,1.0,1
0.177582115,0.872658789,0.866217852,0,0,1,0,0,1,0.5,2
0.93599844,0.121128432,0.448530406,1,0,0,1,0,0,0.5,0
0.899795175,0.180437416,0.626058161,0,1,0,1,0,0,0.0,0
0.23049669,0.621112406,0.809733093,1,0,0,0,0,1,0.5,2
0.376272082,0.54239893,0.356768906,0,1,0,0,0,1,1.0,2
0.632818162,0.210136876,0.654314041,0,0,1,1,0,0,1.0,2
0.140901893,0.172891274,0.350432426,0,1,0,0,1,0,1.0,0
0.38683942,0.58579123,0.642715335,0,1,0,0,0,1,1.0,1
0.288556665,0.0964754671,0.217607722,1,0,0,1,0,0,1.0,0
0.919740915,0.880048513,0.977839649,0,1,0,0,1,0,1.0,2
0.859885097,0.816728771,0.0761777684,0,1,0,1,0,0,1.0,1
0.600841105,0.796101451,0.505232871,0,1,0,1,0,0,0.0,1
0.544329047,0.065197289,0.286296427,0,1,0,0,0,1,1.0,0
0.934189498,0.095258899,0.600837827,0,1,0,0,1,0,0.5,0
0.935806394,0.572347164,0.428306967,0,1,0,1,0,0,0.5,1
0.97086364,0.994704425,0.306665599,1,0,0,0,1,0,0.0,2
0.169109941,0.375200391,0.25003764,1,0,0,0,1,0,1.0,2
0.202529922,0.377156079,0.182498619,0,1,0,0,0,1,1.0,1
0.692899883,0.17756407,0.782879293,0,1,0,1,0,0,1.0,1
0.564362764,0.690618992,0.222199932,0,1,0,1,0,0,1.0,0
0.0675426126,0.66434288,0.773526192,0,0,1,0,0,1,1.0,0
0.10887628,0.146256298,0.485038608,0,1,0,0,0,1,1.0,2
0.893676341,0.494041681,0.0722280219,1,0,0,1,0,0,0.0,1
0.875427246,0.683721185,0.165442675,1,0,0,0,0,1,0.0,0
0.389407367,0.518840313,0.892904639,0,1,0,1,0,0,0.5,1
0.896498084,0.690645397,0.602815807,1,0,0,0,1,0,0.5,1
0.61399132,0.825456858,0.184333175,1,0,0,0,1,0,0.5,0
0.815610349,0.701524675,0.703764915,0,0,1,0,0,1,1.0,1
0.456059515,0.635308504,0.823261738,0,1,0,0,1,0,0.0,1
0.157728404,0.860910773,0.330653161,1,0,0,1,0,0,0.0,2
0.462040722,0.905559123,0.556595206,1,0,0,0,1,0,1.0,1
0.484434813,0.419442117,0.293449968,0,1,0,0,1,0,1.0,2
0.573396981,0.21458739,0.0800617188,1,0,0,0,1,0,0.0,1
0.150303572,0.826967359,0.399509072,0,0,1,1,0,0,0.5,1
0.991831779,0.253065437,0.751432002,0,1,0,0,0,1,0.5,1
0.28192997,0.932503164,0.458680272,1,0,0,1,0,0,0.5,1
0.238624781,0.0717340484,0.405268997,0,1,0,0,0,1,0.5,2
0.550462782,0.925207615,0.366007179,1,0,0,0,1,0,0.5,1
0.560347795,0.609723866,0.458916813,0,0,1,0,1,0,0.5,2
0.467829704,0.78600502,0.31822896,1,0,0,0,1,0,0.0,2
0.783297539,0.428567946,0.612184167,0,0,1,1,0,0,1.0,0
0.540821671,0.992130458,0.0635659769,0,1,0,0,1,0,0.0,2
0.629210711,0.266173869,0.807388186,0,0,1,1,0,0,0.0,0
0.73755908,0.30112648,0.173166946,0,1,0,1,0,0,1.0,0
0.073773846,0.0988608226,0.633444726,1,0,0,0,0,1,0.5,2
0.592111945,0.943449676,0.449882537,1,0,0,0,0,1,0.5,2
0.889984727,0.483227849,0.773493528,1,0,0,0,0,1,1.0,1
0.0665193051,0.691109776,0.826139987,1,0,0,0,0,1,0.0,2
0.434922993,0.703068674,0.204200372,0,1,0,1,0,0,1.0,0
0.929916084,0.880777001,0.677179158,0,1,0,1,0,0,0.0,0
0.385496676,0.68167901,0.189907506,1,0,0,0,0,1,1.0,0
0.485792369,0.583920121,0.123998262,0,1,0,0,0,1,1.0,2
0.982464314,0.724802613,0.930296123,0,1,0,0,0,1,0.0,1
0.239357665,0.763422251,0.164389074,0,1,0,0,0,1,0.5,2
0.111992426,0.226631552,0.228131935,1,0,0,0,0,1,0.0,2
0.866451442,0.154183686,0.130324006,0,0,1,0,0,1,0.0,0
0.875042081,0.121106409,0.470291883,0,0,1,0,0,1,0.5,2
0.498473942,0.405350834,0.919607341,0,1,0,0,1,0,0.5,2
0.538496792,0.523100257,0.264055729,0,0,1,0,0,1,0.5,2
0.844016075,0.63486743,0.541852117,0,0,1,0,0,1,0.0,2
0.751631498,0.960132778,0.411458731,0,1,0,1,0,0,1.0,0
0.301891565,0.364248425,0.336009413,0,1,0,0,0,1,0.5,2
0.0660486892,0.772830367,0.572152674,0,1,0,0,0,1,1.0,2
0.505715132,0.554789722,0.558892906,1,0,0,0,0,1,0.0,1
0.865966737,0.259085447,0.359366596,0,0,1,1,0,0,0.5,2
0.901042938,0.634540141,0.850563288,0,0,1,1,0,0,0.0,1
0.958414912,0.968817353,0.0531721078,0,1,0,0,1,0,1.0,2
0.88558507,0.168092892,0.0852383971,1,0,0,1,0,0,0.0,2
0.601041377,0.531915784,0.990781248,0,1,0,1,0,0,0.5,1
0.472375333,0.0990279391,0.747682929,1,0,0,0,1,0,0.5,1
0.786107361,0.355155498,0.803928912,0,0,1,1,0,0,0.0,2
0.752830565,0.639572561,0.602701068,0,1,0,0,1,0,1.0,0
0.561236262,0.84900409,0.419860423,0,1,0,0,1,0,0.0,1
0.132961005,0.743812025,0.629226863,0,0,1,1,0,0,0.0,2
0.929777265,0.489713937,0.0925847068,1,0,0,1,0,0,0.5,1
0.482822418,0.913761616,0.757769167,1,0,0,0,1,0,0.5,2
0.395167083,0.337578923,0.540743053,0,0,1,0,1,0,0.5,2
0.648089051,0.766284227,0.956731915,1,0,0,0,1,0,0.0,1
0.690146089,0.500308573,0.637475252,0,0,1,0,1,0,0.0,0
0.250153512,0.903703988,0.151692539,0,0,1,1,0,0,1.0,1
0.845091879,0.807561159,0.477550119,0,0,1,0,0,1,0.0,2
0.325440228,0.906396151,0.0578222498,1,0,0,0,1,0,0.0,0
0.227349728,0.25353545,0.745429575,0,1,0,1,0,0,1.0,2
0.43607986,0.684742928,0.501831532,0,0,1,0,1,0,0.5,1
0.744032085,0.751540244,0.369653374,1,0,0,0,0,1,0.5,1
0.967185259,0.755293548,0.968549371,0,0,1,1,0,0,1.0,1
0.818817198,0.528800428,0.940598547,1,0,0,1,0,0,1.0,1
0.943330944,0.0606879964,0.952831984,0,0,1,0,0,1,1.0,1
0.183575511,0.298359245,0.220970243,1,0,0,0,0,1,0.0,2
0.117617957,0.357135832,0.728569567,0,0,1,1,0,0,0.5,2
0.5798195,0.859434783,0.945382118,0,0,1,0,0,1,1.0,1
0.325782597,0.848841548,0.57087028,0,0,1,1,0,0,0.0,0
0.836652219,0.1494461,0.214160338,1,0,0,0,0,1,0.5,1
0.688388467,0.95234406,0.817812443,0,1,0,0,1,0,0.0,1
0.972191751,0.22333461,0.879918218,0,0,1,0,1,0,1.0,1
0.292052746,0.443641484,0.703235388,1,0,0,1,0,0,1.0,1
0.511494935,0.254399121,0.293552876,1,0,0,1,0,0,1.0,1
0.526178479,0.867315829,0.1906939,1,0,0,1,0,0,1.0,1
0.277217954,0.761931956,0.624269783,0,1,0,0,1,0,1.0,2
0.610588729,0.385852367,0.482800514,0,1,0,0,1,0,1.0,0
0.471121699,0.697784722,0.668782711,0,1,0,1,0,0,0.0,0
0.47438547,0.225148544,0.111699663,0,0,1,0,0,1,0.5,2
0.394599825,0.413182229,0.135913551,0,0,1,1,0,0,0.5,0
0.0660828874,0.408252209,0.362889558,1,0,0,1,0,0,0.5,2
0.545990467,0.276039839,0.258760273,1,0,0,1,0,0,0.0,1
0.368485451,0.882496476,0.619338632,0,0,1,0,0,1,0.0,0
0.0512538739,0.694903433,0.367540538,1,0,0,0,1,0,1.0,2
0.342546523,0.315942347,0.683970809,1,0,0,0,0,1,0.5,2
0.314696908,0.280014724,0.768798411,0,1,0,0,1,0,0.0,1
0.423775733,0.0670557991,0.18716757,0,0,1,0,1,0,0.0,2
0.175259396,0.379253149,0.919823825,0,1,0,0,0,1,0.5,0
0.532299638,0.550432742,0.78715986,1,0,0,0,1,0,0.0,2
0.707818329,0.313825399,0.626780808,0,0,1,0,0,1,1.0,0
0.648676276,0.715435386,0.908928871,0,1,0,0,1,0,0.5,2
0.813567221,0.44116205,0.265868753,0,0,1,1,0,0,1.0,2
0.479407877,0.350501955,0.421713203,1,0,0,0,1,0,0.0,0
0.543137133,0.942104757,0.0857869834,1,0,0,0,0,1,0.0,2
0.819881856,0.299660832,0.456181824,1,0,0,0,1,0,0.0,1
0.456316113,0.428344727,0.506400704,0,0,1,1,0,0,0.5,0
0.716519356,0.413176239,0.616066933,0,0,1,0,0,1,0.0,2
0.462872237,0.279138416,0.0640392154,0,1,0,1,0,0,0.5,0
0.446849376,0.256602913,0.0324660204,0,0,1,1,0,0,0.0,2
0.772195339,0.337261021,0.419890165,0,1,0,1,0,0,1.0,1
0.216095075,0.87102437,0.189133316,0,1,0,0,0,1,1.0,2
0.371656686,0.778728724,0.758788347,0,1,0,0,1,0,0.5,1
0.262963653,0.696949542,0.668736279,0,0,1,1,0,0,0.0,0
0.391154438,0.484247833,0.325826973,0,0,1,0,0,1,0.5,0
0.268856078,0.532366276,0.0457832664,0,0,1,0,1,0,0.0,0
0.600435376,0.303781897,0.182443619,0,1,0,0,1,0,0.5,0
0.808262289,0.120600119,0.691679358,1,0,0,0,0,1,1.0,1
0.797282398,0.364488542,0.990164876,0,1,0,0,0,1,0.5,1
0.396275908,0.520804584,0.326460391,0,1,0,0,1,0,0.0,1
0.989322364,0.104447395,0.801996291,0,1,0,0,1,0,0.5,2
0.61416167,0.133821636,0.867096484,0,0,1,1,0,0,1.0,2
0.429430276,0.299873978,0.0481808707,0,1,0,0,1,0,0.0,0
0.843762338,0.398726344,0.916221619,0,1,0,1,0,0,1.0,1
0.743380308,0.42365098,0.466202706,0,1,0,1,0,0,0.0,1
0.761811554,0.16199176,0.96424222,1,0,0,0,1,0,0.0,2
0.236332387,0.264530301,0.538555801,0,0,1,0,0,1,1.0,2
0.494908094,0.298564881,0.235143512,0,1,0,0,1,0,0.0,2
0.868736744,0.114253134,0.974668324,0,1,0,1,0,0,0.5,1
0.528836131,0.359794706,0.243304908,1,0,0,0,1,0,0.0,2
0.699280083,0.118610494,0.882478237,0,0,1,0,1,0,0.5,1
0.608537018,0.718284965,0.173128501,0,1,0,0,0,1,0.0,2
0.850238919,0.416745365,0.674767554,0,0,1,1,0,0,1.0,0
0.320332795,0.360414773,0.411291599,0,1,0,1,0,0,0.5,1
0.596701503,0.170196056,0.972018182,0,1,0,1,0,0,0.0,1
0.167072937,0.265178472,0.184772626,0,0,1,1,0,0,1.0,2
0.705700219,0.271069944,0.408794671,1,0,0,0,0,1,0.0,0
0.745369434,0.985944033,0.639776349,0,1,0,0,0,1,0.5,1
0.0906954557,0.843581915,0.977620423,0,0,1,1,0,0,0.5,2
0.692001402,0.064499177,0.303863078,0,1,0,0,1,0,0.0,1
0.44395566,0.635994732,0.39687106,0,1,0,1,0,0,0.5,2
0.167892039,0.293114603,0.461791992,1,0,0,0,1,0,1.0,2
0.448912174,0.149158075,0.252700478,1,0,0,1,0,0,0.5,1
0.234521285,0.720319748,0.817354679,0,0,1,0,0,1,0.0,2
0.444781542,0.175025269,0.0919956043,0,1,0,0,0,1,0.5,0
0.415122062,0.471553743,0.704789937,0,1,0,1,0,0,0.5,1
0.751472056,0.650556922,0.53392899,0,0,1,0,1,0,0.5,2
0.785504758,0.576770008,0.241926953,0,1,0,0,1,0,0.0,2
0.626677215,0.978747666,0.492830485,0,1,0,0,1,0,0.0,1
0.0715525001,0.796455503,0.829949081,0,0,1,0,0,1,0.5,2
0.93447119,0.785483718,0.445441604,1,0,0,0,1,0,0.5,0
0.701921642,0.387815624,0.121897765,0,1,0,0,1,0,0.5,0
0.0824856758,0.0579757169,0.040801961,1,0,0,0,1,0,1.0,2
0.827891231,0.74769038,0.777796268,1,0,0,0,0,1,0.0,2
0.240252852,0.999745488,0.33043316,1,0,0,1,0,0,0.0,2
0.600260139,0.435585141,0.931244671,0,0,1,0,0,1,0.0,2
0.493302643,0.986242592,0.617147207,0,0,1,0,0,1,0.0,2
0.448846847,0.184622705,0.436283886,0,0,1,1,0,0,1.0,0
0.895228028,0.331686735,0.564464927,1,0,0,1,0,0,0.0,0
0.465493232,0.212190583,0.457132638,1,0,0,0,1,0,0.5,2
0.121576913,0.50141716,0.905811071,1,0,0,0,1,0,0.0,2
0.949306786,0.807132304,0.458021879,0,1,0,1,0,0,0.5,0
0.924508452,0.373628616,0.104064509,1,0,0,0,1,0,0.0,1
0.700211048,0.910917461,0.597088039,0,1,0,1,0,0,1.0,2
0.494497895,0.567588866,0.622981071,1,0,0,0,1,0,1.0,0
0.138216496,0.492153198,0.765330076,0,1,0,0,0,1,1.0,2
0.801210701,0.797684073,0.933284163,0,1,0,0,1,0,1.0,1
0.12170402,0.14637132,0.443081677,0,0,1,1,0,0,1.0,2
0.115170933,0.785064876,0.35207662,0,0,1,1,0,0,0.0,2
0.560514629,0.280804396,0.490771025,1,0,0,0,0,1,0.5,1
0.202121824,0.316771924,0.900198877,0,0,1,0,1,0,0.5,2
0.0573437549,0.619481087,0.979982376,0,1,0,1,0,0,0.0,2
0.451957762,0.906837702,0.971234977,0,0,1,0,1,0,0.5,1
0.180356368,0.599486589,0.229695514,0,0,1,1,0,0,0.5,2
0.202489644,0.66650188,0.496895373,0,1,0,0,1,0,0.5,0
0.123065107,0.787764847,0.259474039,1,0,0,0,0,1,0.0,2
0.244839072,0.296358526,0.367982775,1,0,0,0,1,0,0.0,2
0.729709983,0.835871994,0.0316841044,0,1,0,0,1,0,0.5,2
0.818480968,0.447062135,0.160601184,0,0,1,1,0,0,0.0,1
0.479906976,0.216872916,0.397075951,1,0,0,0,1,0,1.0,2
0.531226099,0.382612169,0.364704639,0,1,0,1,0,0,1.0,0
0.0810222849,0.283824563,0.278832555,1,0,0,1,0,0,0.5,0
0.115850449,0.267277926,0.230309576,0,1,0,0,1,0,1.0,0
0.294689327,0.318435043,0.748955727,0,0,1,1,0,0,1.0,1
0.566703498,0.22188428,0.294549704,1,0,0,0,0,1,0.0,2
0.752573609,0.684316695,0.706543624,0,1,0,0,1,0,1.0,0
0.624752879,0.600992143,0.368625104,1,0,0,0,0,1,0.5,0
0.422521472,0.666019797,0.801979244,0,0,1,0,1,0,1.0,1
0.162407875,0.376538485,0.167233348,1,0,0,1,0,0,1.0,2
0.791734576,0.781246722,0.157603875,0,1,0,0,0,1,1.0,1
0.395596743,0.173128307,0.679672241,0,0,1,0,0,1,0.0,1
0.749251306,0.592579901,0.914915264,0,1,0,1,0,0,0.0,0
0.537329912,0.311680317,0.1429867,0,0,1,0,1,0,0.0,2
0.751728952,0.551229417,0.0737046152,1,0,0,0,1,0,1.0,0
0.911925077,0.357455313,0.934637189,0,0,1,0,1,0,0.0,1
0.924978018,0.800986171,0.117326945,0,0,1,0,1,0,0.0,0
0.558351457,0.89670825,0.250366926,0,0,1,0,0,1,0.0,2
0.535932958,0.755452156,0.929494143,0,0,1,1,0,0,0.5,1
0.302394539,0.216804534,0.802917898,0,1,0,1,0,0,0.5,1
0.939009845,0.31112355,0.342757821,0,0,1,0,0,1,1.0,2
0.485023201,0.92339015,0.954527736,0,1,0,1,0,0,1.0,1
0.171211675,0.465359122,0.568048537,0,1,0,1,0,0,0.0,1
0.461069673,0.944121361,0.0722482651,1,0,0,1,0,0,0.5,2
0.170700595,0.422829092,0.703066885,1,0,0,0,0,1,1.0,2
0.527405083,0.954185903,0.537277341,0,0,1,0,0,1,1.0,2
0.58321172,0.929452062,0.572588027,0,0,1,1,0,0,0.0,2
0.370867968,0.677500546,0.994104266,1,0,0,0,0,1,0.5,1
0.118068084,0.0583856963,0.152514279,1,0,0,0,0,1,0.5,2
0.946328342,0.430317938,0.656795919,0,1,0,0,0,1,1.0,1
0.784685433,0.915673375,0.458741099,0,0,1,0,1,0,0.0,0
0.846937001,0.890854776,0.271893114,1,0,0,0,0,1,1.0,2
0.39852497,0.228018403,0.693544805,1,0,0,0,1,0,0.0,1
0.772789478,0.429223359,0.668212831,0,1,0,1,0,0,0.5,0
0.511104226,0.843734443,0.856495082,0,1,0,1,0,0,1.0,2
0.241029307,0.598983943,0.878869236,1,0,0,1,0,0,0.0,0
0.168202206,0.854934275,0.561819434,0,0,1,0,0,1,0.0,2
0.377798319,0.835238993,0.32557258,0,1,0,0,1,0,0.0,1
0.180674508,0.912107885,0.529580474,0,1,0,0,0,1,1.0,2
0.998355508,0.161359563,0.359255135,0,0,1,1,0,0,1.0,2
0.0967295393,0.187954381,0.277356088,1,0,0,0,1,0,1.0,1
0.469086409,0.128668576,0.551575363,1,0,0,0,0,1,0.5,2
0.47948885,0.938505411,0.657934189,0,0,1,0,0,1,0.0,1
0.335600346,0.501404285,0.590571284,0,0,1,1,0,0,0.0,0
0.592783988,0.111109018,0.954419494,0,1,0,0,0,1,0.0,1
0.19247818,0.355453402,0.298636109,1,0,0,0,0,1,0.0,2
0.794716775,0.383842021,0.372341692,1,0,0,1,0,0,0.5,1
0.365825325,0.819081843,0.667642832,1,0,0,0,1,0,0.0,0
0.611775458,0.748703063,0.600358605,0,0,1,0,0,1,0.5,1
0.729857266,0.704917669,0.00186338532,0,0,1,1,0,0,1.0,0
0.89459002,0.0707703754,0.312285483,1,0,0,0,0,1,1.0,1
0.843998075,0.915161014,0.253761858,0,0,1,0,1,0,0.0,0
0.627893567,0.254777491,0.839914858,0,0,1,0,1,0,1.0,1
0.418973535,0.64760834,0.866248727,0,0,1,1,0,0,0.0,1
0.528044462,0.108728088,0.283893138,1,0,0,1,0,0,0.5,1
0.780298054,0.127449781,0.102071151,1,0,0,0,0,1,1.0,0
0.883668244,0.05909843,0.205201954,1,0,0,1,0,0,1.0,2
0.14859283,0.587631285,0.176568404,0,1,0,1,0,0,0.5,0
0.415613443,0.647910714,0.237435356,1,0,0,1,0,0,0.5,1
0.787310779,0.0979391858,0.234644905,0,1,0,0,0,1,0.5,1
0.46006918,0.325960636,0.479838639,0,0,1,1,0,0,0.0,1
0.365616381,0.858881712,0.319641382,0,0,1,0,1,0,0.0,2
0.440756559,0.146242946,0.559821725,0,0,1,1,0,0,1.0,2
0.622702539,0.255719811,0.344134629,1,0,0,0,0,1,1.0,1
0.999814868,0.453171641,0.81467694,0,1,0,0,0,1,0.5,1
0.518342793,0.85016042,0.950792491,1,0,0,0,1,0,0.0,1
0.248069748,0.292106599,0.403918445,1,0,0,0,1,0,0.5,2
0.20470424,0.99728018,0.0494685359,0,0,1,0,0,1,0.5,2
0.0902322605,0.387498736,0.239578247,0,1,0,0,0,1,0.0,2
0.58087635,0.417126238,0.101858161,1,0,0,0,0,1,1.0,1
0.567343473,0.166000888,0.344763905,0,1,0,0,0,1,1.0,1
0.244972229,0.696188033,0.645114243,1,0,0,0,1,0,1.0,1
0.710562944,0.281291932,0.518907905,0,0,1,0,0,1,1.0,1
0.754051685,0.647424221,0.24287568,1,0,0,0,1,0,1.0,2
0.296143293,0.261999846,0.767259061,0,1,0,0,0,1,0.0,1
0.376894772,0.418478668,0.131480724,0,0,1,0,1,0,0.0,2
0.990948081,0.863838494,0.22819598,1,0,0,0,0,1,0.5,2
0.405551255,0.751960635,0.676047146,0,1,0,1,0,0,1.0,1
0.772761583,0.196861356,0.197234392,0,1,0,0,0,1,1.0,1
0.480089158,0.627322733,0.678762734,0,0,1,0,1,0,0.0,0
0.803677559,0.647208631,0.976941347,0,0,1,0,0,1,0.5,2
0.780572057,0.136040047,0.831353307,1,0,0,0,0,1,0.0,1
0.684368253,0.492515385,0.160010546,0,0,1,1,0,0,0.0,1
0.862039447,0.297634989,0.520498395,1,0,0,0,0,1,1.0,2
0.942257583,0.493773639,0.422321558,0,1,0,1,0,0,0.0,2
0.600984156,0.788217425,0.991669416,0,0,1,0,0,1,0.0,1
0.275595456,0.200346589,0.964400709,0,1,0,1,0,0,1.0,1
0.428697526,0.167138994,0.127112046,0,1,0,1,0,0,1.0,2
0.770390451,0.305850685,0.908730865,1,0,0,1,0,0,1.0,1
0.668339312,0.954661667,0.193418339,0,0,1,0,0,1,1.0,2
0.218908414,0.760433018,0.319451511,1,0,0,1,0,0,0.0,2
0.0986775607,0.0684830695,0.353407979,0,0,1,0,0,1,0.0,0
0.698813498,0.430954605,0.286822051,1,0,0,0,1,0,1.0,0
0.288525075,0.294528067,0.853243768,1,0,0,0,0,1,0.0,1
